"Count of business births, breakdown by region and country from Quarter 1 2017  [note 7][note 9]",,,,,,,,,,,,,,,,,,
This worksheet contains one table,,,,,,,,,,,,,,,,,,
Units: Counts (control rounded to base 5),,,,,,,,,,,,,,,,,,
Quarter,United Kingdom,Great Britain,England and Wales,England,North East,North West,Yorkshire and The Humber,East Midlands,West Midlands,East,London,South East,South West,Wales,Scotland,Northern Ireland,Unspecified,
Q1 2017,"97,340","90,165","84,940","82,010","2,385","10,855","5,785","5,795","6,815","9,100","22,300","12,805","6,170","2,930","5,225","1,635","5,540",
Q2 2017,"80,930","76,440","71,655","69,105","2,020","7,860","5,075","4,875","6,215","7,630","18,035","11,560","5,835","2,550","4,785","1,470","3,020",
Q3 2017,"86,380","80,560","75,650","72,820","2,185","9,115","5,120","5,525","6,675","7,600","19,145","11,725","5,730","2,830","4,910","1,525","4,295",
Q4 2017,"73,975","70,735","66,310","63,940","1,820","8,030","4,625","4,305","5,810","6,575","17,480","10,320","4,975","2,370","4,425","1,210","2,030",
Q1 2018,"88,295","82,840","78,000","75,085","2,240","9,030","5,355","5,475","6,585","8,270","20,140","12,075","5,915","2,915","4,840","1,440","4,015",
Q2 2018,"95,715","91,415","85,690","82,350","2,355","10,265","6,035","5,820","7,755","9,005","21,295","13,525","6,295","3,340","5,725","1,545","2,755",
Q3 2018,"79,410","75,405","70,805","68,250","1,975","8,155","5,155","4,920","6,345","7,325","17,945","11,255","5,175","2,555","4,600","1,320","2,685",
Q4 2018,"76,730","73,360","69,125","66,230","1,950","7,620","4,780","4,650","5,860","7,230","18,070","10,975","5,095","2,895","4,235","1,330","2,040",
Q1 2019,"97,110","91,595","86,185","82,985","2,460","9,560","5,895","6,260","8,045","8,820","22,145","13,555","6,245","3,200","5,410","1,545","3,970",
Q2 2019,"95,675","89,730","84,000","80,440","2,310","9,100","6,115","6,240","7,830","8,805","20,325","13,430","6,285","3,560","5,730","1,710","4,235",
Q3 2019,"84,970","81,770","76,785","73,830","2,225","8,900","5,420","5,560","6,375","8,005","19,650","11,905","5,790","2,955","4,985","1,355","1,845",
Q4 2019,"77,970","74,655","70,220","67,680","2,025","7,955","5,235","4,745","6,455","7,175","18,070","10,700","5,320","2,540","4,435","1,370","1,945",
Q1 2020,"89,910","85,820","81,105","78,015","2,445","9,105","6,100","6,075","6,815","8,100","20,700","12,320","6,355","3,090","4,715","1,445","2,645",
Q2 2020,"73,415","69,385","65,795","63,200","1,880","7,755","4,565","4,605","5,765","6,470","17,060","10,090","5,010","2,595","3,590","1,180","2,850",
Q3 2020,"76,585","73,555","69,700","66,990","2,220","8,375","5,320","5,105","6,325","7,070","16,380","10,760","5,435","2,710","3,855","1,370","1,660",
Q4 2020,"82,080","78,605","74,145","71,045","2,075","9,385","5,440","4,965","7,225","7,620","17,690","10,885","5,760","3,100","4,460","1,635","1,840",
Q1 2021,"101,845","97,890","92,820","89,225","2,585","11,375","6,765","5,935","9,510","9,195","23,905","13,105","6,850","3,595","5,070","1,760","2,195",
Q2 2021,"91,400","86,900","82,145","79,060","2,450","9,295","6,090","5,895","8,540","8,435","19,240","12,420","6,695","3,085","4,755","1,745","2,755",
Q3 2021,"81,165","78,305","73,825","70,735","2,325","8,640","5,880","5,375","8,040","7,180","16,870","10,585","5,840","3,090","4,480","1,590","1,270",
Q4 2021,"79,870","77,185","72,790","69,920","2,310","8,800","5,720","5,015","7,050","7,505","16,940","10,490","6,090","2,870","4,395","1,585","1,100",
Q1 2022,"101,410","98,010","92,635","88,935","2,720","11,180","8,100","6,970","8,670","9,485","21,875","12,770","7,165","3,700","5,375","1,595","1,805",
Q2 2022,"87,685","85,045","80,085","77,105","2,460","9,395","6,795","5,905","7,605","8,395","18,445","11,435","6,670","2,980","4,960","1,360","1,280",
Q3 2022,"68,460","66,740","62,695","60,350","1,915","7,410","5,355","4,410","5,925","6,385","14,985","8,870","5,095","2,345","4,045","1,035",685,
Q4 2022,"69,955","67,745","63,680","61,295","2,165","7,525","5,370","4,705","6,215","6,445","14,685","9,020","5,165","2,385","4,065","1,190","1,020",
Q1 2023,"80,860","77,830","73,285","70,500","2,290","8,465","5,755","5,085","6,665","7,750","17,835","10,805","5,850","2,785","4,545","1,405","1,625",
Q2 2023,"76,460","73,830","69,405","66,885","2,185","7,970","5,310","4,890","6,230","7,520","16,390","10,720","5,670","2,520","4,425","1,300","1,330",
Q3 2023,"78,325","75,255","70,545","67,990","2,205","8,160","5,400","5,240","6,720","7,550","16,660","10,440","5,615","2,555","4,710","1,295","1,775",
Q4 2023,"71,500","68,600","64,380","62,115","1,975","7,475","5,095","4,700","6,270","6,670","15,410","9,480","5,040","2,265","4,220","1,365","1,535",
Q1 2024,"87,400","84,005","78,965","76,215","2,430","9,265","6,160","5,235","7,580","8,170","19,525","11,620","6,230","2,750","5,040","1,585","1,810",
Q2 2024,"81,435","78,455","73,550","70,980","2,400","8,640","5,825","5,375","7,090","7,540","17,180","11,120","5,810","2,570","4,905","1,495","1,485",
Q3 2024,"76,410","73,410","68,985","66,470","2,070","8,240","5,370","4,905","6,460","7,070","17,080","10,080","5,195","2,515","4,425","1,730","1,270",
Q4 2024,"65,370","63,070","59,260","57,240","1,785","6,935","4,685","4,055","5,375","6,080","14,875","8,865","4,585","2,020","3,810","1,460",840,
Q1 2025,"85,490","82,940","78,135","75,375","2,615","9,415","5,990","5,575","6,915","7,870","19,685","11,540","5,770","2,760","4,805","1,645",905,
Q2 2025 ,"77,585","75,215","70,620","68,065","2,270","8,140","5,425","4,915","6,195","7,435","17,225","11,000","5,460","2,555","4,595","1,525",845,
Q3 2025,"72,105","69,915","65,585","63,255","2,125","7,850","5,165","4,475","6,055","6,795","15,875","9,795","5,115","2,335","4,330","1,385",805,
Q4 2025,"70,765","68,400","64,065","61,700","2,105","7,665","4,905","4,385","5,645","6,740","15,520","9,760","4,970","2,365","4,335","1,450",915,
Q1 2026,"78,655","76,105","71,410","68,905","2,365","8,200","5,470","4,830","6,300","7,505","17,845","10,805","5,580","2,505","4,695","1,565",985,
Q2 2026,"79,325","76,325","71,130","68,595","2,310","8,370","5,535","4,935","6,155","7,675","16,900","11,055","5,660","2,535","5,190","1,540","1,460",
,,,,,,,,,,,,,,,,,,
,,,,,,,,,,,,,,,,,,
,,,,,,,,,,,,,,,,,,
,,,,,,,,,,,,,,,,,,
,,,,,,,,,,,,,,,,,,
,,,,,,,,,,,,,,,,,,
,,,,,,,,,,,,,,,,,,
,,,,,,,,,,,,,,,,,,
,,,,,,,,,,,,,,,,,,
,,,,,,,,,,,,,,,,,,
,,,,,,,,,,,,,,,,,,
,,,,,,,,,,,,,,,,,,
,,,,,,,,,,,,,,,,,,
