"Count of business deaths, breakdown by region and country from Quarter 1 2017 [note 7] [note 8]",,,,,,,,,,,,,,,,,
This worksheet contains one table,,,,,,,,,,,,,,,,,
Units: Counts (control rounded to base 5),,,,,,,,,,,,,,,,,
Quarter,United Kingdom,Great Britain,England and Wales,England,North East,North West,Yorkshire and The Humber,East Midlands,West Midlands,East,London,South East,South West,Wales,Scotland,Northern Ireland,Unspecified
Q1 2017,"78,875","76,345","71,460","68,755","2,280","8,270","5,445","5,065","5,790","7,605","17,080","11,310","5,910","2,705","4,885","1,145","1,385"
Q2 2017,"96,340","81,075","76,060","73,340","2,275","8,700","5,910","5,665","6,585","8,215","18,160","12,035","5,795","2,720","5,015","1,195","14,070"
Q3 2017,"82,520","77,460","72,550","70,005","2,130","8,430","5,400","5,070","6,510","7,730","18,070","11,120","5,545","2,545","4,910","1,220","3,840"
Q4 2017,"67,550","62,750","58,720","56,505","1,730","7,110","4,435","4,160","5,180","6,020","14,055","9,105","4,710","2,215","4,030","1,080","3,720"
Q1 2018,"86,700","79,790","74,955","72,260","2,310","9,040","5,580","5,600","6,445","7,935","18,370","11,360","5,620","2,695","4,835","1,230","5,680"
Q2 2018,"80,475","77,105","72,075","69,330","2,100","8,795","5,295","5,075","6,360","8,165","16,775","11,180","5,585","2,745","5,030","1,185","2,185"
Q3 2018,"65,430","61,455","57,475","55,375","1,685","7,150","4,395","4,105","5,285","6,045","13,565","8,605","4,540","2,100","3,980","1,085","2,890"
Q4 2018,"72,270","67,085","62,635","60,285","1,905","7,905","4,695","4,215","5,680","6,330","14,750","9,740","5,065","2,350","4,450","1,325","3,860"
Q1 2019,"77,895","73,935","69,235","66,625","2,155","8,175","5,120","5,015","6,500","7,330","15,905","10,705","5,720","2,610","4,700","1,195","2,765"
Q2 2019,"91,335","88,025","82,340","78,930","2,320","9,315","5,915","5,695","7,540","8,560","19,870","13,070","6,645","3,410","5,685","1,790","1,520"
Q3 2019,"74,345","69,420","64,755","62,370","1,890","7,835","4,850","4,465","6,150","6,570","15,260","10,295","5,055","2,385","4,665","1,360","3,565"
Q4 2019,"67,880","65,635","61,415","59,065","1,815","7,150","4,575","4,355","5,925","6,310","14,635","9,630","4,670","2,350","4,220","1,290",955
Q1 2020,"96,560","89,460","83,710","80,265","2,525","9,830","6,100","5,735","7,125","8,960","20,075","13,340","6,575","3,445","5,750","1,535","5,565"
Q2 2020,"72,560","69,975","65,485","63,010","1,785","7,260","4,645","4,465","5,325","6,870","16,545","10,975","5,140","2,475","4,490","1,120","1,465"
Q3 2020,"60,335","57,955","53,835","51,600","1,430","5,955","3,745","3,385","5,240","5,525","13,100","8,915","4,305","2,235","4,120","1,170","1,210"
Q4 2020,"78,870","76,025","71,055","68,225","1,955","7,830","5,165","4,815","6,240","7,450","17,770","11,415","5,585","2,830","4,970","1,205","1,640"
Q1 2021,"86,490","81,860","76,490","73,225","2,105","8,630","5,510","5,705","6,460","8,395","18,245","12,135","6,040","3,265","5,370","1,305","3,325"
Q2 2021,"88,445","85,475","79,980","76,680","2,355","9,095","5,645","5,700","7,320","8,440","18,160","13,190","6,775","3,300","5,495","1,535","1,435"
Q3 2021,"83,040","80,655","75,725","72,470","2,075","9,215","5,675","5,535","8,050","7,680","16,505","11,870","5,865","3,255","4,930","1,540",845
Q4 2021,"86,920","83,555","78,155","74,720","2,300","9,550","5,965","5,140","7,640","8,050","17,290","12,800","5,985","3,435","5,400","1,695","1,670"
Q1 2022,"114,120","108,675","102,115","98,230","3,120","12,315","7,380","7,195","10,355","10,690","23,000","16,200","7,975","3,885","6,560","1,715","3,730"
Q2 2022,"97,955","93,955","88,190","84,850","2,555","9,945","6,545","7,045","8,655","9,105","20,065","13,725","7,210","3,340","5,765","1,740","2,260"
Q3 2022,"80,345","76,890","72,245","69,405","2,345","8,495","5,575","5,245","7,185","7,555","16,600","10,670","5,735","2,840","4,645","1,575","1,880"
Q4 2022,"83,080","80,365","75,285","72,315","2,225","8,535","5,610","5,330","7,145","7,885","17,710","11,720","6,155","2,970","5,080","1,570","1,145"
Q1 2023,"106,845","103,315","97,150","93,490","2,945","11,605","7,855","7,600","10,850","9,955","21,260","13,850","7,570","3,660","6,165","1,905","1,620"
Q2 2023,"83,570","81,265","76,210","73,200","2,410","8,780","6,025","5,750","7,205","7,935","16,940","11,885","6,270","3,005","5,055","1,495",810
Q3 2023,"67,280","65,200","61,180","58,595","1,895","7,045","4,705","4,525","5,740","6,415","13,785","9,305","5,180","2,585","4,020","1,355",725
Q4 2023,"74,850","72,260","67,955","65,265","2,095","8,870","5,530","5,340","7,085","6,790","14,260","9,490","5,805","2,690","4,305","1,440","1,150"
Q1 2024,"87,240","83,630","78,475","75,515","2,420","9,735","6,415","6,470","8,100","7,875","16,685","11,295","6,520","2,960","5,155","1,625","1,985"
Q2 2024,"75,515","72,840","68,325","65,395","2,180","7,995","5,545","5,145","6,165","7,325","14,790","10,595","5,655","2,930","4,515","1,400","1,275"
Q3 2024,"64,290","62,295","58,350","56,120","1,800","6,725","4,560","4,215","5,325","6,270","13,505","8,805","4,915","2,230","3,945","1,330",665
Q4 2024,"68,145","65,885","61,850","59,495","1,880","7,015","4,970","4,665","6,125","6,540","13,750","9,370","5,190","2,355","4,035","1,610",650
Q1 2025,"84,150","81,370","76,410","73,555","2,370","8,725","6,050","5,640","7,740","7,870","17,285","11,385","6,490","2,860","4,960","1,650","1,135"
Q2 2025,"75,335","72,995","68,470","65,710","2,165","7,700","5,340","5,085","6,125","7,285","15,615","10,860","5,535","2,760","4,525","1,595",745
Q3 2025,"63,185","61,005","57,255","55,010","1,830","6,765","4,410","4,185","5,465","5,955","13,175","8,580","4,645","2,245","3,750","1,505",675
Q4 2025,"65,815","63,430","59,440","57,205","1,920","6,830","4,665","4,285","5,485","6,145","13,725","9,250","4,900","2,235","3,990","1,505",885
Q1 2026,"83,575","80,725","75,795","72,870","2,410","8,715","5,930","5,365","7,005","7,995","17,860","11,585","6,085","2,925","4,935","1,715","1,135"
Q2 2026,"76,840","74,440","69,845","67,065","2,235","8,015","5,480","5,045","6,170","7,295","16,045","10,975","5,805","2,780","4,600","1,675",725
