la_code,ons_code,source
E3831,E07000223,bootstrap
E0931,E07000026,bootstrap
E1031,E07000032,bootstrap
E3832,E07000224,bootstrap
E3031,E07000170,bootstrap
E2231,E07000105,bootstrap
E3531,E07000200,bootstrap
E5030,E09000002,bootstrap
E5031,E09000003,bootstrap
E4401,E08000016,bootstrap
E0932,E07000027,bootstrap
E1531,E07000066,bootstrap
E1731,E07000084,bootstrap
E3032,E07000171,bootstrap
E0101,E06000022,bootstrap
E0202,E06000055,bootstrap
E5032,E09000004,bootstrap
E4601,E08000025,bootstrap
E2431,E07000129,bootstrap
E2301,E06000008,bootstrap
E2302,E06000009,bootstrap
E1032,E07000033,bootstrap
E4201,E08000001,bootstrap
E2531,E07000136,bootstrap
E1204,E06000058,bootstrap
E0301,E06000036,bootstrap
E4701,E08000032,bootstrap
E1532,E07000067,bootstrap
E2631,E07000143,bootstrap
E5033,E09000005,bootstrap
E1533,E07000068,bootstrap
E1401,E06000043,bootstrap
E0102,E06000023,bootstrap
E2632,E07000144,bootstrap
E5034,E09000006,bootstrap
E1831,E07000234,bootstrap
E1931,E07000095,bootstrap
E3033,E07000172,bootstrap
E0402,E06000060,bootstrap
E2333,E07000117,bootstrap
E4202,E08000002,bootstrap
E4702,E08000033,bootstrap
E0531,E07000008,bootstrap
E5011,E09000007,bootstrap
E3431,E07000192,bootstrap
E2232,E07000106,bootstrap
E0933,E07000028,bootstrap
E1534,E07000069,bootstrap
E0203,E06000056,bootstrap
E2432,E07000130,bootstrap
E1535,E07000070,bootstrap
E1631,E07000078,bootstrap
E3131,E07000177,bootstrap
E0603,E06000049,bootstrap
E0604,E06000050,bootstrap
E1033,E07000034,bootstrap
E3833,E07000225,bootstrap
E2334,E07000118,bootstrap
E5010,E09000001,bootstrap
E1536,E07000071,bootstrap
E0934,E07000029,bootstrap
E0801,E06000052,bootstrap
E1632,E07000079,bootstrap
E4602,E08000026,bootstrap
E2731,E07000163,bootstrap
E3834,E07000226,bootstrap
E5035,E09000008,bootstrap
E1932,E07000096,bootstrap
E1301,E06000005,bootstrap
E2233,E07000107,bootstrap
E1001,E06000015,bootstrap
E1035,E07000035,bootstrap
E4402,E08000017,bootstrap
E1203,E06000059,bootstrap
E2234,E07000108,bootstrap
E4603,E08000027,bootstrap
E1302,E06000047,bootstrap
E5036,E09000009,bootstrap
E0532,E07000009,bootstrap
E1131,E07000040,bootstrap
E1732,E07000085,bootstrap
E1933,E07000242,bootstrap
E2532,E07000137,bootstrap
E2001,E06000011,bootstrap
E3432,E07000193,bootstrap
E3538,E07000244,bootstrap
E1432,E07000061,bootstrap
E1733,E07000086,bootstrap
E0935,E07000030,bootstrap
E3631,E07000207,bootstrap
E5037,E09000010,bootstrap
E1537,E07000072,bootstrap
E3632,E07000208,bootstrap
E1036,E07000036,bootstrap
E1132,E07000041,bootstrap
E1734,E07000087,bootstrap
E0533,E07000010,bootstrap
E2240,E07000112,bootstrap
E1633,E07000080,bootstrap
E2335,E07000119,bootstrap
E4501,E08000037,bootstrap
E3034,E07000173,bootstrap
E1634,E07000081,bootstrap
E1735,E07000088,bootstrap
E2236,E07000109,bootstrap
E2633,E07000145,bootstrap
E5012,E09000011,bootstrap
E3633,E07000209,bootstrap
E5013,E09000012,bootstrap
E0601,E06000006,bootstrap
E2732,E07000164,bootstrap
E5014,E09000013,bootstrap
E2433,E07000131,bootstrap
E5038,E09000014,bootstrap
E1538,E07000073,bootstrap
E2753,E07000165,bootstrap
E5039,E09000015,bootstrap
E1736,E07000089,bootstrap
E0701,E06000001,bootstrap
E1433,E07000062,bootstrap
E1737,E07000090,bootstrap
E5040,E09000016,bootstrap
E1801,E06000019,bootstrap
E1934,E07000098,bootstrap
E1037,E07000037,bootstrap
E5041,E09000017,bootstrap
E2434,E07000132,bootstrap
E3835,E07000227,bootstrap
E5042,E09000018,bootstrap
E0551,E07000011,bootstrap
E2336,E07000120,bootstrap
E3533,E07000202,bootstrap
E2101,E06000046,bootstrap
E4001,E06000053,bootstrap
E5015,E09000019,bootstrap
E5016,E09000020,bootstrap
E2634,E07000146,bootstrap
E2002,E06000010,bootstrap
E5043,E09000021,bootstrap
E4703,E08000034,bootstrap
E4301,E08000011,bootstrap
E5017,E09000022,bootstrap
E2337,E07000121,bootstrap
E4704,E08000035,bootstrap
E2401,E06000016,bootstrap
E1435,E07000063,bootstrap
E5018,E09000023,bootstrap
E3433,E07000194,bootstrap
E2533,E07000138,bootstrap
E4302,E08000012,bootstrap
E0201,E06000032,bootstrap
E2237,E07000110,bootstrap
E1539,E07000074,bootstrap
E1851,E07000235,bootstrap
E4203,E08000003,bootstrap
E3035,E07000174,bootstrap
E2201,E06000035,bootstrap
E2436,E07000133,bootstrap
E3331,E07000187,bootstrap
E5044,E09000024,bootstrap
E1133,E07000042,bootstrap
E3534,E07000203,bootstrap
E3836,E07000228,bootstrap
E0702,E06000002,bootstrap
E0401,E06000042,bootstrap
E3634,E07000210,bootstrap
E1738,E07000091,bootstrap
E3036,E07000175,bootstrap
E4502,E08000021,bootstrap
E3434,E07000195,bootstrap
E5045,E09000025,bootstrap
E1134,E07000043,bootstrap
E1038,E07000038,bootstrap
E2003,E06000012,bootstrap
E1935,E07000099,bootstrap
E2534,E07000139,bootstrap
E2004,E06000013,bootstrap
E2635,E07000147,bootstrap
E2801,E06000061,bootstrap
E0104,E06000024,bootstrap
E4503,E08000022,bootstrap
E3731,E07000218,bootstrap
E2437,E07000134,bootstrap
E2901,E06000057,bootstrap
E2636,E07000148,bootstrap
E3001,E06000018,bootstrap
E3732,E07000219,bootstrap
E2438,E07000135,bootstrap
E4204,E08000004,bootstrap
E3132,E07000178,bootstrap
E2338,E07000122,bootstrap
E0501,E06000031,bootstrap
E1101,E06000026,bootstrap
E1701,E06000044,bootstrap
E2339,E07000123,bootstrap
E0303,E06000038,bootstrap
E5046,E09000026,bootstrap
E0703,E06000003,bootstrap
E1835,E07000236,bootstrap
E3635,E07000211,bootstrap
E2340,E07000124,bootstrap
E5047,E09000027,bootstrap
E2734,E07000166,bootstrap
E4205,E08000005,bootstrap
E1540,E07000075,bootstrap
E2341,E07000125,bootstrap
E1436,E07000064,bootstrap
E4403,E08000018,bootstrap
E3733,E07000220,bootstrap
E3636,E07000212,bootstrap
E3038,E07000176,bootstrap
E1740,E07000092,bootstrap
E2402,E06000017,bootstrap
E2755,E07000167,bootstrap
E4206,E08000006,bootstrap
E4604,E08000028,bootstrap
E2736,E07000168,bootstrap
E3332,E07000188,bootstrap
E4304,E08000014,bootstrap
E2757,E07000169,bootstrap
E2239,E07000111,bootstrap
E4404,E08000019,bootstrap
E3202,E06000051,bootstrap
E0304,E06000039,bootstrap
E4605,E08000029,bootstrap
E3336,E07000246,bootstrap
E0536,E07000012,bootstrap
E1039,E07000039,bootstrap
E0103,E06000025,bootstrap
E1136,E07000044,bootstrap
E2535,E07000140,bootstrap
E2536,E07000141,bootstrap
E0936,E07000031,bootstrap
E2637,E07000149,bootstrap
E3133,E07000179,bootstrap
E2342,E07000126,bootstrap
E3334,E07000189,bootstrap
E3435,E07000196,bootstrap
E4504,E08000023,bootstrap
E1702,E06000045,bootstrap
E1501,E06000033,bootstrap
E5019,E09000028,bootstrap
E3637,E07000213,bootstrap
E1936,E07000240,bootstrap
E4303,E08000013,bootstrap
E3436,E07000197,bootstrap
E3437,E07000198,bootstrap
E1937,E07000243,bootstrap
E4207,E08000007,bootstrap
E0704,E06000004,bootstrap
E3401,E06000021,bootstrap
E3734,E07000221,bootstrap
E1635,E07000082,bootstrap
E4505,E08000024,bootstrap
E3638,E07000214,bootstrap
E5048,E09000029,bootstrap
E2241,E07000113,bootstrap
E3901,E06000030,bootstrap
E4208,E08000008,bootstrap
E3439,E07000199,bootstrap
E3639,E07000215,bootstrap
E1137,E07000045,bootstrap
E3201,E06000020,bootstrap
E1542,E07000076,bootstrap
E1742,E07000093,bootstrap
E1636,E07000083,bootstrap
E2242,E07000114,bootstrap
E1938,E07000102,bootstrap
E1502,E06000034,bootstrap
E2243,E07000115,bootstrap
E1102,E06000027,bootstrap
E1139,E07000046,bootstrap
E5020,E09000030,bootstrap
E4209,E08000009,bootstrap
E2244,E07000116,bootstrap
E1544,E07000077,bootstrap
E3134,E07000180,bootstrap
E4705,E08000036,bootstrap
E4606,E08000030,bootstrap
E5049,E09000031,bootstrap
E5021,E09000032,bootstrap
E0602,E06000007,bootstrap
E3735,E07000222,bootstrap
E1939,E07000103,bootstrap
E3640,E07000216,bootstrap
E1437,E07000065,bootstrap
E1940,E07000241,bootstrap
E0302,E06000037,bootstrap
E1140,E07000047,bootstrap
E2343,E07000127,bootstrap
E2537,E07000142,bootstrap
E2802,E06000062,bootstrap
E3135,E07000181,bootstrap
E3539,E07000245,bootstrap
E5022,E09000033,bootstrap
E4210,E08000010,bootstrap
E3902,E06000054,bootstrap
E1743,E07000094,bootstrap
E0305,E06000040,bootstrap
E4305,E08000015,bootstrap
E3641,E07000217,bootstrap
E0306,E06000041,bootstrap
E4607,E08000031,bootstrap
E1837,E07000237,bootstrap
E3837,E07000229,bootstrap
E1838,E07000238,bootstrap
E2344,E07000128,bootstrap
E1839,E07000239,bootstrap
E2701,E06000014,bootstrap
E0901,E06000063,bootstrap
E2702,E06000065,bootstrap
E3301,E06000066,bootstrap
E0902,E06000064,bootstrap
E0431,E07000004,name_match
E0432,E07000005,name_match
E0434,E07000006,name_match
E0435,E07000007,name_match
E1201,E06000029,name_match
E1202,E06000028,name_match
E1232,E07000048,name_match
E1233,E07000049,name_match
E1234,E07000050,name_match
E1236,E07000051,name_match
E1237,E07000052,name_match
E1238,E07000053,name_match
E2831,E07000150,name_match
E2832,E07000151,name_match
E2833,E07000152,name_match
E2834,E07000153,name_match
E2835,E07000154,name_match
E2836,E07000155,name_match
E2837,E07000156,name_match
