ons_code,sop_name,sop_chg_open,sop_chg_insertions,sop_chg_deletions,sop_chg_splits,sop_chg_mergers,sop_chg_net,sop_chg_close,sop_deletion_rate,sop_change_period
E06000047,County Durham UA,16200,690,-810,150,-150,-120,16080,0.05,1 April 2023 to 31 March 2025
E06000005,Darlington UA,3950,200,-160,30,-30,30,3980,0.04050632911392405,1 April 2023 to 31 March 2025
E06000001,Hartlepool UA,2960,90,-70,20,-10,30,2980,0.02364864864864865,1 April 2023 to 31 March 2025
E06000002,Middlesbrough UA,4650,140,-130,40,-40,10,4650,0.02795698924731183,1 April 2023 to 31 March 2025
E06000057,Northumberland UA,14440,710,-1030,120,-80,-270,14170,0.07132963988919667,1 April 2023 to 31 March 2025
E06000003,Redcar and Cleveland UA,4400,120,-220,60,-30,-60,4340,0.05,1 April 2023 to 31 March 2025
E06000004,Stockton-on-Tees UA,5750,240,-260,50,-90,-50,5700,0.04521739130434783,1 April 2023 to 31 March 2025
E08000037,Gateshead,6980,190,-250,130,-60,20,7000,0.03581661891117478,1 April 2023 to 31 March 2025
E08000021,Newcastle upon Tyne,11980,230,-410,200,-60,-30,11950,0.034223706176961605,1 April 2023 to 31 March 2025
E08000022,North Tyneside,6290,230,-210,80,-50,50,6350,0.033386327503974564,1 April 2023 to 31 March 2025
E08000023,South Tyneside,3890,50,-100,20,-10,-40,3850,0.02570694087403599,1 April 2023 to 31 March 2025
E08000024,Sunderland,8540,240,-410,80,-80,-170,8370,0.04800936768149883,1 April 2023 to 31 March 2025
E06000008,Blackburn with Darwen UA,8290,210,-210,120,-80,40,8340,0.025331724969843185,1 April 2023 to 31 March 2025
E06000009,Blackpool UA,6710,150,-290,20,-50,-160,6550,0.043219076005961254,1 April 2023 to 31 March 2025
E06000049,Cheshire East UA,15380,660,-710,310,-180,70,15450,0.046163849154746424,1 April 2023 to 31 March 2025
E06000050,Cheshire West and Chester UA,12350,570,-600,130,-70,30,12380,0.048582995951417005,1 April 2023 to 31 March 2025
E06000063,Cumberland UA,12900,510,-770,90,-90,-260,12640,0.059689922480620154,1 April 2023 to 31 March 2025
E07000026,Allerdale,5410,230,-390,30,-20,-150,5260,0.07208872458410351,1 April 2023 to 31 March 2025
E07000028,Carlisle,4840,180,-220,50,-60,-50,4800,0.045454545454545456,1 April 2023 to 31 March 2025
E07000029,Copeland,2650,100,-160,10,-20,-70,2580,0.06037735849056604,1 April 2023 to 31 March 2025
E06000006,Halton UA,3800,160,-140,40,-20,40,3830,0.03684210526315789,1 April 2023 to 31 March 2025
E06000007,Warrington UA,7010,310,-390,100,-60,-40,6960,0.05563480741797432,1 April 2023 to 31 March 2025
E06000064,Westmorland and Furness UA,15480,750,-1260,130,-90,-470,15000,0.08139534883720931,1 April 2023 to 31 March 2025
E07000027,Barrow-in-Furness,2430,140,-130,20,-20,NA,2430,0.053497942386831275,1 April 2023 to 31 March 2025
E07000030,Eden,3770,190,-290,50,-20,-80,3680,0.07692307692307693,1 April 2023 to 31 March 2025
E07000031,South Lakeland,9280,420,-830,70,-50,-390,8890,0.0894396551724138,1 April 2023 to 31 March 2025
E08000001,Bolton,10820,500,-600,420,-250,70,10890,0.05545286506469501,1 April 2023 to 31 March 2025
E08000002,Bury,6330,160,-190,60,-50,-30,6310,0.030015797788309637,1 April 2023 to 31 March 2025
E08000003,Manchester,27410,930,-1680,560,-580,-760,26650,0.06129149945275447,1 April 2023 to 31 March 2025
E08000004,Oldham,7970,150,-200,170,-60,50,8020,0.025094102885821833,1 April 2023 to 31 March 2025
E08000005,Rochdale,8910,190,-180,290,-50,250,9160,0.020202020202020204,1 April 2023 to 31 March 2025
E08000006,Salford,11850,520,-540,190,-90,90,11940,0.04556962025316456,1 April 2023 to 31 March 2025
E08000007,Stockport,11400,240,-410,230,-110,-50,11350,0.035964912280701755,1 April 2023 to 31 March 2025
E08000008,Tameside,7850,140,-210,80,-80,-70,7770,0.0267515923566879,1 April 2023 to 31 March 2025
E08000009,Trafford,10990,330,-600,210,-80,-140,10860,0.0545950864422202,1 April 2023 to 31 March 2025
E08000010,Wigan,9870,310,-410,130,-130,-100,9770,0.04154002026342452,1 April 2023 to 31 March 2025
E07000117,Burnley,5410,110,-140,50,-40,-20,5400,0.025878003696857672,1 April 2023 to 31 March 2025
E07000118,Chorley,3720,150,-130,60,-30,50,3770,0.03494623655913978,1 April 2023 to 31 March 2025
E07000119,Fylde,3110,100,-120,30,-10,-10,3110,0.03858520900321544,1 April 2023 to 31 March 2025
E07000120,Hyndburn,3460,90,-170,30,-10,-60,3400,0.049132947976878616,1 April 2023 to 31 March 2025
E07000121,Lancaster,5390,250,-300,60,-50,-50,5340,0.055658627087198514,1 April 2023 to 31 March 2025
E07000122,Pendle,3910,100,-190,40,-20,-70,3840,0.04859335038363171,1 April 2023 to 31 March 2025
E07000123,Preston,6380,190,-250,140,-70,10,6390,0.03918495297805643,1 April 2023 to 31 March 2025
E07000124,Ribble Valley,2750,120,-120,30,-30,-10,2740,0.04363636363636364,1 April 2023 to 31 March 2025
E07000125,Rossendale,2810,70,-80,40,-20,20,2830,0.028469750889679714,1 April 2023 to 31 March 2025
E07000126,South Ribble,3350,80,-60,40,-30,40,3390,0.01791044776119403,1 April 2023 to 31 March 2025
E07000127,West Lancashire,3450,110,-80,30,-30,30,3480,0.02318840579710145,1 April 2023 to 31 March 2025
E07000128,Wyre,4220,110,-120,70,-30,20,4240,0.02843601895734597,1 April 2023 to 31 March 2025
E08000011,Knowsley,3250,120,-130,10,-10,-10,3240,0.04,1 April 2023 to 31 March 2025
E08000012,Liverpool,20390,350,-770,190,-70,-310,20080,0.03776360961255518,1 April 2023 to 31 March 2025
E08000014,Sefton,7970,300,-330,120,-60,30,8000,0.04140526976160602,1 April 2023 to 31 March 2025
E08000013,St. Helens,4770,180,-170,60,-30,50,4820,0.03563941299790356,1 April 2023 to 31 March 2025
E08000015,Wirral,8550,190,-190,60,-50,20,8570,0.022222222222222223,1 April 2023 to 31 March 2025
E06000011,East Riding of Yorkshire UA,12470,590,-820,90,-100,-240,12230,0.06575781876503609,1 April 2023 to 31 March 2025
E06000010,"Kingston upon Hull, City of UA",9310,230,-310,80,-40,-40,9280,0.03329752953813104,1 April 2023 to 31 March 2025
E06000012,North East Lincolnshire UA,5610,180,-180,50,-30,20,5630,0.03208556149732621,1 April 2023 to 31 March 2025
E06000013,North Lincolnshire UA,5670,270,-210,70,-40,90,5760,0.037037037037037035,1 April 2023 to 31 March 2025
E06000065,North Yorkshire UA,33750,1510,-2270,280,-240,-720,33030,0.06725925925925925,1 April 2023 to 31 March 2025
E07000163,Craven,3600,210,-260,20,-30,-70,3530,0.07222222222222222,1 April 2023 to 31 March 2025
E07000164,Hambleton,4620,180,-220,40,-40,-30,4590,0.047619047619047616,1 April 2023 to 31 March 2025
E07000165,Harrogate,7710,240,-380,110,-90,-120,7590,0.04928664072632944,1 April 2023 to 31 March 2025
E07000166,Richmondshire,3030,130,-260,20,-20,-130,2900,0.0858085808580858,1 April 2023 to 31 March 2025
E07000167,Ryedale,3260,130,-170,20,-20,-40,3220,0.05214723926380368,1 April 2023 to 31 March 2025
E07000168,Scarborough,8730,510,-850,50,-30,-320,8410,0.09736540664375716,1 April 2023 to 31 March 2025
E07000169,Selby,2810,100,-130,30,-10,-10,2800,0.046263345195729534,1 April 2023 to 31 March 2025
E06000014,York UA,7250,310,-450,70,-50,-120,7130,0.06206896551724138,1 April 2023 to 31 March 2025
E08000016,Barnsley,9020,310,-280,90,-90,30,9050,0.031042128603104215,1 April 2023 to 31 March 2025
E08000017,Doncaster,9910,370,-450,100,-90,-80,9830,0.045408678102926335,1 April 2023 to 31 March 2025
E08000018,Rotherham,7770,270,-240,100,-70,60,7830,0.03088803088803089,1 April 2023 to 31 March 2025
E08000019,Sheffield,19010,580,-730,260,-160,-40,18970,0.03840084166228301,1 April 2023 to 31 March 2025
E08000032,Bradford,19790,370,-540,230,-130,-70,19710,0.027286508337544216,1 April 2023 to 31 March 2025
E08000033,Calderdale,9820,240,-280,100,-60,0,9810,0.028513238289205704,1 April 2023 to 31 March 2025
E08000034,Kirklees,16420,410,-630,280,-160,-110,16310,0.03836784409257003,1 April 2023 to 31 March 2025
E08000035,Leeds,31570,1140,-1180,480,-190,250,31830,0.03737725688945201,1 April 2023 to 31 March 2025
E08000036,Wakefield,11840,360,-420,130,-100,-30,11810,0.03547297297297297,1 April 2023 to 31 March 2025
E06000015,Derby UA,8740,150,-460,80,-70,-310,8430,0.05263157894736842,1 April 2023 to 31 March 2025
E06000016,Leicester UA,12760,410,-620,180,-80,-120,12640,0.048589341692789965,1 April 2023 to 31 March 2025
E06000061,North Northamptonshire UA,11930,360,-380,150,-120,10,11940,0.03185247275775356,1 April 2023 to 31 March 2025
E07000150,Corby,2000,60,-70,30,-30,-20,1980,0.035,1 April 2023 to 31 March 2025
E07000152,East Northamptonshire,4320,70,-100,30,-20,-20,4300,0.023148148148148147,1 April 2023 to 31 March 2025
E07000153,Kettering,2850,110,-140,60,-30,10,2860,0.04912280701754386,1 April 2023 to 31 March 2025
E07000156,Wellingborough,2760,120,-70,30,-40,40,2800,0.025362318840579712,1 April 2023 to 31 March 2025
E06000018,Nottingham UA,11710,350,-480,220,-90,NA,11710,0.04099060631938514,1 April 2023 to 31 March 2025
E06000017,Rutland UA,1750,70,-80,20,-30,-20,1730,0.045714285714285714,1 April 2023 to 31 March 2025
E06000062,West Northamptonshire UA,12200,420,-390,150,-110,60,12270,0.031967213114754096,1 April 2023 to 31 March 2025
E07000151,Daventry,2850,160,-110,40,-40,50,2900,0.03859649122807018,1 April 2023 to 31 March 2025
E07000154,Northampton,6400,140,-180,70,-50,-30,6370,0.028125,1 April 2023 to 31 March 2025
E07000155,South Northamptonshire,2960,130,-100,40,-20,40,3000,0.033783783783783786,1 April 2023 to 31 March 2025
E07000032,Amber Valley,4010,100,-140,40,-20,-20,3990,0.034912718204488775,1 April 2023 to 31 March 2025
E07000033,Bolsover,2430,90,-90,40,-20,20,2450,0.037037037037037035,1 April 2023 to 31 March 2025
E07000034,Chesterfield,4360,120,-120,60,-40,20,4380,0.027522935779816515,1 April 2023 to 31 March 2025
E07000035,Derbyshire Dales,4740,340,-430,20,-20,-90,4650,0.09071729957805907,1 April 2023 to 31 March 2025
E07000036,Erewash,3700,50,-70,30,-20,-10,3690,0.01891891891891892,1 April 2023 to 31 March 2025
E07000037,High Peak,3850,190,-190,60,-30,30,3870,0.04935064935064935,1 April 2023 to 31 March 2025
E07000038,North East Derbyshire,2960,140,-130,20,-20,20,2970,0.04391891891891892,1 April 2023 to 31 March 2025
E07000039,South Derbyshire,2480,120,-90,20,-20,30,2510,0.036290322580645164,1 April 2023 to 31 March 2025
E07000129,Blaby,2440,70,-60,50,-30,30,2460,0.02459016393442623,1 April 2023 to 31 March 2025
E07000130,Charnwood,4870,90,-80,40,-30,20,4880,0.01642710472279261,1 April 2023 to 31 March 2025
E07000131,Harborough,3280,180,-120,40,-30,60,3340,0.036585365853658534,1 April 2023 to 31 March 2025
E07000132,Hinckley and Bosworth,3300,150,-100,50,-30,70,3360,0.030303030303030304,1 April 2023 to 31 March 2025
E07000133,Melton,1690,50,-50,20,-20,-10,1680,0.029585798816568046,1 April 2023 to 31 March 2025
E07000134,North West Leicestershire,3590,130,-120,40,-120,-70,3520,0.033426183844011144,1 April 2023 to 31 March 2025
E07000135,Oadby and Wigston,1420,10,-20,20,-20,-10,1420,0.014084507042253521,1 April 2023 to 31 March 2025
E07000136,Boston,2500,110,-150,30,-20,-20,2480,0.06,1 April 2023 to 31 March 2025
E07000137,East Lindsey,7510,410,-650,50,-30,-220,7290,0.08655126498002663,1 April 2023 to 31 March 2025
E07000138,Lincoln,3590,120,-180,30,-20,-60,3530,0.05013927576601671,1 April 2023 to 31 March 2025
E07000139,North Kesteven,3460,190,-130,30,-30,60,3520,0.03757225433526012,1 April 2023 to 31 March 2025
E07000140,South Holland,2940,140,-120,50,-30,40,2980,0.04081632653061224,1 April 2023 to 31 March 2025
E07000141,South Kesteven,4710,130,-140,60,-20,30,4740,0.029723991507430998,1 April 2023 to 31 March 2025
E07000142,West Lindsey,3050,110,-120,20,-20,-10,3050,0.03934426229508197,1 April 2023 to 31 March 2025
E07000170,Ashfield,4010,170,-170,50,-70,-20,4000,0.04239401496259352,1 April 2023 to 31 March 2025
E07000171,Bassetlaw,4480,220,-170,60,-30,90,4570,0.03794642857142857,1 April 2023 to 31 March 2025
E07000172,Broxtowe,2700,90,-80,40,-20,20,2720,0.02962962962962963,1 April 2023 to 31 March 2025
E07000173,Gedling,2630,110,-70,40,-30,60,2690,0.026615969581749048,1 April 2023 to 31 March 2025
E07000174,Mansfield,3360,110,-120,70,-30,30,3400,0.03571428571428571,1 April 2023 to 31 March 2025
E07000175,Newark and Sherwood,4470,300,-300,70,-50,10,4480,0.06711409395973154,1 April 2023 to 31 March 2025
E07000176,Rushcliffe,3060,170,-140,60,-30,70,3130,0.0457516339869281,1 April 2023 to 31 March 2025
E06000019,"Herefordshire, County of UA",8480,320,-370,60,-90,-80,8390,0.04363207547169811,1 April 2023 to 31 March 2025
E06000051,Shropshire UA,12800,660,-690,120,-80,10,12810,0.05390625,1 April 2023 to 31 March 2025
E06000021,Stoke-on-Trent UA,9400,260,-330,120,-60,-10,9400,0.035106382978723406,1 April 2023 to 31 March 2025
E06000020,Telford and Wrekin UA,5380,260,-200,50,-60,60,5440,0.03717472118959108,1 April 2023 to 31 March 2025
E07000192,Cannock Chase,3670,80,-100,50,-40,NA,3670,0.027247956403269755,1 April 2023 to 31 March 2025
E07000193,East Staffordshire,4200,120,-140,40,-20,NA,4200,0.03333333333333333,1 April 2023 to 31 March 2025
E07000194,Lichfield,3040,70,-70,50,-20,30,3070,0.023026315789473683,1 April 2023 to 31 March 2025
E07000195,Newcastle-under-Lyme,3660,90,-120,40,-20,-10,3650,0.03278688524590164,1 April 2023 to 31 March 2025
E07000196,South Staffordshire,2830,110,-90,30,-20,30,2860,0.03180212014134275,1 April 2023 to 31 March 2025
E07000197,Stafford,4400,120,-120,90,-20,70,4470,0.02727272727272727,1 April 2023 to 31 March 2025
E07000198,Staffordshire Moorlands,3200,100,-150,20,-10,-40,3160,0.046875,1 April 2023 to 31 March 2025
E07000199,Tamworth,2110,100,-110,30,-10,10,2120,0.052132701421800945,1 April 2023 to 31 March 2025
E07000218,North Warwickshire,2440,110,-90,120,-20,120,2560,0.036885245901639344,1 April 2023 to 31 March 2025
E07000219,Nuneaton and Bedworth,3240,80,-90,40,-10,20,3260,0.027777777777777776,1 April 2023 to 31 March 2025
E07000220,Rugby,3050,100,-110,30,-20,0,3050,0.036065573770491806,1 April 2023 to 31 March 2025
E07000221,Stratford-on-Avon,6140,240,-310,70,-60,-60,6080,0.050488599348534204,1 April 2023 to 31 March 2025
E07000222,Warwick,5370,210,-240,70,-50,-10,5360,0.0446927374301676,1 April 2023 to 31 March 2025
E08000025,Birmingham,47550,930,-1790,710,-460,-600,46950,0.037644584647739225,1 April 2023 to 31 March 2025
E08000026,Coventry,8900,230,-290,90,-60,-40,8860,0.03258426966292135,1 April 2023 to 31 March 2025
E08000027,Dudley,10610,190,-370,110,-90,-160,10460,0.034872761545711596,1 April 2023 to 31 March 2025
E08000028,Sandwell,10950,310,-390,170,-100,-20,10930,0.03561643835616438,1 April 2023 to 31 March 2025
E08000029,Solihull,5460,120,-220,70,-130,-160,5300,0.040293040293040296,1 April 2023 to 31 March 2025
E08000030,Walsall,8560,170,-300,90,-50,-90,8470,0.035046728971962614,1 April 2023 to 31 March 2025
E08000031,Wolverhampton,8970,200,-270,110,-50,0,8970,0.030100334448160536,1 April 2023 to 31 March 2025
E07000234,Bromsgrove,3470,100,-150,30,-50,-70,3410,0.043227665706051875,1 April 2023 to 31 March 2025
E07000235,Malvern Hills,3010,130,-120,30,-20,20,3030,0.03986710963455149,1 April 2023 to 31 March 2025
E07000236,Redditch,2610,100,-120,30,-10,-10,2610,0.04597701149425287,1 April 2023 to 31 March 2025
E07000237,Worcester,3180,100,-150,20,-20,-50,3130,0.04716981132075472,1 April 2023 to 31 March 2025
E07000238,Wychavon,5150,220,-170,40,-30,60,5210,0.03300970873786408,1 April 2023 to 31 March 2025
E07000239,Wyre Forest,3590,100,-140,40,-50,-60,3540,0.03899721448467967,1 April 2023 to 31 March 2025
E06000055,Bedford UA,5630,160,-170,90,-70,10,5640,0.03019538188277087,1 April 2023 to 31 March 2025
E06000056,Central Bedfordshire UA,7310,250,-270,80,-40,20,7330,0.036935704514363885,1 April 2023 to 31 March 2025
E06000032,Luton UA,5800,60,-250,50,-20,-150,5650,0.04310344827586207,1 April 2023 to 31 March 2025
E06000031,Peterborough UA,6310,360,-410,120,-120,-60,6250,0.06497622820919176,1 April 2023 to 31 March 2025
E06000033,Southend-on-Sea UA,5800,70,-210,50,-50,-140,5660,0.03620689655172414,1 April 2023 to 31 March 2025
E06000034,Thurrock UA,4400,190,-200,60,-40,NA,4400,0.045454545454545456,1 April 2023 to 31 March 2025
E07000008,Cambridge,4410,280,-420,50,-40,-130,4290,0.09523809523809523,1 April 2023 to 31 March 2025
E07000009,East Cambridgeshire,2550,150,-100,30,-20,60,2610,0.0392156862745098,1 April 2023 to 31 March 2025
E07000010,Fenland,3150,130,-150,30,-20,-10,3140,0.047619047619047616,1 April 2023 to 31 March 2025
E07000011,Huntingdonshire,5650,280,-210,80,-30,120,5770,0.037168141592920353,1 April 2023 to 31 March 2025
E07000012,South Cambridgeshire,5540,310,-310,60,-40,30,5570,0.05595667870036101,1 April 2023 to 31 March 2025
E07000066,Basildon,4980,110,-140,70,-40,10,4990,0.028112449799196786,1 April 2023 to 31 March 2025
E07000067,Braintree,5080,310,-240,40,-40,70,5160,0.047244094488188976,1 April 2023 to 31 March 2025
E07000068,Brentwood,2570,70,-120,30,-20,-30,2530,0.04669260700389105,1 April 2023 to 31 March 2025
E07000069,Castle Point,2020,30,-30,60,-20,40,2060,0.01485148514851485,1 April 2023 to 31 March 2025
E07000070,Chelmsford,5260,160,-250,90,-50,-50,5210,0.04752851711026616,1 April 2023 to 31 March 2025
E07000071,Colchester,6150,180,-170,80,-40,40,6180,0.027642276422764227,1 April 2023 to 31 March 2025
E07000072,Epping Forest,4580,100,-140,90,-20,20,4610,0.03056768558951965,1 April 2023 to 31 March 2025
E07000073,Harlow,2410,120,-120,20,-10,10,2420,0.04979253112033195,1 April 2023 to 31 March 2025
E07000074,Maldon,2560,120,-120,20,-20,NA,2560,0.046875,1 April 2023 to 31 March 2025
E07000075,Rochford,2830,190,-90,80,-50,130,2960,0.03180212014134275,1 April 2023 to 31 March 2025
E07000076,Tendring,8590,210,-170,20,-20,40,8630,0.01979045401629802,1 April 2023 to 31 March 2025
E07000077,Uttlesford,3530,90,-80,30,-30,NA,3530,0.0226628895184136,1 April 2023 to 31 March 2025
E07000095,Broxbourne,2340,30,-60,30,-10,-10,2330,0.02564102564102564,1 April 2023 to 31 March 2025
E07000096,Dacorum,4440,70,-180,70,-20,-60,4380,0.04054054054054054,1 April 2023 to 31 March 2025
E07000242,East Hertfordshire,4910,220,-240,110,-40,60,4960,0.048879837067209775,1 April 2023 to 31 March 2025
E07000098,Hertsmere,3220,120,-140,60,-20,20,3240,0.043478260869565216,1 April 2023 to 31 March 2025
E07000099,North Hertfordshire,4700,190,-150,40,-30,60,4760,0.031914893617021274,1 April 2023 to 31 March 2025
E07000240,St Albans,4040,100,-170,80,-50,-30,4010,0.04207920792079208,1 April 2023 to 31 March 2025
E07000243,Stevenage,2280,70,-80,30,-20,NA,2280,0.03508771929824561,1 April 2023 to 31 March 2025
E07000102,Three Rivers,2120,50,-70,20,0,-10,2110,0.0330188679245283,1 April 2023 to 31 March 2025
E07000103,Watford,2930,110,-120,30,-20,-10,2930,0.040955631399317405,1 April 2023 to 31 March 2025
E07000241,Welwyn Hatfield,2990,110,-130,100,-20,60,3050,0.043478260869565216,1 April 2023 to 31 March 2025
E07000143,Breckland,4700,230,-250,60,-40,-10,4690,0.05319148936170213,1 April 2023 to 31 March 2025
E07000144,Broadland,3910,240,-250,80,-60,10,3920,0.0639386189258312,1 April 2023 to 31 March 2025
E07000145,Great Yarmouth,5500,320,-800,50,-10,-450,5050,0.14545454545454545,1 April 2023 to 31 March 2025
E07000146,King's Lynn and West Norfolk,6770,410,-490,60,-50,-70,6700,0.0723781388478582,1 April 2023 to 31 March 2025
E07000147,North Norfolk,8330,550,-1010,50,-40,-450,7880,0.1212484993997599,1 April 2023 to 31 March 2025
E07000148,Norwich,6960,180,-330,110,-70,-120,6840,0.047413793103448273,1 April 2023 to 31 March 2025
E07000149,South Norfolk,5020,190,-240,50,-40,-30,4980,0.04780876494023904,1 April 2023 to 31 March 2025
E07000200,Babergh,3750,100,-140,30,-30,-40,3710,0.037333333333333336,1 April 2023 to 31 March 2025
E07000244,East Suffolk,13170,680,-980,110,-70,-270,12900,0.07441154138192863,1 April 2023 to 31 March 2025
E07000202,Ipswich,4750,150,-210,110,-100,-60,4690,0.04421052631578947,1 April 2023 to 31 March 2025
E07000203,Mid Suffolk,3600,140,-130,50,-40,10,3610,0.03611111111111111,1 April 2023 to 31 March 2025
E07000245,West Suffolk,6420,190,-220,80,-60,NA,6420,0.03426791277258567,1 April 2023 to 31 March 2025
E09000007,Camden,18800,550,-1160,330,-170,-450,18350,0.06170212765957447,1 April 2023 to 31 March 2025
E09000001,City of London,20540,1190,-2440,400,-550,-1400,19140,0.11879259980525804,1 April 2023 to 31 March 2025
E09000012,Hackney,12310,480,-600,240,-50,70,12380,0.048740861088545896,1 April 2023 to 31 March 2025
E09000013,Hammersmith and Fulham,10240,260,-410,120,-170,-200,10040,0.0400390625,1 April 2023 to 31 March 2025
E09000014,Haringey,7200,120,-230,200,-20,80,7270,0.03194444444444444,1 April 2023 to 31 March 2025
E09000019,Islington,12130,510,-740,240,-130,-120,12010,0.06100577081615829,1 April 2023 to 31 March 2025
E09000020,Kensington and Chelsea,9040,320,-590,160,-170,-290,8750,0.06526548672566372,1 April 2023 to 31 March 2025
E09000022,Lambeth,9040,300,-330,100,-70,0,9040,0.03650442477876106,1 April 2023 to 31 March 2025
E09000023,Lewisham,6340,170,-290,40,-30,-110,6230,0.04574132492113565,1 April 2023 to 31 March 2025
E09000025,Newham,7890,230,-210,240,-10,250,8130,0.026615969581749048,1 April 2023 to 31 March 2025
E09000028,Southwark,12920,520,-690,450,-110,180,13100,0.053405572755417956,1 April 2023 to 31 March 2025
E09000030,Tower Hamlets,18330,750,-1100,380,-260,-230,18100,0.06001091107474086,1 April 2023 to 31 March 2025
E09000032,Wandsworth,8660,360,-630,120,-50,-210,8450,0.07274826789838337,1 April 2023 to 31 March 2025
E09000033,Westminster,37270,1260,-2630,760,-400,-1010,36270,0.07056613898577944,1 April 2023 to 31 March 2025
E09000002,Barking and Dagenham,4390,530,-440,70,-30,130,4510,0.10022779043280182,1 April 2023 to 31 March 2025
E09000003,Barnet,8270,170,-380,100,-40,-140,8130,0.045949214026602174,1 April 2023 to 31 March 2025
E09000004,Bexley,5370,120,-100,40,-10,50,5420,0.0186219739292365,1 April 2023 to 31 March 2025
E09000005,Brent,9030,310,-300,220,-100,140,9160,0.03322259136212625,1 April 2023 to 31 March 2025
E09000006,Bromley,7400,310,-320,120,-60,40,7450,0.043243243243243246,1 April 2023 to 31 March 2025
E09000008,Croydon,8840,130,-430,60,-20,-260,8580,0.048642533936651584,1 April 2023 to 31 March 2025
E09000009,Ealing,10880,410,-510,220,-100,20,10900,0.046875,1 April 2023 to 31 March 2025
E09000010,Enfield,7090,220,-260,100,-50,10,7100,0.036671368124118475,1 April 2023 to 31 March 2025
E09000011,Greenwich,6190,170,-230,100,-40,-10,6180,0.03715670436187399,1 April 2023 to 31 March 2025
E09000015,Harrow,5530,150,-130,60,-30,50,5580,0.023508137432188065,1 April 2023 to 31 March 2025
E09000016,Havering,6050,50,-100,70,-40,-20,6030,0.01652892561983471,1 April 2023 to 31 March 2025
E09000017,Hillingdon,8930,350,-530,200,-60,-50,8890,0.0593505039193729,1 April 2023 to 31 March 2025
E09000018,Hounslow,7650,330,-330,140,-30,110,7760,0.043137254901960784,1 April 2023 to 31 March 2025
E09000021,Kingston upon Thames,4560,130,-190,70,-10,-10,4550,0.041666666666666664,1 April 2023 to 31 March 2025
E09000024,Merton,5350,140,-220,90,-20,-10,5340,0.041121495327102804,1 April 2023 to 31 March 2025
E09000026,Redbridge,6630,220,-200,110,-70,50,6680,0.030165912518853696,1 April 2023 to 31 March 2025
E09000027,Richmond upon Thames,5710,110,-160,60,-10,-10,5700,0.028021015761821366,1 April 2023 to 31 March 2025
E09000029,Sutton,3990,70,-130,50,-30,-40,3950,0.03258145363408521,1 April 2023 to 31 March 2025
E09000031,Waltham Forest,6750,130,-180,160,-20,90,6840,0.02666666666666667,1 April 2023 to 31 March 2025
E06000036,Bracknell Forest UA,2650,50,-100,30,-10,-30,2620,0.03773584905660377,1 April 2023 to 31 March 2025
E06000043,Brighton and Hove UA,11510,390,-550,130,-60,-90,11410,0.04778453518679409,1 April 2023 to 31 March 2025
E06000060,Buckinghamshire UA,15450,720,-690,180,-170,40,15490,0.04466019417475728,1 April 2023 to 31 March 2025
E07000004,Aylesbury Vale,5540,270,-250,60,-30,50,5590,0.04512635379061372,1 April 2023 to 31 March 2025
E07000005,Chiltern,2660,170,-170,40,-20,30,2690,0.06390977443609022,1 April 2023 to 31 March 2025
E07000006,South Bucks,2020,50,-60,30,-30,0,2020,0.0297029702970297,1 April 2023 to 31 March 2025
E07000007,Wycombe,5230,230,-220,50,-100,-40,5190,0.04206500956022945,1 April 2023 to 31 March 2025
E06000046,Isle of Wight UA,7720,460,-700,130,-50,-160,7560,0.09067357512953368,1 April 2023 to 31 March 2025
E06000035,Medway UA,6470,150,-190,50,-30,-20,6450,0.02936630602782071,1 April 2023 to 31 March 2025
E06000042,Milton Keynes UA,8610,510,-440,120,-80,100,8710,0.05110336817653891,1 April 2023 to 31 March 2025
E06000044,Portsmouth UA,7100,200,-680,70,-50,-460,6640,0.09577464788732394,1 April 2023 to 31 March 2025
E06000038,Reading UA,5690,180,-320,130,-20,-30,5660,0.056239015817223195,1 April 2023 to 31 March 2025
E06000039,Slough UA,3790,80,-320,50,-160,-350,3440,0.08443271767810026,1 April 2023 to 31 March 2025
E06000045,Southampton UA,6830,150,-280,70,-60,-130,6700,0.040995607613469986,1 April 2023 to 31 March 2025
E06000037,West Berkshire UA,5960,240,-230,100,-50,50,6010,0.03859060402684564,1 April 2023 to 31 March 2025
E06000040,Windsor and Maidenhead UA,4790,140,-220,80,-50,-40,4750,0.04592901878914405,1 April 2023 to 31 March 2025
E06000041,Wokingham UA,4390,190,-240,50,-40,-40,4350,0.05466970387243736,1 April 2023 to 31 March 2025
E07000061,Eastbourne,3150,60,-110,20,-10,-50,3100,0.03492063492063492,1 April 2023 to 31 March 2025
E07000062,Hastings,3610,100,-140,40,-20,-30,3590,0.038781163434903045,1 April 2023 to 31 March 2025
E07000063,Lewes,3730,70,-140,50,-20,-40,3690,0.03753351206434316,1 April 2023 to 31 March 2025
E07000064,Rother,4310,270,-350,390,-20,280,4590,0.08120649651972157,1 April 2023 to 31 March 2025
E07000065,Wealden,6700,440,-450,100,-50,40,6730,0.06716417910447761,1 April 2023 to 31 March 2025
E07000084,Basingstoke and Deane,4620,110,-210,60,-40,-90,4540,0.045454545454545456,1 April 2023 to 31 March 2025
E07000085,East Hampshire,4160,80,-110,60,-30,0,4160,0.026442307692307692,1 April 2023 to 31 March 2025
E07000086,Eastleigh,3160,70,-110,40,-30,-30,3130,0.03481012658227848,1 April 2023 to 31 March 2025
E07000087,Fareham,3380,40,-120,20,-50,-120,3260,0.03550295857988166,1 April 2023 to 31 March 2025
E07000088,Gosport,2050,20,-50,10,-30,-50,2000,0.024390243902439025,1 April 2023 to 31 March 2025
E07000089,Hart,2320,60,-40,40,-10,50,2370,0.017241379310344827,1 April 2023 to 31 March 2025
E07000090,Havant,3420,50,-120,10,-10,-80,3340,0.03508771929824561,1 April 2023 to 31 March 2025
E07000091,New Forest,7360,380,-440,80,-40,-20,7340,0.059782608695652176,1 April 2023 to 31 March 2025
E07000092,Rushmoor,2650,80,-140,90,-40,0,2650,0.052830188679245285,1 April 2023 to 31 March 2025
E07000093,Test Valley,4710,440,-320,130,-90,150,4860,0.06794055201698514,1 April 2023 to 31 March 2025
E07000094,Winchester,5160,190,-250,80,-50,-30,5120,0.04844961240310078,1 April 2023 to 31 March 2025
E07000105,Ashford,5430,300,-300,70,-90,-20,5410,0.055248618784530384,1 April 2023 to 31 March 2025
E07000106,Canterbury,6350,260,-260,40,-30,10,6360,0.04094488188976378,1 April 2023 to 31 March 2025
E07000107,Dartford,3290,240,-110,90,-40,180,3460,0.03343465045592705,1 April 2023 to 31 March 2025
E07000108,Dover,4250,370,-440,60,-30,-50,4200,0.10352941176470588,1 April 2023 to 31 March 2025
E07000112,Folkestone and Hythe,4080,340,-240,40,-20,110,4190,0.058823529411764705,1 April 2023 to 31 March 2025
E07000109,Gravesham,2300,90,-70,10,-10,30,2330,0.030434782608695653,1 April 2023 to 31 March 2025
E07000110,Maidstone,5300,200,-230,80,-50,-10,5300,0.04339622641509434,1 April 2023 to 31 March 2025
E07000111,Sevenoaks,4230,230,-170,70,-30,110,4330,0.04018912529550828,1 April 2023 to 31 March 2025
E07000113,Swale,4850,190,-170,50,-60,10,4870,0.03505154639175258,1 April 2023 to 31 March 2025
E07000114,Thanet,5640,230,-280,50,-30,-30,5610,0.04964539007092199,1 April 2023 to 31 March 2025
E07000115,Tonbridge and Malling,3730,130,-150,70,-20,30,3760,0.040214477211796246,1 April 2023 to 31 March 2025
E07000116,Tunbridge Wells,4150,110,-210,50,-40,-100,4050,0.05060240963855422,1 April 2023 to 31 March 2025
E07000177,Cherwell,5210,120,-150,70,-40,10,5220,0.028790786948176585,1 April 2023 to 31 March 2025
E07000178,Oxford,4640,160,-260,50,-40,-100,4540,0.05603448275862069,1 April 2023 to 31 March 2025
E07000179,South Oxfordshire,4500,170,-130,100,-30,110,4610,0.028888888888888888,1 April 2023 to 31 March 2025
E07000180,Vale of White Horse,3980,200,-180,30,-20,30,4010,0.04522613065326633,1 April 2023 to 31 March 2025
E07000181,West Oxfordshire,4320,260,-250,50,-30,30,4350,0.05787037037037037,1 April 2023 to 31 March 2025
E07000207,Elmbridge,3890,100,-180,80,-10,-10,3890,0.04627249357326478,1 April 2023 to 31 March 2025
E07000208,Epsom and Ewell,1750,50,-50,20,0,20,1770,0.02857142857142857,1 April 2023 to 31 March 2025
E07000209,Guildford,4480,150,-160,50,-30,10,4490,0.03571428571428571,1 April 2023 to 31 March 2025
E07000210,Mole Valley,3200,80,-150,30,-20,-70,3130,0.046875,1 April 2023 to 31 March 2025
E07000211,Reigate and Banstead,3680,110,-170,90,-40,-10,3670,0.04619565217391304,1 April 2023 to 31 March 2025
E07000212,Runnymede,2820,170,-260,30,-40,-100,2720,0.09219858156028368,1 April 2023 to 31 March 2025
E07000213,Spelthorne,2460,40,-90,40,-10,-20,2440,0.036585365853658534,1 April 2023 to 31 March 2025
E07000214,Surrey Heath,2960,50,-140,70,-10,-30,2930,0.0472972972972973,1 April 2023 to 31 March 2025
E07000215,Tandridge,2910,50,-70,20,-10,0,2910,0.024054982817869417,1 April 2023 to 31 March 2025
E07000216,Waverley,3990,140,-180,80,-20,20,4010,0.045112781954887216,1 April 2023 to 31 March 2025
E07000217,Woking,2780,200,-240,50,-10,NA,2780,0.08633093525179857,1 April 2023 to 31 March 2025
E07000223,Adur,2300,60,-50,20,-10,20,2320,0.021739130434782608,1 April 2023 to 31 March 2025
E07000224,Arun,4970,140,-160,20,-30,-30,4940,0.03219315895372234,1 April 2023 to 31 March 2025
E07000225,Chichester,5480,260,-260,70,-60,10,5500,0.04744525547445255,1 April 2023 to 31 March 2025
E07000226,Crawley,3720,60,-130,70,-20,-20,3700,0.03494623655913978,1 April 2023 to 31 March 2025
E07000227,Horsham,4990,160,-180,40,-40,-20,4960,0.036072144288577156,1 April 2023 to 31 March 2025
E07000228,Mid Sussex,4610,340,-390,80,-30,10,4610,0.08459869848156182,1 April 2023 to 31 March 2025
E07000229,Worthing,3320,50,-80,20,-10,-30,3290,0.024096385542168676,1 April 2023 to 31 March 2025
E06000022,Bath and North East Somerset UA,6720,300,-400,60,-50,-80,6640,0.05952380952380952,1 April 2023 to 31 March 2025
E06000058,"Bournemouth, Christchurch and Poole UA",16200,380,-740,230,-130,-260,15940,0.04567901234567901,1 April 2023 to 31 March 2025
E06000028,Bournemouth UA,7910,200,-370,150,-60,-80,7820,0.04677623261694058,1 April 2023 to 31 March 2025
E07000048,Christchurch,2100,50,-150,20,-50,-130,1980,0.07142857142857142,1 April 2023 to 31 March 2025
E06000029,Poole UA,6190,130,-220,70,-30,-50,6140,0.035541195476575124,1 April 2023 to 31 March 2025
E06000023,"Bristol, City of UA",16790,680,-1060,380,-370,-370,16420,0.0631328171530673,1 April 2023 to 31 March 2025
E06000052,Cornwall UA,36680,2490,-3800,240,-170,-1230,35450,0.10359869138495092,1 April 2023 to 31 March 2025
E06000059,Dorset UA,18180,1310,-1240,180,-150,100,18280,0.06820682068206821,1 April 2023 to 31 March 2025
E07000049,East Dorset,2980,390,-270,30,-50,100,3090,0.09060402684563758,1 April 2023 to 31 March 2025
E07000050,North Dorset,2750,200,-150,40,-20,60,2810,0.05454545454545454,1 April 2023 to 31 March 2025
E07000051,Purbeck,2910,220,-230,20,-30,-30,2890,0.07903780068728522,1 April 2023 to 31 March 2025
E07000052,West Dorset,6440,330,-390,80,-40,-20,6420,0.06055900621118013,1 April 2023 to 31 March 2025
E07000053,Weymouth and Portland,3090,180,-190,20,-20,-10,3080,0.061488673139158574,1 April 2023 to 31 March 2025
E06000053,Isles of Scilly UA,540,20,-30,0,0,-10,530,0.05555555555555555,1 April 2023 to 31 March 2025
E06000024,North Somerset UA,6580,130,-180,50,-40,-50,6530,0.02735562310030395,1 April 2023 to 31 March 2025
E06000026,Plymouth UA,7950,350,-440,110,-80,-60,7890,0.055345911949685536,1 April 2023 to 31 March 2025
E06000066,Somerset UA,22820,870,-1040,300,-170,-30,22790,0.04557405784399649,1 April 2023 to 31 March 2025
E07000187,Mendip,4750,160,-170,80,-30,40,4790,0.035789473684210524,1 April 2023 to 31 March 2025
E07000188,Sedgemoor,4730,280,-240,40,-30,50,4780,0.0507399577167019,1 April 2023 to 31 March 2025
E07000246,Somerset West and Taunton,6960,200,-380,110,-60,-110,6850,0.05459770114942529,1 April 2023 to 31 March 2025
E07000189,South Somerset,6370,230,-250,70,-60,-10,6370,0.03924646781789639,1 April 2023 to 31 March 2025
E06000025,South Gloucestershire UA,7910,340,-290,110,-320,-150,7750,0.03666245259165613,1 April 2023 to 31 March 2025
E06000030,Swindon UA,5870,130,-280,70,-50,-120,5750,0.04770017035775128,1 April 2023 to 31 March 2025
E06000027,Torbay UA,5710,240,-420,40,-40,-180,5530,0.07355516637478109,1 April 2023 to 31 March 2025
E06000054,Wiltshire UA,16520,520,-490,310,-150,200,16720,0.029661016949152543,1 April 2023 to 31 March 2025
E07000040,East Devon,7640,340,-490,80,-80,-150,7500,0.06413612565445026,1 April 2023 to 31 March 2025
E07000041,Exeter,5170,130,-180,70,-120,-100,5070,0.03481624758220503,1 April 2023 to 31 March 2025
E07000042,Mid Devon,3560,290,-270,60,-50,40,3590,0.07584269662921349,1 April 2023 to 31 March 2025
E07000043,North Devon,6590,360,-690,100,-40,-260,6330,0.1047040971168437,1 April 2023 to 31 March 2025
E07000044,South Hams,6470,370,-640,80,-40,-230,6240,0.09891808346213292,1 April 2023 to 31 March 2025
E07000045,Teignbridge,5670,230,-310,60,-50,-80,5590,0.054673721340388004,1 April 2023 to 31 March 2025
E07000046,Torridge,4220,190,-490,30,-20,-290,3930,0.11611374407582939,1 April 2023 to 31 March 2025
E07000047,West Devon,2460,110,-140,50,-20,NA,2460,0.056910569105691054,1 April 2023 to 31 March 2025
E07000078,Cheltenham,4060,130,-220,90,-70,-70,3990,0.054187192118226604,1 April 2023 to 31 March 2025
E07000079,Cotswold,5360,320,-420,130,-50,-20,5340,0.07835820895522388,1 April 2023 to 31 March 2025
E07000080,Forest of Dean,3450,110,-170,30,-30,-60,3390,0.04927536231884058,1 April 2023 to 31 March 2025
E07000081,Gloucester,4170,120,-140,40,-20,0,4170,0.03357314148681055,1 April 2023 to 31 March 2025
E07000082,Stroud,4330,180,-150,50,-50,30,4360,0.03464203233256351,1 April 2023 to 31 March 2025
E07000083,Tewkesbury,3080,100,-110,40,-30,-10,3070,0.03571428571428571,1 April 2023 to 31 March 2025
