"","authority","class","ons_code","region"
"1","Bath & North East Somerset","UA","E06000022","SW"
"2","Bristol","UA","E06000023","SW"
"3","South Gloucestershire","UA","E06000025","SW"
"4","North Somerset","UA","E06000024","SW"
"5","Luton","UA","E06000032","EE"
"6","Bedford","UA","E06000055","EE"
"7","Central Bedfordshire","UA","E06000056","EE"
"8","Bracknell Forest","UA","E06000036","SE"
"9","West Berkshire","UA","E06000037","SE"
"10","Reading","UA","E06000038","SE"
"11","Slough","UA","E06000039","SE"
"12","Windsor & Maidenhead","UA","E06000040","SE"
"13","Wokingham","UA","E06000041","SE"
"14","Milton Keynes","UA","E06000042","SE"
"15","Buckinghamshire","UA","E06000060","SE"
"16","Buckinghamshire","SC","E10000002","SE"
"17","Peterborough","UA","E06000031","EE"
"18","Cambridgeshire","SC","E10000003","EE"
"19","Halton","UA","E06000006","NW"
"20","Warrington","UA","E06000007","NW"
"21","Cheshire East","UA","E06000049","NW"
"22","Cheshire West & Chester","UA","E06000050","NW"
"23","Hartlepool","UA","E06000001","NE"
"24","Middlesbrough","UA","E06000002","NE"
"25","Redcar & Cleveland","UA","E06000003","NE"
"26","Stockton-on-Tees","UA","E06000004","NE"
"27","Cornwall","UA","E06000052","SW"
"28","Cumberland","UA","E06000063","NW"
"29","Westmorland and Furness","UA","E06000064","NW"
"30","Cumbria","SC","E10000006","NW"
"31","Derby","UA","E06000015","EM"
"32","Derbyshire","SC","E10000007","EM"
"33","Plymouth","UA","E06000026","SW"
"34","Torbay","UA","E06000027","SW"
"35","Devon","SC","E10000008","SW"
"36","Poole","UA","E06000029","SW"
"37","Bournemouth","UA","E06000028","SW"
"38","Dorset Council","UA","E06000059","SW"
"39","Bournemouth, Christchurch and Poole Council","UA","E06000058","SW"
"40","Dorset","SC","E10000009","SW"
"41","Darlington","UA","E06000005","NE"
"42","Durham","UA","E06000047","NE"
"43","Brighton & Hove","UA","E06000043","SE"
"44","East Sussex","SC","E10000011","SE"
"45","Southend-on-Sea","UA","E06000033","EE"
"46","Thurrock","UA","E06000034","EE"
"47","Essex","SC","E10000012","EE"
"48","Gloucestershire","SC","E10000013","SW"
"49","Portsmouth","UA","E06000044","SE"
"50","Southampton","UA","E06000045","SE"
"51","Hampshire","SC","E10000014","SE"
"52","Herefordshire","UA","E06000019","WM"
"53","Worcestershire","SC","E10000034","WM"
"54","Hertfordshire","SC","E10000015","EE"
"55","East Riding of Yorkshire","UA","E06000011","YH"
"56","Kingston-upon-Hull","UA","E06000010","YH"
"57","North East Lincolnshire","UA","E06000012","YH"
"58","North Lincolnshire","UA","E06000013","YH"
"59","Isle of Wight","UA","E06000046","SE"
"60","Medway","UA","E06000035","SE"
"61","Kent","SC","E10000016","SE"
"62","Blackburn with Darwen","UA","E06000008","NW"
"63","Blackpool","UA","E06000009","NW"
"64","Lancashire","SC","E10000017","NW"
"65","Leicester","UA","E06000016","EM"
"66","Rutland","UA","E06000017","EM"
"67","Leicestershire","SC","E10000018","EM"
"68","Lincolnshire","SC","E10000019","EM"
"69","Norfolk","SC","E10000020","EE"
"70","York","UA","E06000014","YH"
"71","North Yorkshire","UA","E06000065","YH"
"72","North Yorkshire","SC","E10000023","YH"
"73","North Northamptonshire","UA","E06000061","EM"
"74","West Northamptonshire","UA","E06000062","EM"
"75","Northamptonshire","SC","E10000021","EM"
"76","Northumberland","UA","E06000057","NE"
"77","Nottingham","UA","E06000018","EM"
"78","Nottinghamshire","SC","E10000024","EM"
"79","Oxfordshire","SC","E10000025","SE"
"80","Telford & Wrekin","UA","E06000020","WM"
"81","Shropshire","UA","E06000051","WM"
"82","Somerset","UA","E06000066","SW"
"83","Somerset","SC","E10000027","SW"
"84","Stoke-on-Trent","UA","E06000021","WM"
"85","Staffordshire","SC","E10000028","WM"
"86","Suffolk","SC","E10000029","EE"
"87","Surrey","SC","E10000030","SE"
"88","Warwickshire","SC","E10000031","WM"
"89","West Sussex","SC","E10000032","SE"
"90","Swindon","UA","E06000030","SW"
"91","Wiltshire","UA","E06000054","SW"
"92","Isles of Scilly","UA","E06000053","SW"
"93","Bolton","MD","E08000001","NW"
"94","Bury","MD","E08000002","NW"
"95","Manchester","MD","E08000003","NW"
"96","Oldham","MD","E08000004","NW"
"97","Rochdale","MD","E08000005","NW"
"98","Salford","MD","E08000006","NW"
"99","Stockport","MD","E08000007","NW"
"100","Tameside","MD","E08000008","NW"
"101","Trafford","MD","E08000009","NW"
"102","Wigan","MD","E08000010","NW"
"103","Knowsley","MD","E08000011","NW"
"104","Liverpool","MD","E08000012","NW"
"105","St Helens","MD","E08000013","NW"
"106","Sefton","MD","E08000014","NW"
"107","Wirral","MD","E08000015","NW"
"108","Barnsley","MD","E08000016","YH"
"109","Doncaster","MD","E08000017","YH"
"110","Rotherham","MD","E08000018","YH"
"111","Sheffield","MD","E08000019","YH"
"112","Gateshead","MD","E08000037","NE"
"113","Newcastle-upon-Tyne","MD","E08000021","NE"
"114","North Tyneside","MD","E08000022","NE"
"115","South Tyneside","MD","E08000023","NE"
"116","Sunderland","MD","E08000024","NE"
"117","Birmingham","MD","E08000025","WM"
"118","Coventry","MD","E08000026","WM"
"119","Dudley","MD","E08000027","WM"
"120","Sandwell","MD","E08000028","WM"
"121","Solihull","MD","E08000029","WM"
"122","Walsall","MD","E08000030","WM"
"123","Wolverhampton","MD","E08000031","WM"
"124","Bradford","MD","E08000032","YH"
"125","Calderdale","MD","E08000033","YH"
"126","Kirklees","MD","E08000034","YH"
"127","Leeds","MD","E08000035","YH"
"128","Wakefield","MD","E08000036","YH"
"129","City of London","LB","E09000001","L"
"130","Camden","LB","E09000007","L"
"131","Greenwich","LB","E09000011","L"
"132","Hackney","LB","E09000012","L"
"133","Hammersmith & Fulham","LB","E09000013","L"
"134","Islington","LB","E09000019","L"
"135","Kensington & Chelsea","LB","E09000020","L"
"136","Lambeth","LB","E09000022","L"
"137","Lewisham","LB","E09000023","L"
"138","Southwark","LB","E09000028","L"
"139","Tower Hamlets","LB","E09000030","L"
"140","Wandsworth","LB","E09000032","L"
"141","Westminster","LB","E09000033","L"
"142","Barking & Dagenham","LB","E09000002","L"
"143","Barnet","LB","E09000003","L"
"144","Bexley","LB","E09000004","L"
"145","Brent","LB","E09000005","L"
"146","Bromley","LB","E09000006","L"
"147","Croydon","LB","E09000008","L"
"148","Ealing","LB","E09000009","L"
"149","Enfield","LB","E09000010","L"
"150","Haringey","LB","E09000014","L"
"151","Harrow","LB","E09000015","L"
"152","Havering","LB","E09000016","L"
"153","Hillingdon","LB","E09000017","L"
"154","Hounslow","LB","E09000018","L"
"155","Kingston-upon-Thames","LB","E09000021","L"
"156","Merton","LB","E09000024","L"
"157","Newham","LB","E09000025","L"
"158","Redbridge","LB","E09000026","L"
"159","Richmond-upon-Thames","LB","E09000027","L"
"160","Sutton","LB","E09000029","L"
"161","Waltham Forest","LB","E09000031","L"
