FID,CTYUA24CD,CTYUA24NM,CTYUA24NMW,BNG_E,BNG_N,LONG,LAT,Shape__Area,Shape__Length,GlobalID
1,E06000001,Hartlepool, ,447161,531473,-1.27017,54.67613,96609658.0322266,50746.5009184832,7ce4583d-dfbb-4e47-ba0e-343cd02f843f
2,E06000002,Middlesbrough, ,451141,516887,-1.211,54.54468,55230925.9235535,35500.2899879195,63f9289e-8b42-4d9b-89c8-24f2e4ba5541
3,E06000003,Redcar and Cleveland, ,464330,519596,-1.00657,54.56752,248307582.508606,85068.788855966,4fd13074-cebe-45ba-850a-34f762a24711
4,E06000004,Stockton-on-Tees, ,444940,518179,-1.30665,54.55688,205176021.510757,88841.9934713387,2f7bf82e-3f13-4922-bb20-fc8119367e16
5,E06000005,Darlington, ,428029,515648,-1.56836,54.53534,198236890.87088,90977.686391216,77e15732-8c4f-4997-b91a-eb6feb4fda0d
6,E06000006,Halton, ,354246,382146,-2.68854,53.33425,80380640.6577301,67017.0442134404,94aa1944-2917-460a-9671-37179d39e13e
7,E06000007,Warrington, ,362744,388457,-2.56168,53.39164,178558338.844109,72259.4892197025,b1ffc190-c2a9-4bec-83ff-c5658a00d88b
8,E06000008,Blackburn with Darwen, ,369489,422806,-2.46362,53.70081,139459841.099991,55078.4228759584,f1835886-d615-4728-b5e6-838582af03b5
9,E06000009,Blackpool, ,332817,436635,-3.02203,53.82164,33580097.3350372,29869.587982883,8f375c5c-eed6-4788-ac36-4585b3c5b842
10,E06000010,"Kingston upon Hull, City of", ,511892,431651,-0.30386,53.76921,70864418.9696198,40935.3092171602,0df05a91-8177-4a33-a6e9-d3cf9e466c4e
11,E06000011,East Riding of Yorkshire, ,488056,443597,-0.66196,53.88112,2407197673.42442,344813.919435326,cd15b745-71fb-40c3-b022-749d4a5bac54
12,E06000012,North East Lincolnshire, ,523465,404564,-0.13911,53.52327,190584874.035233,78307.1240046274,1263c679-678c-4d4e-a1af-70195cda04d7
13,E06000013,North Lincolnshire, ,497800,410993,-0.52408,53.58643,849076821.838409,183045.192431731,ba9c939f-07b9-44aa-bab3-eefdc19b703f
14,E06000014,York, ,460863,452590,-1.07377,53.96583,274859577.356049,84097.2994135012,cfac2f2d-aa48-4c59-b28a-5f5885418d33
15,E06000015,Derby, ,435611,335375,-1.47187,52.91464,78263996.6432495,40192.935493679,c7f3a50f-2886-4422-be80-54d1e4bbb97c
16,E06000016,Leicester, ,458946,304594,-1.13041,52.63592,73578513.6367722,40836.0918690343,ed1d39a6-0304-4d8a-af5d-312ae4355874
17,E06000017,Rutland, ,492992,308655,-0.62631,52.66766,391226387.94873,96490.9151440186,bd74b661-6818-4970-a7a3-f4141afcf53b
18,E06000018,Nottingham, ,456082,339970,-1.16668,52.9542,75902564.0966949,49587.9722961686,b1cb5523-137f-4b64-822d-75a6c4fbe77d
19,E06000019,"Herefordshire, County of", ,349434,242842,-2.73931,52.08162,2180498620.42648,285477.61964964,4a91419c-6754-4dfa-93a5-0df92576e67c
20,E06000020,Telford and Wrekin, ,367035,313057,-2.48941,52.71418,291774659.556938,93581.7295019654,5c0cd1c4-bb51-4e35-8fa1-807a08a0276b
21,E06000021,Stoke-on-Trent, ,389438,346650,-2.15889,53.01706,92984992.6175232,51328.380975671,b9b9a9e8-b9cb-4556-8f30-7e46a4555570
22,E06000022,Bath and North East Somerset, ,366215,161999,-2.48657,51.35605,348634061.161243,107032.094592386,f97e1c39-c755-4b86-aedd-b6abe970a3b1
23,E06000023,"Bristol, City of", ,359990,174844,-2.57742,51.47114,110266889.224518,58279.3543844651,b9f0ae05-8c88-41cb-8b9a-a72a2a1f8207
24,E06000024,North Somerset, ,347614,166718,-2.75438,51.39706,373511020.419128,112299.555386661,39608173-589f-49d2-9c6a-57f03416db97
25,E06000025,South Gloucestershire, ,367556,183197,-2.46927,51.54673,500440999.862251,114738.652410713,13dece8c-53e2-4e9d-8222-a6b06546f965
26,E06000026,Plymouth, ,249945,58255,-4.11298,50.40495,81844283.1436453,54095.7502199228,1edf2079-6363-418e-b7b2-2614f1856354
27,E06000027,Torbay, ,289730,64613,-3.55524,50.47092,65451162.0508461,55431.8486268195,78caf845-345d-4694-a3a0-92533dda4fc2
28,E06000030,Swindon, ,418550,186565,-1.73369,51.57765,227705224.924774,83694.7357866074,84a29244-a0d2-4efd-9789-2626adad7bcc
29,E06000031,Peterborough, ,517372,300777,-0.26874,52.59215,341522886.914047,97197.3576516278,bf34c4d1-9e3e-42a7-b7d3-8810a8338354
30,E06000032,Luton, ,508606,222559,-0.4232,51.89102,44071111.1285782,30777.420869764,2ad933d9-6712-4f7d-85db-9d2d2a4f3670
31,E06000033,Southend-on-Sea, ,587777,186837,0.706923,51.54918,44700956.3147354,36510.7026301174,b61d4422-9cec-451c-a770-f50c81234927
32,E06000034,Thurrock, ,562124,181588,0.334874,51.50996,161508734.592949,72335.6520936895,45d2a46d-2e6c-41ff-8558-2f97064812f9
33,E06000035,Medway, ,578207,175198,0.563174,51.44773,190701602.021233,115776.949242284,8a73159a-5bbb-4bd9-a541-28a0e09a851a
34,E06000036,Bracknell Forest, ,488168,168791,-0.73365,51.4113,108239293.120392,57919.7905038733,9b9a8c40-5193-463f-ad48-0db771594720
35,E06000037,West Berkshire, ,450573,172095,-1.27367,51.44559,701196226.296654,143133.138396136,f1cd3cfa-8343-4829-96fc-c04ec1147512
36,E06000038,Reading, ,470223,173153,-0.99075,51.45302,41097551.0596695,31042.9770301867,a5192c01-d485-415b-8059-4d7e66e536f8
37,E06000039,Slough, ,498920,179246,-0.57618,51.5035,32188270.7861557,36996.6002942328,8a29bcd7-c7ab-4021-908f-7d99053b5c34
38,E06000040,Windsor and Maidenhead, ,492079,176541,-0.67541,51.48034,197830118.332253,102773.486175635,932df08d-5b04-48e9-a38d-e7e6d05f55db
39,E06000041,Wokingham, ,476624,169903,-0.89936,51.42297,179381694.019806,76405.8372774303,181d233a-d0ce-4cd2-ac86-10f7b2b0ec9e
40,E06000042,Milton Keynes, ,486408,242308,-0.74071,52.07242,309296512.486816,87914.8544059525,8c37c008-29f2-4713-95ac-03af92ffa822
41,E06000043,Brighton and Hove, ,530278,106850,-0.15081,50.84651,85559374.1986351,48488.3855058607,2e06445e-4baf-4e82-9a0e-431887f740aa
42,E06000044,Portsmouth, ,465619,101352,-1.07006,50.808,38201394.0803375,45700.9434333415,472b7812-b931-4afd-b223-23fb1d646d72
43,E06000045,Southampton, ,442303,113700,-1.39953,50.92121,51630345.7373047,37973.1530773138,c7399c7f-e3ae-41c9-bb65-707f303a288e
44,E06000046,Isle of Wight, ,447183,85949,-1.33366,50.67129,379658930.696918,114591.275881629,4ae7fad1-7f89-412d-b773-40937ed7c11a
45,E06000047,County Durham, ,410383,532242,-1.84048,54.68513,2231287123.82474,264009.417666425,f16133d0-458d-4df8-ab69-b41e990f8d1e
46,E06000049,Cheshire East, ,380510,363462,-2.293,53.16793,1168703022.85249,236519.350521928,6df44925-0b2f-4b37-a844-08aec9a77ea9
47,E06000050,Cheshire West and Chester, ,353097,363145,-2.70298,53.16336,919469346.735214,226900.969496563,f071ecea-80d9-4585-94b3-1159462de7f7
48,E06000051,Shropshire, ,350227,302957,-2.73667,52.6221,3188408020.09352,469679.996727572,67a6e52a-9b97-4a58-bb86-8060b5bb7db2
49,E06000052,Cornwall, ,212497,64493,-4.64255,50.45023,3576352148.20471,563298.415958676,85fa5e5a-df2d-4d14-b4ac-7940d2c520a1
50,E06000053,Isles of Scilly, ,91327,11447,-6.30217,49.92333,13516931.3647277,40333.1964197432,772145c4-a243-4a7f-acd1-8869e603b6ef
51,E06000054,Wiltshire, ,405213,158862,-1.92656,51.32883,3258715593.99616,349029.454142357,22a014eb-1c7b-4d5f-a68b-343dd30a3e2b
52,E06000055,Bedford, ,505721,256463,-0.45464,52.19629,474735143.23835,115790.214783211,4ee5a219-babe-42a8-8f1f-8ef5c954d105
53,E06000056,Central Bedfordshire, ,504615,234492,-0.47754,51.99904,709037224.962524,200733.015053152,eb404cf4-6054-4ce8-9b43-b8d489c03f29
54,E06000057,Northumberland, ,395323,600700,-2.07522,55.30038,5031745641.95264,446124.560986287,f96bf336-653c-4afa-889d-40a5e35e28b1
55,E06000058,"Bournemouth, Christchurch and Poole", ,410815,94067,-1.84807,50.7461,162230775.25259,94587.5767569202,6ed1eb35-9894-493d-a874-e96e5d697780
56,E06000059,Dorset, ,370877,99796,-2.41459,50.79698,2487985255.35477,400867.951272814,f0b57ff7-7a4c-4b30-ac08-f0e3dacb35f7
57,E06000060,Buckinghamshire, ,482503,208562,-0.80574,51.76967,1572324895.5667,301394.359233107,a356b3b8-4922-4d52-bc17-2deb6638799b
58,E06000061,North Northamptonshire, ,493590,281719,-0.62505,52.42547,993531337.397919,173357.163771664,dcdc9f40-6708-4edc-8e26-944c496d4ce9
59,E06000062,West Northamptonshire, ,467187,263879,-1.01683,52.26899,1374464732.04523,214640.809240256,41c15cd5-a1f3-49ee-a502-37a8f1bcab79
60,E06000063,Cumberland, ,315764,533086,-3.30816,54.68576,3036767954.21707,393896.954355753,9175c915-dfa3-49b5-9072-b20b362c5e37
61,E06000064,Westmorland and Furness, ,353889,510941,-2.71337,54.4917,3793718273.80743,406361.267310273,a99403ef-df40-4732-bcb5-3f8d789bed34
62,E06000065,North Yorkshire, ,429508,466514,-1.55034,54.0937,8051097809.65372,661243.645515178,290c0d6a-2511-49d5-94c7-73c93f0284ea
63,E06000066,Somerset, ,309294,131078,-3.29604,51.07183,3461869447.52903,377794.145745016,090b6ea2-2de5-4b95-8511-f099d98a2ed7
64,E08000001,Bolton, ,368352,409874,-2.47952,53.58451,138687865.014191,64710.3340400121,5e0c43b5-1949-4dd6-8063-2cb2fe08215d
65,E08000002,Bury, ,379658,410767,-2.3088,53.5931,100712672.254913,57016.2534667192,8f53e46d-346b-4d05-a354-896e121fa5d0
66,E08000003,Manchester, ,384591,397063,-2.2336,53.47009,111898280.926071,69387.5197793443,2df714c1-918f-4b4e-82fe-c190553343e3
67,E08000004,Oldham, ,396603,406784,-2.05275,53.55768,144009083.688797,60962.5161536524,dd9d6393-3eec-4af8-92dd-255daf4165af
68,E08000005,Rochdale, ,390315,412326,-2.14784,53.60742,156235168.830826,70318.8138267209,16ed481f-4338-4764-aeef-8b25974c6a44
69,E08000006,Salford, ,374556,398128,-2.38485,53.47927,97966760.8522491,56607.4574926673,66d8ee42-1463-44cb-a990-79d854ae1532
70,E08000007,Stockport, ,391807,388258,-2.12466,53.39111,125568335.173462,56970.4374279622,fa547013-e104-435e-8694-982e5b712ddd
71,E08000008,Tameside, ,394987,397995,-2.077,53.47867,102157735.37204,43840.6156983993,14a8f755-c0c1-4ba8-af22-b784de526b3d
72,E08000009,Trafford, ,375790,391163,-2.36572,53.41673,108080386.800537,50827.7922845074,c71f7547-03b6-42d2-999b-52d2e37fb650
73,E08000010,Wigan, ,362139,402126,-2.57242,53.51445,188317219.242844,71511.8872470227,2fc14736-cfd7-4476-981f-96fa188f2b42
74,E08000011,Knowsley, ,344762,393778,-2.83298,53.43789,86259350.6676788,57791.3542374306,387c4ef3-6ea7-4f70-aa87-3d34b647b813
75,E08000012,Liverpool, ,339359,390556,-2.91368,53.40833,112986725.794609,54579.6671369785,9aebf2a1-75c7-4bdf-b2bc-3bfb3c72455a
76,E08000013,St. Helens, ,353413,395992,-2.70309,53.45862,135954692.29882,64913.9633672744,936698df-f1d2-486b-bf8a-856f33013087
77,E08000014,Sefton, ,334282,398835,-2.99177,53.48213,153718502.741867,96929.8100608077,511934b4-aaa0-480f-8334-ab07341e5e3d
78,E08000015,Wirral, ,329109,386965,-3.06703,53.37478,155791689.984764,75456.2130975748,b2ca62ed-121b-4def-98e8-00c27b9f0c8a
79,E08000016,Barnsley, ,429979,403327,-1.54926,53.52577,327245738.828796,106160.417371897,f8c22878-b7ba-4a5c-97a7-0baa0656dbe4
80,E08000017,Doncaster, ,459167,403733,-1.10895,53.52696,567311902.824066,116347.167268119,0b4e220c-7e2e-4da9-b29d-ac3bc4dfa7b9
81,E08000018,Rotherham, ,447542,388980,-1.28651,53.39554,289185192.302475,88845.3632514031,4b72d80c-2280-495f-8028-56c0431bde30
82,E08000019,Sheffield, ,430511,389736,-1.54255,53.40359,365670799.443451,114108.633527879,80dcf5e9-8735-46cd-9e29-fd10f05010c0
83,E08000021,Newcastle upon Tyne, ,422287,569661,-1.65297,55.021,113015422.896683,53418.6361436281,6624358b-1e39-44d7-8558-49707ccd8405
84,E08000022,North Tyneside, ,431485,570602,-1.50901,55.02896,83081980.9186249,58664.9614434836,5069839b-35e9-42f3-b096-2efa498fee3c
85,E08000023,South Tyneside, ,435505,564057,-1.44694,54.96988,62211023.3444519,39387.9628445384,9f08c654-57b6-47c0-a5c1-9d6221df70bb
86,E08000024,Sunderland, ,436455,551514,-1.43368,54.85711,136162891.751282,58864.8581791645,08f5b7e2-973b-49c4-b99d-e1cfabb0e23c
87,E08000025,Birmingham, ,408150,287352,-1.88141,52.48404,269035994.327301,88771.2776116519,e3db4003-a151-4355-9553-b57e43e1b0d3
88,E08000026,Coventry, ,432809,279689,-1.51905,52.41424,99814432.6769562,43491.2605679822,51631578-01c6-404c-a05e-875188fa12c5
89,E08000027,Dudley, ,393191,288584,-2.10171,52.49514,97276251.4931335,60134.2576855566,f150e67b-821b-4eee-a4ce-c73c35dce362
90,E08000028,Sandwell, ,399573,290764,-2.00772,52.51478,85221028.9950333,48305.2170000014,faa07bb4-c814-4e90-b7a7-6b354e05dcda
91,E08000029,Solihull, ,419434,281483,-1.71559,52.431,177581790.779434,82679.6303269348,1607f591-3875-41ed-bfdf-3dbf19e0ed75
92,E08000030,Walsall, ,402099,300807,-1.97043,52.60506,104037236.450035,49852.8697483562,cc51d54b-415f-4787-9fab-874a80c0cbc2
93,E08000031,Wolverhampton, ,391463,300016,-2.12746,52.59788,69461850.0617142,41129.9723716962,aba94ad1-9e5a-4c43-8f02-66d4bf95e74e
94,E08000032,Bradford, ,408395,438626,-1.8739,53.84383,369651683.846832,113378.352151946,aed28562-3280-4dd6-88a7-63a910d0086b
95,E08000033,Calderdale, ,402618,424895,-1.96181,53.72047,367612475.283127,94048.3010100837,a155dde1-35fa-4645-a37e-304dc5da3656
96,E08000034,Kirklees, ,414586,416223,-1.78085,53.64233,405306353.385895,106837.808517252,1127c0af-758a-4507-8a0f-c5ca04febb3c
97,E08000035,Leeds, ,432528,436384,-1.50736,53.82273,550640034.865128,133852.55658201,17822324-04b9-447c-ab05-7d5cb01ba7d3
98,E08000036,Wakefield, ,438367,418231,-1.42091,53.65918,337240885.689636,90463.3028353905,fa463e14-53c6-4196-b1a8-bb1309d4c9cf
99,E08000037,Gateshead, ,420158,559652,-1.68696,54.93115,147499831.400208,67923.5763310515,1afdcdaa-0440-4728-89f9-e35c6277737b
100,E09000001,City of London, ,532382,181358,-0.09352,51.51564,2677107.49684143,6902.14934515467,1889d764-553c-42fa-ad6f-9e7b862f96bf
101,E09000002,Barking and Dagenham, ,547757,185111,0.129479,51.54556,36356924.0305481,31246.9092001347,2e913d50-65ae-4046-bb74-6aebb9a805bb
102,E09000003,Barnet, ,523473,191752,-0.2182,51.61107,86665152.1877594,41943.1584541682,d931e114-bbbf-4adc-a5c8-a35c7f076226
103,E09000004,Bexley, ,549202,175434,0.146212,51.45823,61714413.5751724,36630.8416043359,3dbd3854-c215-4b4b-b444-0a289d805bf8
104,E09000005,Brent, ,519615,186465,-0.27569,51.56439,44179370.1184082,33216.3568265264,a393244b-40b8-40d0-a5ca-43f2f3db2e68
105,E09000006,Bromley, ,542036,165707,0.039246,51.37266,150200354.494507,63023.1071889816,130304b1-4c11-4167-95e9-945866d0350a
106,E09000007,Camden, ,527491,184283,-0.16291,51.54305,21269432.2465897,22059.4704119237,f5c80dd2-e80d-416f-942e-6342801d689f
107,E09000008,Croydon, ,533922,164745,-0.07762,51.36599,85955790.7896347,46711.535870876,aa366af8-117f-4135-9591-1ec59f5efe53
108,E09000009,Ealing, ,517055,181959,-0.3141,51.52443,54703293.5004959,39296.8632324367,d5230aea-60dc-4db4-8fd9-1ff2be22226b
109,E09000010,Enfield, ,532831,196198,-0.08144,51.6489,83007482.2971954,37695.486839901,b262b711-6498-4e57-a506-8c0ba9693cd8
110,E09000011,Greenwich, ,542507,175878,0.050093,51.46394,47346305.7837448,37581.1299031644,6e3e5d63-f68e-4839-a4a0-952cec538b86
111,E09000012,Hackney, ,534560,185787,-0.06046,51.55493,19832945.1758347,21351.2425933913,aa61a277-a7b8-4cb8-aa17-2237bc0edc95
112,E09000013,Hammersmith and Fulham, ,523867,177993,-0.21735,51.48733,17334835.1918182,20302.4284431768,b192d744-7882-400e-bc1f-2a16078ec18d
113,E09000014,Haringey, ,531260,189349,-0.1067,51.58772,28656867.0462112,25726.8573241027,ffce2f1d-f246-4905-8eff-254579cc9eb6
114,E09000015,Harrow, ,515359,189736,-0.33599,51.59467,51801479.5922928,31182.0556027942,3c359c5b-4d32-4ad7-b22e-24e0553deca2
115,E09000016,Havering, ,555032,187514,0.235368,51.5652,113293153.120064,56719.2106218381,762f3e01-ba5f-40c8-8ea1-1c21098c5c72
116,E09000017,Hillingdon, ,508168,183121,-0.44179,51.53664,115529298.445053,55986.3430131733,fd5ae5ab-9f21-4416-95ca-53cb0136217e
117,E09000018,Hounslow, ,512737,174959,-0.37855,51.46239,56826609.9237061,46725.3061131256,cef15c7c-ed6b-4249-9cb9-22dc051b361c
118,E09000019,Islington, ,531160,184645,-0.1099,51.54547,15147055.2425613,17529.0688543183,2af568f5-b26d-439b-81da-521f8d18f775
119,E09000020,Kensington and Chelsea, ,525756,179054,-0.18978,51.49645,11387818.3138428,17844.7682888426,9bfcf6f8-b423-4f26-8118-e4e40c95a56a
120,E09000021,Kingston upon Thames, ,519508,167389,-0.28368,51.39296,37854519.4491577,33057.8145247818,ccaa9b1a-1296-4ebc-8c69-3f27c3f4e176
121,E09000022,Lambeth, ,531118,175629,-0.11385,51.46445,27177208.4434662,28899.8949205018,8fe29aa6-6888-4406-9dc0-816865068742
122,E09000023,Lewisham, ,537888,173343,-0.01734,51.4423,34349445.730011,30891.9817380858,70b1d33f-813a-4165-af67-56c9629d7673
123,E09000024,Merton, ,526068,169508,-0.18869,51.41059,37363811.4061203,27911.0759982996,e3fe3830-0609-478d-a56d-ec4642dbf2b6
124,E09000025,Newham, ,540713,183346,0.027261,51.5315,36911701.9983902,25880.6823148301,bd4d5925-8ae3-4351-b5e9-aa1965465a7f
125,E09000026,Redbridge, ,543512,189477,0.070085,51.58588,57723543.7370224,36059.3667125629,eaf2380d-127c-44dc-b2e5-606e28ff68ca
126,E09000027,Richmond upon Thames, ,519005,172650,-0.28914,51.44035,57385306.9700165,45187.6677868171,e458d68e-0135-4ecb-a056-3ae1e815d3e8
127,E09000028,Southwark, ,533945,175869,-0.07309,51.46595,29744496.3967743,28145.7262516869,50655abd-be82-41d7-bee6-dce06085c3e1
128,E09000029,Sutton, ,527357,163639,-0.17227,51.35755,44495920.8167877,32961.7603399833,a064c438-951c-4f67-a69c-f6ad71a83e67
129,E09000030,Tower Hamlets, ,536340,181452,-0.03648,51.51555,19288810.8886871,22595.7356506426,e0332663-680b-46e3-bfd2-d7b99e9578e1
130,E09000031,Waltham Forest, ,537328,190278,-0.0188,51.59462,39280519.9152603,28358.2612712938,61d60aec-0631-4ed3-89fe-4372e711ff51
131,E09000032,Wandsworth, ,525152,174138,-0.20022,51.4524,35067705.1437759,32987.7564779204,8d7c75d8-c772-4a89-87f2-7beef8fd8ca4
132,E09000033,Westminster, ,528268,180871,-0.15295,51.51222,22896812.7878189,22657.0608258363,322d68ee-7fbb-4430-96f8-fb9459795b2e
133,E10000003,Cambridgeshire, ,520313,273863,-0.23505,52.34966,3056342184.64191,366310.601371497,e7c1d3db-ae42-406c-97e6-6fde48165f19
134,E10000007,Derbyshire, ,426751,353559,-1.60212,53.07861,2550113049.4557,371897.198902652,241b4fbd-dc4f-48aa-a4b7-4c9bb932a281
135,E10000008,Devon, ,283144,93087,-3.65697,50.72561,6578646069.31886,618591.269801243,c0d91125-40c8-4a34-afe8-fbd1fa95cc05
136,E10000011,East Sussex, ,564122,117996,0.334545,50.93805,1721877680.28447,220186.373664118,73c9ffb1-07fb-40ae-97f8-fe4ba911d9d4
137,E10000012,Essex, ,575269,215409,0.541047,51.80985,3462823611.22225,580384.196244351,522c82f4-5237-4f66-8185-fa9214775b5d
138,E10000013,Gloucestershire, ,389595,213466,-2.15235,51.81973,2683571504.12564,352263.840214667,4a0d70b0-e012-4afc-b96c-1a570dae1f06
139,E10000014,Hampshire, ,452857,127536,-1.24738,51.04475,3676200640.67111,480912.416413045,b2c69a56-e748-4960-8614-bfdcbb2402b6
140,E10000015,Hertfordshire, ,518880,213639,-0.27704,51.80876,1642477093.04578,260485.689935964,bbbf00d8-5e15-41d3-9a51-ae8f01f32122
141,E10000016,Kent, ,590249,147268,0.72137,51.19296,3545035953.1514,436518.898174441,983d9cf7-3e1a-43ae-9ece-99860d76ae60
142,E10000017,Lancashire, ,369784,440758,-2.46092,53.86217,2898241682.4577,454274.152380893,8866305f-368b-4c8e-ad5f-3c30758c56f8
143,E10000018,Leicestershire, ,442147,310191,-1.37791,52.68779,2088019471.89635,301104.414389875,6639ddc0-6d33-4049-b984-40e92fc86a1f
144,E10000019,Lincolnshire, ,517984,358539,-0.23884,53.11102,5949954866.42308,506045.544304134,3820f346-babb-4100-9c84-d4b2e12a7bef
145,E10000020,Norfolk, ,600549,312292,0.964714,52.67124,5376998131.45198,438085.194061992,3e81cd18-07ce-480a-949a-4f6e1314561e
146,E10000024,Nottinghamshire, ,466570,359496,-1.00656,53.1285,2087220925.72139,306433.561075666,99a3e01c-5864-4d5b-a64b-9be6bdd55d86
147,E10000025,Oxfordshire, ,448985,208339,-1.29147,51.77159,2608103555.25391,342257.968088055,985ce697-4430-446c-9265-00f222de975c
148,E10000028,Staffordshire, ,398242,334649,-2.02758,52.90928,2628177699.58682,398396.471076693,0e99bab0-6e6c-4101-bc44-649c3001fabd
149,E10000029,Suffolk, ,608221,266122,1.049221,52.25387,3822174121.4231,439412.431962778,2908abb2-4783-4d39-a431-879de9062d83
150,E10000030,Surrey, ,515966,153408,-0.33911,51.26803,1667149385.99516,228312.177841553,07aebb2e-5ba9-4e70-b276-899cc1021a8d
151,E10000031,Warwickshire, ,429584,253588,-1.56875,52.17977,1974127604.70705,332364.060877516,c8bd06ef-425e-43b7-9879-2aa38a57fea8
152,E10000032,West Sussex, ,508315,118008,-0.45935,50.95133,1996401797.70962,269294.064651676,4e04814a-6ed4-4a89-87a5-2ecbfe64053b
153,E10000034,Worcestershire, ,385792,257204,-2.20936,52.21288,1743249064.87476,306462.978067931,5bd14e9e-f32f-491b-95b5-301b05e8b558
154,N09000001,Antrim and Newtownabbey, ,130813,541285,-6.1776,54.69386,725799509.438972,145230.911089001,49370c29-d4b9-4a23-a166-009c5bec2df0
155,N09000002,"Armagh City, Banbridge and Craigavon", ,112110,508158,-6.43455,54.38671,1436133596.94844,200894.188676107,e877e365-6f3d-4c9e-bb40-af2a517dfa2e
156,N09000003,Belfast, ,146465,529747,-5.92535,54.59853,137793211.378029,55368.3406467658,e21f7b62-99d9-4ecb-9363-cd5ed7c75ab7
157,N09000004,Causeway Coast and Glens, ,106168,581420,-6.59961,55.03962,1985246185.58913,285673.887081582,b2814e23-6d37-45f0-bbf7-e65a900e8022
158,N09000005,Derry City and Strabane, ,51779,559566,-7.42064,54.80904,1246637302.06076,232726.794902064,bafaa673-3baf-4c38-b180-f4e91786cd6e
159,N09000006,Fermanagh and Omagh, ,41233,513013,-7.5271,54.38521,3008098448.65362,353030.335964912,952c9e3f-bba6-4f8b-a50c-a402fd4b1a62
160,N09000007,Lisburn and Castlereagh, ,138712,518920,-6.03545,54.49753,511678825.677032,133180.971163027,ac3fb38a-3907-4246-b78c-277ad70e7d35
161,N09000008,Mid and East Antrim, ,133943,560151,-6.14646,54.86462,1064497679.16619,198440.24053613,af954615-aa10-4763-83d2-f2d61726c9ba
162,N09000009,Mid Ulster, ,83920,528564,-6.88891,54.55274,1960344282.72563,267948.60966111,8e0ddc34-3bfa-420d-aa3e-c7496b2a4046
163,N09000010,"Newry, Mourne and Down", ,133006,480432,-6.08891,54.14954,1686589091.39087,292915.110008456,c1166371-9f4e-48da-8852-8f28d36f43b3
164,N09000011,Ards and North Down, ,164321,524944,-5.64569,54.5641,568018205.837128,133193.841859788,0f8519aa-36ac-4ed7-a0c5-1284f3ff2f46
165,S12000005,Clackmannanshire, ,291178,696402,-3.75317,56.14785,161788598.32402,74425.4447686975,127f4111-b3fe-41dc-b68d-ceb27a237a7b
166,S12000006,Dumfries and Galloway, ,270645,579856,-4.02863,55.09621,6441243932.34341,690353.140160442,b586fd67-d229-44af-a171-491f3d88565c
167,S12000008,East Ayrshire, ,255398,624935,-4.29057,55.49674,1273186861.23479,276607.3525259,59a40b07-0f25-4d84-aa95-93603944e04d
168,S12000010,East Lothian, ,354854,672351,-2.72435,55.94207,678377929.808701,149383.831751217,8b4ec43f-cea6-4ef5-aaee-41c78d91c5bc
169,S12000011,East Renfrewshire, ,251930,653115,-4.36058,55.74869,175673929.966217,75235.332193271,e642c01f-7b9a-4cdf-8262-2c9acbba1f46
170,S12000013,Na h-Eileanan Siar, ,126473,932862,-6.65722,58.19939,3004843433.43447,1649137.81427597,1c85e27f-3ea2-4cb9-a6bd-8be4f8ebc8a3
171,S12000014,Falkirk, ,285585,680170,-3.83619,56.00078,296685634.03688,117103.827945723,6d5ce1b2-ce90-4a1f-8025-9d2a10ac1f22
172,S12000017,Highland, ,241018,858292,-4.66104,57.58657,26109824886.948,3157781.4657917,23887556-635c-4524-84b7-add54ef4865f
173,S12000018,Inverclyde, ,227922,670894,-4.75387,55.90031,162791268.674469,60961.2570220878,6667f2c8-e3eb-49fa-a29d-5ced43b7ae44
174,S12000019,Midlothian, ,330088,659217,-3.11738,55.82112,354813256.347198,110234.868394774,435db057-8e3f-46fb-9bf5-cdc3e6938ad0
175,S12000020,Moray, ,328015,843590,-3.20203,57.47681,2243662743.89151,352923.874937752,a04f7eca-64ba-48e7-ba5e-be80cbdd3308
176,S12000021,North Ayrshire, ,228996,651640,-4.7246,55.72789,879789199.879517,254779.148291609,5e4e34e0-a599-4c56-8adf-adad824a1f84
177,S12000023,Orkney Islands, ,348293,1006584,-2.90025,58.94334,995867658.650589,771254.36552586,fb0416c9-53c7-4029-860f-738a236b2142
178,S12000026,Scottish Borders, ,345889,626137,-2.85869,55.52596,4743874383.33755,430242.735904274,bca573c0-ac18-424c-9aad-d894dc47cc43
179,S12000027,Shetland Islands, ,434516,1180307,-1.37344,60.50495,1435169430.61118,1194572.297757,d22632a7-f70d-4656-9da1-297658391bc8
180,S12000028,South Ayrshire, ,226545,596271,-4.729,55.23009,1224187094.70687,252238.83975308,747a4814-df8d-4e3e-ae46-7758540a2d41
181,S12000029,South Lanarkshire, ,284634,636071,-3.83272,55.60453,1771550624.40652,247588.64738527,e5fdce8b-2ebd-4700-82a4-3cb9dd71f79d
182,S12000030,Stirling, ,255980,708769,-4.32596,56.24953,2259083512.44484,286927.688634678,e9309603-7669-45c7-a8e6-e98218f46dda
183,S12000033,Aberdeen City, ,387763,808479,-2.20398,57.16698,186394543.184784,88336.0370839989,d7492a71-c3a2-4351-bb69-2e7b0f76e3e4
184,S12000034,Aberdeenshire, ,352284,816277,-2.79209,57.2347,6319993581.5704,561706.989816411,cea16d60-7871-4e51-990a-a5f0aba3ea59
185,S12000035,Argyll and Bute, ,200740,715443,-5.22115,56.28945,6941520727.68521,2208942.9194323,f2051235-b7fc-4eeb-9e2f-cce4bb83f0bc
186,S12000036,City of Edinburgh, ,320193,669417,-3.27827,55.9112,263287507.36174,88862.6767669693,182da135-8c02-45f3-94f6-981cb1440355
187,S12000038,Renfrewshire, ,239305,664698,-4.56834,55.84863,269214204.347305,89241.2347901759,27ae23f0-266e-4c1a-84d8-ad7372c00824
188,S12000039,West Dunbartonshire, ,242904,681586,-4.52075,56.0014,179410610.236465,72678.0137913466,ff7621cb-af4d-4395-bfd2-a7c3054c3e57
189,S12000040,West Lothian, ,299483,668514,-3.6091,55.89921,427102936.485748,113066.382132416,4fc00cb9-e37e-404d-acdd-3f8b6ce25822
190,S12000041,Angus, ,345506,759636,-2.8921,56.72518,2194487153.97276,244632.630063579,46368d2d-07bd-4f1d-8349-d6c03b3884d7
191,S12000042,Dundee City, ,340291,732145,-2.97095,56.47761,57176975.0076904,39677.9441466204,c577af85-65b5-4e03-9526-3b4875f0741a
192,S12000045,East Dunbartonshire, ,261240,676154,-4.22418,55.95829,174167614.36441,83226.1959972311,8f4b9971-9568-46b4-9611-64eb0a134c30
193,S12000047,Fife, ,339187,704720,-2.98251,56.23112,1321990268.08153,249047.308187239,c8221462-1e45-482e-a423-e97d8b85a594
194,S12000048,Perth and Kinross, ,284302,744185,-3.88484,56.57528,5385251160.6488,483321.38091579,1a2c7b7d-c4dd-4246-9d7c-e4d3f50ec233
195,S12000049,Glasgow City, ,261534,667033,-4.2148,55.87649,178529603.406708,87927.9140961506,ff943b53-908a-493f-ab05-2621b1948399
196,S12000050,North Lanarkshire, ,277984,665608,-3.9514,55.86814,469803303.88121,138701.238003776,007ef224-736d-4ad2-b318-79552290942f
197,W06000001,Isle of Anglesey,Ynys Môn,245217,378331,-4.32298,53.27931,708392782.244125,207652.001165432,da869837-8ab2-4742-971b-873ad970477f
198,W06000002,Gwynedd,Gwynedd,280555,334966,-3.77716,52.89884,2547846209.84693,430034.746948615,41af3c45-928b-4919-bfc1-b02f44cf168b
199,W06000003,Conwy,Conwy,283293,362563,-3.74646,53.1474,1136883056.90202,196007.394942366,499fe889-f873-4881-907e-6aaf0cc31e85
200,W06000004,Denbighshire,Sir Ddinbych,309843,355416,-3.34761,53.08833,834278706.945213,188183.276326017,6ca7dea4-103b-4ef7-b457-170fd23bd93a
201,W06000005,Flintshire,Sir y Fflint,321134,369280,-3.18248,53.21472,435589730.362465,126049.601288163,c2f76fcf-29a9-48ea-9699-f3473e0f7d45
202,W06000006,Wrexham,Wrecsam,333523,345387,-2.99203,53.00167,506869221.271835,155295.953544693,93fb1fe0-d8e8-45a6-bd7e-55a9fe12e3b1
203,W06000008,Ceredigion,Ceredigion,267127,268437,-3.94993,52.29795,1782772431.68916,260666.015468797,c05fd4dc-cdd2-4204-a1e4-77e974aef749
204,W06000009,Pembrokeshire,Sir Benfro,199821,221392,-4.90818,51.85514,1625734515.80568,371634.90552869,31db2a2a-17a3-4c0d-af4b-f9d89249bad3
205,W06000010,Carmarthenshire,Sir Gaerfyrddin,247955,224133,-4.21109,51.89496,2369191137.98418,315023.342765622,7e13638f-71f8-49cc-aaad-5161badcce1a
206,W06000011,Swansea,Abertawe,264022,197308,-3.96723,51.65807,376134515.138233,151692.769492214,653e4fd4-a0df-4319-badf-fecea856bac7
207,W06000012,Neath Port Talbot,Castell-nedd Port Talbot,279261,195412,-3.74638,51.64451,448029250.024529,121377.040648356,1489a559-1381-4613-b815-6dce57af96c1
208,W06000013,Bridgend,Pen-y-bont ar Ogwr,288231,185870,-3.61376,51.5606,249582321.202026,76696.219490079,48e30806-4f7a-46d0-b029-accf0e1e5766
209,W06000014,Vale of Glamorgan,Bro Morgannwg,302947,173080,-3.39802,51.44836,330462530.24316,90397.3911821524,08ef0942-58af-4e78-bb63-f98c5830b635
210,W06000015,Cardiff,Caerdydd,315272,178887,-3.22209,51.50254,142291275.575809,60169.4971520259,41b16816-d021-4129-8528-2b8b7091687c
211,W06000016,Rhondda Cynon Taf,Rhondda Cynon Taf,302237,192395,-3.4136,51.62186,422367693.124981,112311.51707442,38dc0d8c-667f-4503-9ea8-b6b56b2efc4d
212,W06000018,Caerphilly,Caerffili,317245,195259,-3.19754,51.65001,277812160.267925,98223.998043405,985f3f9f-7ae8-4411-9a42-ba10b2e3edb5
213,W06000019,Blaenau Gwent,Blaenau Gwent,318236,206771,-3.18592,51.75364,109273372.239006,58166.9529683021,b2830cbe-9557-4573-bd8a-670c4611041e
214,W06000020,Torfaen,Torfaen,327459,200480,-3.05102,51.69836,125718310.474266,68470.4790201423,437c7a6f-6c45-44e6-a433-457c66187b75
215,W06000021,Monmouthshire,Sir Fynwy,337812,209231,-2.90281,51.77828,855021514.862679,181394.170720408,cdf89f1a-1750-4553-995a-b63a9bf21098
216,W06000022,Newport,Casnewydd,337897,187432,-2.89769,51.58231,191835512.290451,87840.542999379,8ff38fd6-7998-46cf-b0cc-86d9bb1a2394
217,W06000023,Powys,Powys,302329,273254,-3.43532,52.34864,5199673459.84301,504284.654012272,af5e5479-f6a9-47f2-a060-e378e859a03a
218,W06000024,Merthyr Tydfil,Merthyr Tudful,305916,206404,-3.36425,51.74841,113429663.904167,59176.4583326824,218d173e-58bf-4daf-abad-bbd35e938cf0
