Upper Tier Local Authority District code (2024),Upper Tier Local Authority District name (2024),IDACI - Average rank ,IDACI - Rank of average rank ,IDACI - Average score ,IDACI - Rank of average score ,IDACI - Proportion of LSOAs in most deprived 10% nationally ,IDACI - Rank of proportion of LSOAs in most deprived 10% nationally 
E06000001,Hartlepool,22680.15,30,0.494,26,0.351,6
E06000002,Middlesbrough,24463.29,18,0.552,10,0.389,3
E06000003,Redcar and Cleveland,21386.67,49,0.453,38,0.205,32
E06000004,Stockton-on-Tees,17665.85,88,0.373,79,0.169,41
E06000005,Darlington,18439.10,77,0.376,75,0.152,46
E06000006,Halton,20279.51,61,0.434,49,0.213,28
E06000007,Warrington,13089.74,126,0.267,122,0.023,116
E06000008,Blackburn with Darwen,24072.84,23,0.510,23,0.253,21
E06000009,Blackpool,25124.50,14,0.551,11,0.277,16
E06000010,"Kingston upon Hull, City of",24272.10,19,0.524,18,0.327,10
E06000011,East Riding of Yorkshire,13175.57,124,0.263,124,0.038,102
E06000012,North East Lincolnshire,21623.46,43,0.472,32,0.271,17
E06000013,North Lincolnshire,19122.61,71,0.385,72,0.107,62
E06000014,York,11710.50,139,0.237,138,0.025,110
E06000015,Derby,21668.92,42,0.457,36,0.171,39
E06000016,Leicester,25134.84,13,0.514,22,0.185,37
E06000017,Rutland,8388.22,149,0.169,149,0.000,144
E06000018,Nottingham,25935.55,10,0.554,8,0.369,5
E06000019,"Herefordshire, County of",16663.21,94,0.315,100,0.034,105
E06000020,Telford and Wrekin,21747.27,39,0.440,42,0.130,51
E06000021,Stoke-on-Trent,24149.00,20,0.506,24,0.227,26
E06000022,Bath and North East Somerset,11396.08,141,0.227,140,0.025,109
E06000023,"Bristol, City of",17880.62,86,0.369,80,0.116,55
E06000024,North Somerset,12653.14,129,0.254,128,0.044,96
E06000025,South Gloucestershire,12414.89,131,0.240,135,0.006,136
E06000026,Plymouth,18835.33,74,0.379,74,0.110,61
E06000027,Torbay,21111.53,52,0.409,63,0.066,79
E06000030,Swindon,15215.27,111,0.298,109,0.043,100
E06000031,Peterborough,22606.32,33,0.458,35,0.149,47
E06000032,Luton,26266.08,8,0.553,9,0.248,22
E06000033,Southend-on-Sea,18336.02,80,0.375,76,0.074,75
E06000034,Thurrock,18351.71,79,0.351,88,0.030,106
E06000035,Medway,18774.47,75,0.367,82,0.053,85
E06000036,Bracknell Forest,9900.81,146,0.195,148,0.000,144
E06000037,West Berkshire,10504.52,144,0.205,145,0.000,144
E06000038,Reading,17085.06,91,0.329,93,0.020,120
E06000039,Slough,21277.88,50,0.403,64,0.024,114
E06000040,Windsor and Maidenhead,7916.65,150,0.164,150,0.000,144
E06000041,Wokingham,6229.10,152,0.138,152,0.000,144
E06000042,Milton Keynes,16026.47,101,0.310,106,0.024,113
E06000043,Brighton and Hove,15763.23,104,0.319,98,0.097,68
E06000044,Portsmouth,20510.80,60,0.421,55,0.112,59
E06000045,Southampton,21730.46,40,0.435,46,0.105,63
E06000046,Isle of Wight,21003.50,54,0.401,66,0.045,95
E06000047,County Durham,20585.04,58,0.416,58,0.118,54
E06000049,Cheshire East,11851.05,138,0.241,134,0.016,125
E06000050,Cheshire West and Chester,14236.96,120,0.291,112,0.045,94
E06000051,Shropshire,15143.13,113,0.290,114,0.020,119
E06000052,Cornwall,19144.03,70,0.360,84,0.021,117
E06000053,Isles of Scilly,4535.00,153,0.118,153,0.000,144
E06000054,Wiltshire,12398.69,133,0.239,137,0.003,140
E06000055,Bedford,17225.77,90,0.338,90,0.051,88
E06000056,Central Bedfordshire,13008.08,128,0.250,130,0.006,136
E06000057,Northumberland,16622.26,95,0.336,92,0.065,80
E06000058,"Bournemouth, Christchurch and Poole",16235.00,98,0.312,105,0.017,124
E06000059,Dorset,15333.17,110,0.289,116,0.014,128
E06000060,Buckinghamshire,11149.81,142,0.220,143,0.006,135
E06000061,North Northamptonshire,16774.48,92,0.324,94,0.029,107
E06000062,West Northamptonshire,14696.23,117,0.287,117,0.017,123
E06000063,Cumberland,16110.25,100,0.323,95,0.057,83
E06000064,Westmorland and Furness,12221.53,134,0.245,131,0.028,108
E06000065,North Yorkshire,12399.69,132,0.244,132,0.019,121
E06000066,Somerset,15452.95,109,0.295,111,0.018,122
E08000001,Bolton,22782.91,28,0.481,29,0.198,33
E08000002,Bury,19073.68,72,0.384,73,0.075,74
E08000003,Manchester,26761.27,6,0.575,6,0.319,14
E08000004,Oldham,24939.43,17,0.532,15,0.282,15
E08000005,Rochdale,23601.27,25,0.493,27,0.207,30
E08000006,Salford,23382.09,26,0.497,25,0.193,36
E08000007,Stockport,13085.03,127,0.273,121,0.052,86
E08000008,Tameside,22021.49,37,0.446,40,0.127,53
E08000009,Trafford,10258.50,145,0.219,144,0.043,99
E08000010,Wigan,17681.71,87,0.358,86,0.090,72
E08000011,Knowsley,22720.19,29,0.479,30,0.230,25
E08000012,Liverpool,24102.61,22,0.533,14,0.344,8
E08000013,St. Helens,19901.65,66,0.416,59,0.165,43
E08000014,Sefton,18152.11,82,0.375,77,0.157,45
E08000015,Wirral,18387.76,78,0.395,71,0.168,42
E08000016,Barnsley,21814.63,38,0.435,47,0.115,57
E08000017,Doncaster,22609.21,32,0.471,33,0.196,34
E08000018,Rotherham,21469.91,45,0.456,37,0.194,35
E08000019,Sheffield,20657.97,57,0.461,34,0.245,23
E08000021,Newcastle upon Tyne,20708.73,56,0.445,41,0.206,31
E08000022,North Tyneside,15499.93,107,0.313,102,0.045,93
E08000023,South Tyneside,21718.71,41,0.447,39,0.146,49
E08000024,Sunderland,21388.26,48,0.437,44,0.146,48
E08000025,Birmingham,27051.44,4,0.617,3,0.458,2
E08000026,Coventry,22663.51,31,0.478,31,0.227,27
E08000027,Dudley,20831.09,55,0.432,51,0.128,52
E08000028,Sandwell,26490.43,7,0.544,13,0.184,38
E08000029,Solihull,14844.04,115,0.302,108,0.067,77
E08000030,Walsall,25120.06,15,0.546,12,0.325,12
E08000031,Wolverhampton,25042.99,16,0.528,17,0.242,24
E08000032,Bradford,24124.79,21,0.516,21,0.256,19
E08000033,Calderdale,19537.54,69,0.401,67,0.132,50
E08000034,Kirklees,20256.19,62,0.412,61,0.115,56
E08000035,Leeds,18626.80,76,0.402,65,0.170,40
E08000036,Wakefield,19831.78,67,0.397,69,0.098,67
E08000037,Gateshead,20555.16,59,0.422,54,0.111,60
E09000001,City of London,9825.64,147,0.202,146,0.000,144
E09000002,Barking and Dagenham,25989.74,9,0.518,20,0.044,96
E09000003,Barnet,18900.87,73,0.374,78,0.068,76
E09000004,Bexley,14726.81,116,0.285,118,0.007,134
E09000005,Brent,26926.56,5,0.585,5,0.326,11
E09000006,Bromley,11094.13,143,0.223,142,0.010,130
E09000007,Camden,20112.80,64,0.428,53,0.262,18
E09000008,Croydon,21004.90,53,0.418,56,0.096,69
E09000009,Ealing,23801.77,24,0.488,28,0.161,44
E09000010,Enfield,25451.37,11,0.555,7,0.383,4
E09000011,Greenwich,21420.62,46,0.414,60,0.024,111
E09000012,Hackney,27705.52,3,0.641,2,0.349,7
E09000013,Hammersmith and Fulham,18130.76,83,0.368,81,0.113,58
E09000014,Haringey,23330.64,27,0.522,19,0.320,13
E09000015,Harrow,21230.45,51,0.412,62,0.014,127
E09000016,Havering,16719.05,93,0.318,99,0.000,144
E09000017,Hillingdon,20226.32,63,0.396,70,0.035,104
E09000018,Hounslow,22122.53,35,0.432,50,0.053,84
E09000019,Islington,25176.69,12,0.530,16,0.254,20
E09000020,Kensington and Chelsea,12195.16,136,0.260,125,0.079,73
E09000021,Kingston upon Thames,12203.01,135,0.236,139,0.000,144
E09000022,Lambeth,22106.00,36,0.437,45,0.094,70
E09000023,Lewisham,21404.94,47,0.418,57,0.057,82
E09000024,Merton,14882.54,114,0.291,113,0.024,114
E09000025,Newham,28186.51,2,0.597,4,0.335,9
E09000026,Redbridge,20104.74,65,0.399,68,0.092,71
E09000027,Richmond upon Thames,7249.01,151,0.155,151,0.000,144
E09000028,Southwark,21520.61,44,0.432,52,0.052,87
E09000029,Sutton,13354.43,123,0.258,127,0.008,131
E09000030,Tower Hamlets,30218.68,1,0.713,1,0.645,1
E09000031,Waltham Forest,22508.53,34,0.439,43,0.103,65
E09000032,Wandsworth,16574.24,96,0.350,89,0.102,66
E09000033,Westminster,19749.12,68,0.435,48,0.211,29
E10000003,Cambridgeshire,12475.04,130,0.241,133,0.005,138
E10000007,Derbyshire,15936.74,103,0.313,101,0.042,101
E10000008,Devon,15457.80,108,0.290,115,0.004,139
E10000011,East Sussex,18306.90,81,0.360,85,0.066,78
E10000012,Essex,15208.60,112,0.297,110,0.035,103
E10000013,Gloucestershire,13520.69,121,0.266,123,0.020,118
E10000014,Hampshire,12103.63,137,0.240,136,0.016,126
E10000015,Hertfordshire,13417.76,122,0.258,126,0.003,141
E10000016,Kent,16362.83,97,0.322,96,0.051,89
E10000017,Lancashire,17893.47,85,0.365,83,0.104,64
E10000018,Leicestershire,13175.29,125,0.253,129,0.007,133
E10000019,Lincolnshire,17918.79,84,0.352,87,0.058,81
E10000020,Norfolk,17259.56,89,0.336,91,0.044,96
E10000024,Nottinghamshire,16142.57,99,0.321,97,0.046,91
E10000025,Oxfordshire,11525.70,140,0.225,141,0.002,143
E10000028,Staffordshire,15586.20,106,0.304,107,0.024,112
E10000029,Suffolk,16009.43,102,0.313,103,0.049,90
E10000030,Surrey,9758.94,148,0.195,147,0.003,142
E10000031,Warwickshire,14420.81,119,0.278,120,0.011,129
E10000032,West Sussex,14627.83,118,0.281,119,0.008,132
E10000034,Worcestershire,15738.30,105,0.312,104,0.046,92
