"Table SOP3.1: All sectors - number of rateable properties, by administrative area and financial year [note 1a]",,,,,,,,,,,,,,,,,,,,,,,,,
This worksheet contains one table. Some cells refer to notes which can be found in a table on the Notes worksheet.,,,,,,,,,,,,,,,,,,,,,,,,,
Cells which contain [z] mean the data point is not applicable.,,,,,,,,,,,,,,,,,,,,,,,,,
Cells which contain [c] mean the data point is between 1 and 4 and has been suppressed.,,,,,,,,,,,,,,,,,,,,,,,,,
"This table includes all properties in the England and Wales Non-Domestic Rating Lists, as at 31 March for each year between 2011 and 2025.",,,,,,,,,,,,,,,,,,,,,,,,,
Figures show the number of properties (counts).,,,,,,,,,,,,,,,,,,,,,,,,,
Geography [note 5a],Abolished year [note 6],BA Code [note 5b],ONS area code [note 5c],ONS area name,31 March 2011,31 March 2012,31 March 2013,31 March 2014,31 March 2015,31 March 2016,31 March 2017,31 March 2018,31 March 2019,31 March 2020,31 March 2021,31 March 2022,31 March 2023,31 March 2024,31 March 2025,Note,,,,,
ENGWAL,[z],[z],K04000001,England and Wales,"1,853,160","1,870,060","1,886,820","1,915,020","1,937,740","1,956,490","1,995,010","2,049,580","2,073,070","2,104,570","2,128,160","2,140,340","2,145,270","2,132,000","2,129,730",,,,,,
NATL,[z],[z],E92000001,England,"1,747,360","1,763,460","1,779,370","1,806,390","1,827,730","1,845,400","1,881,900","1,932,620","1,953,380","1,983,250","2,003,100","2,013,640","2,017,390","2,004,870","2,003,610",,,,,,
REGL,[z],[z],E12000001,North East,"76,970","77,750","78,430","79,560","81,000","82,180","83,490","85,440","86,400","87,410","88,670","89,620","90,030","89,720","89,420",,,,,,
LAUA,[z],1355,E06000047,County Durham UA,"14,490","14,600","14,670","14,800","14,950","14,970","15,190","15,490","15,560","15,650","15,870","16,110","16,200","16,160","16,080",,,,,,
LAUA,[z],1350,E06000005,Darlington UA,"3,400","3,450","3,480","3,490","3,480","3,590","3,680","3,790","3,810","3,910","3,900","3,920","3,950","3,950","3,980",,,,,,
LAUA,[z],0724,E06000001,Hartlepool UA,"2,620","2,670","2,730","2,740","2,750","2,780","2,810","2,840","2,850","2,880","2,950","2,960","2,960","2,970","2,980",,,,,,
LAUA,[z],0734,E06000002,Middlesbrough UA,"4,090","4,130","4,130","4,180","4,230","4,270","4,360","4,500","4,520","4,510","4,610","4,630","4,650","4,620","4,650",,,,,,
LAUA,[z],2935,E06000057,Northumberland UA,"11,620","11,710","11,820","12,010","12,210","12,430","12,660","12,900","13,210","13,440","13,800","14,230","14,440","14,290","14,170",,,,,,
LAUA,[z],0728,E06000003,Redcar and Cleveland UA,"3,730","3,740","3,780","3,860","3,900","3,940","4,000","4,090","4,150","4,260","4,280","4,330","4,400","4,400","4,340",,,,,,
LAUA,[z],0738,E06000004,Stockton-on-Tees UA,"4,890","4,940","5,050","5,170","5,220","5,470","5,610","5,650","5,710","5,710","5,750","5,800","5,750","5,690","5,700",,,,,,
CTYMET,[z],[z],E11000007,Tyne and Wear (Met County),"32,130","32,510","32,780","33,310","34,260","34,730","35,190","36,190","36,600","37,060","37,510","37,650","37,690","37,640","37,520",,,,,,
LAUA,[z],4505,E08000037,Gateshead,"6,270","6,450","6,500","6,540","6,600","6,630","6,650","6,670","6,720","6,740","6,820","7,040","6,980","6,990","7,000",,,,,,
LAUA,[z],4510,E08000021,Newcastle upon Tyne,"9,540","9,620","9,790","10,110","10,360","10,570","10,720","11,250","11,510","11,840","12,020","11,980","11,980","11,950","11,950",,,,,,
LAUA,[z],4515,E08000022,North Tyneside,"5,290","5,280","5,270","5,340","5,430","5,510","5,580","5,990","6,030","6,120","6,200","6,210","6,290","6,330","6,350",,,,,,
LAUA,[z],4520,E08000023,South Tyneside,"3,600","3,610","3,630","3,630","3,810","3,850","3,850","3,870","3,850","3,870","3,900","3,890","3,890","3,850","3,850",,,,,,
LAUA,[z],4525,E08000024,Sunderland,"7,430","7,540","7,580","7,700","8,060","8,170","8,380","8,410","8,480","8,500","8,570","8,540","8,540","8,530","8,370",,,,,,
REGL,[z],[z],E12000002,North West,"245,140","247,880","250,440","255,080","258,640","261,600","266,100","271,220","273,780","281,560","284,550","286,360","288,200","286,740","286,480",,,,,,
LAUA,[z],2372,E06000008,Blackburn with Darwen UA,"5,810","6,030","6,110","6,210","6,330","6,430","6,570","6,670","6,770","6,900","6,900","6,980","8,290","8,260","8,340",,,,,,
LAUA,[z],2373,E06000009,Blackpool UA,"6,710","6,820","6,820","6,830","6,860","6,800","6,780","6,790","6,790","6,780","6,770","6,710","6,710","6,590","6,550",,,,,,
LAUA,[z],0660,E06000049,Cheshire East UA,"12,580","12,700","12,860","12,990","13,150","13,450","14,020","14,500","14,760","14,930","15,150","15,270","15,380","15,340","15,450",,,,,,
LAUA,[z],0665,E06000050,Cheshire West and Chester UA,"10,610","10,740","10,820","10,840","10,910","10,930","10,990","11,100","11,220","12,190","12,200","12,250","12,350","12,350","12,380",,,,,,
LAUA,[z],0935,E06000063,Cumberland UA,"11,060","11,120","11,220","11,340","11,510","11,590","11,840","12,090","12,200","12,350","12,550","12,770","12,900","12,800","12,640",[note 5d],,,,,
LAUA,2023,0905,E07000026,Allerdale,"4,540","4,580","4,620","4,690","4,750","4,830","4,890","5,000","5,070","5,140","5,240","5,320","5,410","5,340","5,260",[note 5d],,,,,
LAUA,2023,0915,E07000028,Carlisle,"4,190","4,210","4,250","4,290","4,390","4,380","4,530","4,630","4,650","4,720","4,750","4,810","4,840","4,840","4,800",[note 5d],,,,,
LAUA,2023,0920,E07000029,Copeland,"2,330","2,340","2,350","2,360","2,380","2,380","2,420","2,460","2,480","2,490","2,560","2,640","2,650","2,630","2,580",[note 5d],,,,,
LAUA,[z],0650,E06000006,Halton UA,"3,440","3,520","3,550","3,620","3,550","3,600","3,590","3,720","3,730","3,800","3,760","3,780","3,800","3,780","3,830",,,,,,
LAUA,[z],0655,E06000007,Warrington UA,"6,190","6,350","6,400","6,480","6,580","6,670","6,750","6,880","6,900","6,890","6,970","7,010","7,010","6,990","6,960",,,,,,
LAUA,[z],0940,E06000064,Westmorland and Furness UA,"12,860","13,010","13,150","13,360","13,480","13,620","13,830","14,120","14,370","14,550","14,860","15,240","15,480","15,250","15,000",[note 5e],,,,,
LAUA,2023,0910,E07000027,Barrow-in-Furness,"2,290","2,310","2,290","2,300","2,310","2,320","2,350","2,380","2,390","2,420","2,420","2,430","2,430","2,440","2,430",[note 5e],,,,,
LAUA,2023,0925,E07000030,Eden,"3,190","3,190","3,240","3,290","3,290","3,290","3,340","3,440","3,480","3,520","3,600","3,690","3,770","3,720","3,680",[note 5e],,,,,
LAUA,2023,0930,E07000031,South Lakeland,"7,390","7,510","7,630","7,770","7,880","8,010","8,130","8,300","8,500","8,610","8,840","9,120","9,280","9,080","8,890",[note 5e],,,,,
CTYMET,[z],[z],E11000001,Greater Manchester (Met County),"96,380","97,180","98,060","100,330","102,100","103,480","105,710","107,770","108,470","111,440","112,860","113,630","113,400","112,740","112,710",,,,,,
LAUA,[z],4205,E08000001,Bolton,"9,120","9,240","9,230","9,480","9,590","9,640","9,870","10,250","10,410","10,490","10,650","10,810","10,820","10,730","10,890",,,,,,
LAUA,[z],4210,E08000002,Bury,"5,420","5,510","5,560","5,680","5,800","5,920","6,040","6,080","6,130","6,150","6,350","6,320","6,330","6,360","6,310",,,,,,
LAUA,[z],4215,E08000003,Manchester,"22,870","23,140","23,460","24,090","24,690","25,060","25,960","26,610","26,640","27,070","27,220","27,440","27,410","26,930","26,650",,,,,,
LAUA,[z],4220,E08000004,Oldham,"7,230","7,270","7,360","7,480","7,560","7,710","7,760","7,860","7,900","7,890","8,000","7,990","7,970","7,980","8,020",,,,,,
LAUA,[z],4225,E08000005,Rochdale,"6,460","6,510","6,570","6,690","6,810","6,860","6,900","7,030","7,060","8,230","8,750","8,830","8,910","9,090","9,160",,,,,,
LAUA,[z],4230,E08000006,Salford,"10,180","10,250","10,350","10,590","10,750","11,140","11,340","11,470","11,650","11,700","11,870","11,930","11,850","11,920","11,940",,,,,,
LAUA,[z],4235,E08000007,Stockport,"9,860","9,940","10,040","10,200","10,450","10,630","10,940","11,220","11,400","11,400","11,380","11,430","11,400","11,340","11,350",,,,,,
LAUA,[z],4240,E08000008,Tameside,"7,030","7,090","7,190","7,240","7,340","7,340","7,410","7,620","7,690","7,670","7,770","7,850","7,850","7,800","7,770",,,,,,
LAUA,[z],4245,E08000009,Trafford,"9,120","9,160","9,260","9,650","9,810","9,820","9,980","10,080","9,930","11,110","10,980","11,070","10,990","10,890","10,860",,,,,,
LAUA,[z],4250,E08000010,Wigan,"9,100","9,060","9,060","9,220","9,310","9,370","9,520","9,560","9,670","9,740","9,880","9,960","9,870","9,700","9,770",,,,,,
CTYMET,[z],[z],E10000017,Lancashire,"40,500","40,930","41,230","41,750","42,180","42,560","43,150","44,140","44,630","46,660","47,310","47,670","47,950","47,890","47,910",,,,,,
LAUA,[z],2315,E07000117,Burnley,"3,540","3,560","3,590","3,700","3,750","3,840","3,910","3,990","4,040","5,400","5,420","5,400","5,410","5,420","5,400",,,,,,
LAUA,[z],2320,E07000118,Chorley,"3,090","3,180","3,190","3,280","3,370","3,420","3,430","3,530","3,540","3,550","3,660","3,680","3,720","3,760","3,770",,,,,,
LAUA,[z],2325,E07000119,Fylde,"2,620","2,630","2,650","2,710","2,720","2,750","2,870","2,910","2,940","2,940","3,020","3,030","3,110","3,100","3,110",,,,,,
LAUA,[z],2330,E07000120,Hyndburn,"3,290","3,310","3,300","3,290","3,320","3,330","3,320","3,340","3,350","3,370","3,420","3,430","3,460","3,450","3,400",,,,,,
LAUA,[z],2335,E07000121,Lancaster,"5,070","5,160","5,200","5,120","5,130","5,140","5,180","5,280","5,330","5,260","5,310","5,380","5,390","5,330","5,340",,,,,,
LAUA,[z],2340,E07000122,Pendle,"3,410","3,470","3,480","3,520","3,570","3,580","3,610","3,710","3,730","3,760","3,800","3,890","3,910","3,900","3,840",,,,,,
LAUA,[z],2345,E07000123,Preston,"5,230","5,270","5,320","5,400","5,420","5,480","5,540","5,680","5,820","6,350","6,370","6,370","6,380","6,340","6,390",,,,,,
LAUA,[z],2350,E07000124,Ribble Valley,"2,090","2,140","2,170","2,280","2,320","2,330","2,360","2,440","2,510","2,550","2,620","2,700","2,750","2,750","2,740",,,,,,
LAUA,[z],2355,E07000125,Rossendale,"2,590","2,560","2,590","2,620","2,600","2,630","2,700","2,720","2,760","2,780","2,790","2,810","2,810","2,810","2,830",,,,,,
LAUA,[z],2360,E07000126,South Ribble,"2,750","2,750","2,790","2,850","2,930","2,940","3,020","3,190","3,210","3,280","3,320","3,340","3,350","3,380","3,390",,,,,,
LAUA,[z],2365,E07000127,West Lancashire,"3,020","3,070","3,120","3,140","3,170","3,180","3,240","3,280","3,300","3,310","3,410","3,460","3,450","3,460","3,480",,,,,,
LAUA,[z],2370,E07000128,Wyre,"3,810","3,830","3,830","3,850","3,890","3,930","3,990","4,070","4,120","4,130","4,170","4,200","4,220","4,210","4,240",,,,,,
CTYMET,[z],[z],E11000002,Merseyside (Met County),"39,010","39,490","40,220","41,330","41,990","42,460","42,860","43,430","43,950","45,090","45,220","45,050","44,940","44,750","44,710",,,,,,
LAUA,[z],4305,E08000011,Knowsley,"2,880","2,880","3,020","3,130","3,220","3,280","3,310","3,350","3,290","3,240","3,240","3,260","3,250","3,250","3,240",,,,,,
LAUA,[z],4310,E08000012,Liverpool,"16,370","16,750","17,120","17,730","18,020","18,270","18,470","18,790","19,290","20,460","20,630","20,530","20,390","20,240","20,080",,,,,,
LAUA,[z],4320,E08000014,Sefton,"7,460","7,500","7,580","7,730","7,950","8,030","8,050","8,130","8,080","8,060","8,040","8,000","7,970","7,980","8,000",,,,,,
LAUA,[z],4315,E08000013,St. Helens,"4,340","4,360","4,400","4,540","4,580","4,580","4,610","4,630","4,700","4,740","4,730","4,740","4,770","4,740","4,820",,,,,,
LAUA,[z],4325,E08000015,Wirral,"7,950","8,000","8,110","8,200","8,220","8,300","8,420","8,530","8,590","8,590","8,570","8,530","8,550","8,550","8,570",,,,,,
REGL,[z],[z],E12000003,Yorkshire and The Humber,"178,660","180,600","182,410","185,310","188,050","190,050","192,790","199,140","201,130","204,520","206,660","208,070","209,190","208,420","208,200",,,,,,
LAUA,[z],2001,E06000011,East Riding of Yorkshire UA,"10,240","10,330","10,450","10,610","10,790","10,890","11,080","11,320","11,540","11,700","12,090","12,290","12,470","12,390","12,230",,,,,,
LAUA,[z],2004,E06000010,"Kingston upon Hull, City of UA","8,530","8,720","8,720","8,740","8,830","8,850","9,040","9,200","9,220","9,350","9,310","9,260","9,320","9,260","9,280",,,,,,
LAUA,[z],2002,E06000012,North East Lincolnshire UA,"5,390","5,420","5,440","5,420","5,450","5,470","5,500","5,580","5,560","5,520","5,570","5,620","5,610","5,590","5,630",,,,,,
LAUA,[z],2003,E06000013,North Lincolnshire UA,"5,130","5,400","5,350","5,370","5,430","5,470","5,530","5,660","5,640","5,700","5,640","5,670","5,670","5,700","5,760",,,,,,
LAUA,[z],2740,E06000065,North Yorkshire UA,"27,350","27,640","27,930","28,480","28,970","29,410","29,850","30,640","31,050","31,640","32,450","33,230","33,750","33,220","33,030",[note 5f],,,,,
LAUA,2023,2705,E07000163,Craven,"3,000","2,990","3,010","3,080","3,140","3,140","3,150","3,220","3,290","3,350","3,450","3,540","3,600","3,540","3,530",[note 5f],,,,,
LAUA,2023,2710,E07000164,Hambleton,"3,820","3,810","3,850","3,910","4,000","4,030","4,110","4,210","4,280","4,370","4,440","4,520","4,620","4,590","4,590",[note 5f],,,,,
LAUA,2023,2715,E07000165,Harrogate,"6,650","6,730","6,860","6,980","7,050","7,240","7,330","7,470","7,490","7,500","7,630","7,710","7,710","7,640","7,590",[note 5f],,,,,
LAUA,2023,2720,E07000166,Richmondshire,"2,490","2,490","2,490","2,530","2,550","2,630","2,670","2,760","2,810","2,860","2,940","2,990","3,030","2,950","2,900",[note 5f],,,,,
LAUA,2023,2725,E07000167,Ryedale,"2,760","2,780","2,820","2,880","2,890","2,890","2,930","3,010","3,030","3,090","3,150","3,220","3,260","3,230","3,220",[note 5f],,,,,
LAUA,2023,2730,E07000168,Scarborough,"6,120","6,310","6,410","6,580","6,800","6,900","7,070","7,320","7,470","7,730","8,080","8,460","8,730","8,480","8,410",[note 5f],,,,,
LAUA,2023,2735,E07000169,Selby,"2,520","2,520","2,490","2,530","2,540","2,590","2,610","2,660","2,690","2,740","2,770","2,800","2,810","2,800","2,800",[note 5f],,,,,
LAUA,[z],2741,E06000014,York UA,"6,080","6,180","6,270","6,340","6,420","6,540","6,610","6,790","6,910","6,990","7,050","7,170","7,250","7,200","7,130",,,,,,
CTYMET,[z],[z],E11000003,South Yorkshire (Met County),"38,960","39,390","39,870","40,630","41,420","41,440","42,010","44,940","45,180","44,980","45,340","45,570","45,710","45,670","45,680",,,,,,
LAUA,[z],4405,E08000016,Barnsley,"6,480","6,540","6,600","6,670","6,720","6,770","6,880","8,810","8,890","8,820","8,910","8,980","9,020","9,040","9,050",,,,,,
LAUA,[z],4410,E08000017,Doncaster,"8,370","8,450","8,570","8,780","8,940","9,090","9,300","9,580","9,580","9,610","9,720","9,850","9,910","9,870","9,830",,,,,,
LAUA,[z],4415,E08000018,Rotherham,"7,060","7,120","7,190","7,400","7,490","7,470","7,520","7,680","7,670","7,600","7,700","7,710","7,770","7,770","7,830",,,,,,
LAUA,[z],4420,E08000019,Sheffield,"17,050","17,280","17,500","17,780","18,280","18,110","18,310","18,880","19,040","18,940","19,010","19,030","19,010","19,010","18,970",,,,,,
CTYMET,[z],[z],E11000006,West Yorkshire (Met County),"76,990","77,530","78,380","79,740","80,750","81,990","83,170","85,020","86,050","88,650","89,210","89,260","89,430","89,380","89,470",,,,,,
LAUA,[z],4705,E08000032,Bradford,"17,340","17,400","17,590","17,850","18,180","18,620","18,760","19,220","19,390","19,540","19,620","19,680","19,790","19,680","19,710",,,,,,
LAUA,[z],4710,E08000033,Calderdale,"8,510","8,570","8,720","8,850","9,000","9,130","9,250","9,460","9,560","9,620","9,780","9,790","9,820","9,830","9,810",,,,,,
LAUA,[z],4715,E08000034,Kirklees,"14,840","14,940","14,970","15,170","15,360","15,520","15,720","15,900","15,980","16,200","16,350","16,390","16,420","16,490","16,310",,,,,,
LAUA,[z],4720,E08000035,Leeds,"26,240","26,440","26,830","27,360","27,550","27,910","28,550","29,380","30,010","31,510","31,620","31,540","31,580","31,600","31,830",,,,,,
LAUA,[z],4725,E08000036,Wakefield,"10,050","10,180","10,270","10,510","10,660","10,820","10,890","11,050","11,110","11,780","11,850","11,870","11,840","11,780","11,810",,,,,,
REGL,[z],[z],E12000004,East Midlands,"139,050","139,930","141,100","143,100","144,760","146,040","148,500","152,050","153,910","157,300","158,560","159,800","160,670","160,320","160,460",,,,,,
LAUA,[z],1055,E06000015,Derby UA,"7,050","7,090","7,140","7,200","7,370","7,470","7,720","7,930","7,960","8,860","8,840","8,780","8,740","8,640","8,430",,,,,,
LAUA,[z],2465,E06000016,Leicester UA,"11,660","11,640","11,690","11,980","12,110","12,120","12,220","12,400","12,630","12,700","12,840","12,980","12,760","12,660","12,640",,,,,,
LAUA,[z],2840,E06000061,North Northamptonshire UA,"8,870","8,990","9,070","9,300","9,360","9,490","9,630","9,950","10,130","11,670","11,790","11,850","11,930","11,920","11,940",[note 5g],,,,,
LAUA,2021,2805,E07000150,Corby,"1,690","1,720","1,730","1,810","1,830","1,860","1,900","1,990","1,990","1,980","1,990","1,990","2,000","1,980","1,980",[note 5g],,,,,
LAUA,2021,2815,E07000152,East Northamptonshire,"2,230","2,290","2,330","2,390","2,400","2,420","2,460","2,570","2,640","4,190","4,270","4,300","4,320","4,330","4,300",[note 5g],,,,,
LAUA,2021,2820,E07000153,Kettering,"2,440","2,450","2,470","2,530","2,550","2,600","2,620","2,700","2,770","2,770","2,820","2,860","2,850","2,830","2,860",[note 5g],,,,,
LAUA,2021,2835,E07000156,Wellingborough,"2,520","2,530","2,540","2,580","2,580","2,610","2,650","2,700","2,740","2,730","2,710","2,710","2,760","2,790","2,800",[note 5g],,,,,
LAUA,[z],3060,E06000018,Nottingham UA,"11,020","11,110","11,220","11,260","11,340","11,340","11,610","11,990","11,930","11,870","11,730","11,730","11,710","11,650","11,710",,,,,,
LAUA,[z],2470,E06000017,Rutland UA,"1,280","1,290","1,300","1,330","1,400","1,460","1,510","1,590","1,650","1,680","1,730","1,730","1,750","1,740","1,730",,,,,,
LAUA,[z],2845,E06000062,West Northamptonshire UA,"11,020","11,170","11,270","11,450","11,510","11,580","11,780","12,070","12,080","12,010","12,110","12,140","12,210","12,170","12,270",[note 5h],,,,,
LAUA,2021,2810,E07000151,Daventry,"2,330","2,420","2,440","2,490","2,550","2,590","2,650","2,690","2,700","2,710","2,750","2,770","2,850","2,850","2,900",[note 5h],,,,,
LAUA,2021,2825,E07000154,Northampton,"6,210","6,220","6,260","6,320","6,340","6,330","6,400","6,580","6,550","6,480","6,470","6,450","6,400","6,360","6,370",[note 5h],,,,,
LAUA,2021,2830,E07000155,South Northamptonshire,"2,480","2,520","2,570","2,640","2,630","2,660","2,730","2,800","2,830","2,810","2,900","2,920","2,960","2,960","3,000",[note 5h],,,,,
CTYMET,[z],[z],E10000007,Derbyshire,"24,640","24,870","25,070","25,390","25,610","25,850","26,340","26,800","27,120","27,460","27,860","28,240","28,530","28,540","28,520",,,,,,
LAUA,[z],1005,E07000032,Amber Valley,"3,700","3,710","3,720","3,740","3,760","3,770","3,830","3,910","3,920","3,950","3,950","4,000","4,010","4,010","3,990",,,,,,
LAUA,[z],1010,E07000033,Bolsover,"2,200","2,220","2,260","2,270","2,310","2,380","2,390","2,380","2,400","2,420","2,420","2,440","2,430","2,430","2,450",,,,,,
LAUA,[z],1015,E07000034,Chesterfield,"3,920","3,940","3,970","4,000","4,040","4,070","4,160","4,230","4,280","4,300","4,300","4,310","4,360","4,410","4,380",,,,,,
LAUA,[z],1045,E07000035,Derbyshire Dales,"3,710","3,760","3,810","3,890","3,910","3,950","4,000","4,100","4,180","4,280","4,470","4,640","4,740","4,700","4,650",,,,,,
LAUA,[z],1025,E07000036,Erewash,"3,320","3,360","3,370","3,380","3,460","3,460","3,530","3,590","3,610","3,600","3,640","3,680","3,700","3,700","3,690",,,,,,
LAUA,[z],1030,E07000037,High Peak,"3,310","3,340","3,360","3,410","3,430","3,470","3,540","3,580","3,590","3,660","3,740","3,780","3,850","3,860","3,870",,,,,,
LAUA,[z],1035,E07000038,North East Derbyshire,"2,420","2,440","2,470","2,540","2,520","2,570","2,670","2,740","2,820","2,870","2,900","2,930","2,960","2,970","2,970",,,,,,
LAUA,[z],1040,E07000039,South Derbyshire,"2,070","2,100","2,130","2,150","2,180","2,200","2,220","2,260","2,320","2,390","2,440","2,480","2,480","2,480","2,510",,,,,,
CTYMET,[z],[z],E10000018,Leicestershire,"18,060","18,110","18,230","18,510","18,780","18,950","19,260","19,730","19,880","20,060","20,210","20,410","20,580","20,560","20,670",,,,,,
LAUA,[z],2405,E07000129,Blaby,"2,010","2,030","2,040","2,080","2,120","2,170","2,240","2,310","2,330","2,330","2,290","2,370","2,440","2,450","2,460",,,,,,
LAUA,[z],2410,E07000130,Charnwood,"4,560","4,520","4,520","4,550","4,630","4,620","4,740","4,800","4,800","4,810","4,840","4,880","4,870","4,860","4,880",,,,,,
LAUA,[z],2415,E07000131,Harborough,"2,660","2,730","2,760","2,840","2,890","2,910","2,950","3,040","3,090","3,150","3,190","3,250","3,280","3,300","3,340",,,,,,
LAUA,[z],2420,E07000132,Hinckley and Bosworth,"2,880","2,880","2,930","2,980","2,990","3,070","3,100","3,160","3,180","3,190","3,230","3,270","3,300","3,350","3,360",,,,,,
LAUA,[z],2430,E07000133,Melton,"1,480","1,480","1,480","1,500","1,540","1,560","1,560","1,560","1,580","1,610","1,650","1,670","1,690","1,690","1,680",,,,,,
LAUA,[z],2435,E07000134,North West Leicestershire,"3,160","3,160","3,170","3,200","3,220","3,250","3,290","3,420","3,440","3,520","3,570","3,560","3,590","3,510","3,520",,,,,,
LAUA,[z],2440,E07000135,Oadby and Wigston,"1,310","1,320","1,330","1,360","1,380","1,380","1,380","1,440","1,450","1,470","1,460","1,420","1,420","1,420","1,420",,,,,,
CTYMET,[z],[z],E10000019,Lincolnshire,"24,890","24,930","25,150","25,390","25,640","25,830","26,230","26,790","26,890","27,170","27,370","27,560","27,770","27,560","27,580",,,,,,
LAUA,[z],2505,E07000136,Boston,"2,070","2,070","2,090","2,100","2,180","2,240","2,340","2,410","2,430","2,490","2,490","2,490","2,500","2,520","2,480",,,,,,
LAUA,[z],2510,E07000137,East Lindsey,"6,940","6,950","7,020","7,080","7,140","7,220","7,250","7,370","7,380","7,390","7,400","7,460","7,510","7,340","7,290",,,,,,
LAUA,[z],2515,E07000138,Lincoln,"3,410","3,390","3,390","3,400","3,390","3,400","3,490","3,530","3,550","3,600","3,600","3,600","3,590","3,540","3,530",,,,,,
LAUA,[z],2520,E07000139,North Kesteven,"2,960","2,990","3,020","3,060","3,090","3,140","3,210","3,250","3,300","3,330","3,360","3,430","3,460","3,460","3,520",,,,,,
LAUA,[z],2525,E07000140,South Holland,"2,640","2,670","2,680","2,720","2,720","2,700","2,710","2,780","2,780","2,840","2,880","2,890","2,940","2,960","2,980",,,,,,
LAUA,[z],2530,E07000141,South Kesteven,"4,220","4,220","4,250","4,340","4,360","4,370","4,450","4,550","4,580","4,610","4,660","4,680","4,710","4,710","4,740",,,,,,
LAUA,[z],2535,E07000142,West Lindsey,"2,640","2,660","2,700","2,710","2,750","2,760","2,800","2,910","2,890","2,920","2,980","3,010","3,050","3,040","3,050",,,,,,
CTYMET,[z],[z],E10000024,Nottinghamshire,"20,560","20,730","20,970","21,280","21,640","21,950","22,200","22,810","23,650","23,830","24,080","24,390","24,710","24,880","24,980",,,,,,
LAUA,[z],3005,E07000170,Ashfield,"2,920","2,920","2,960","3,010","3,120","3,140","3,150","3,200","3,840","3,880","3,950","3,980","4,010","4,020","4,000",,,,,,
LAUA,[z],3010,E07000171,Bassetlaw,"3,590","3,660","3,680","3,780","3,870","3,980","4,080","4,240","4,290","4,340","4,300","4,440","4,480","4,530","4,570",,,,,,
LAUA,[z],3015,E07000172,Broxtowe,"2,530","2,530","2,520","2,570","2,580","2,570","2,520","2,620","2,610","2,620","2,690","2,700","2,700","2,680","2,720",,,,,,
LAUA,[z],3020,E07000173,Gedling,"2,400","2,410","2,440","2,450","2,460","2,500","2,510","2,550","2,560","2,550","2,590","2,600","2,630","2,640","2,690",,,,,,
LAUA,[z],3025,E07000174,Mansfield,"3,000","3,000","3,030","3,050","3,080","3,110","3,190","3,230","3,310","3,310","3,330","3,350","3,360","3,400","3,400",,,,,,
LAUA,[z],3030,E07000175,Newark and Sherwood,"3,660","3,730","3,850","3,890","3,940","3,980","4,010","4,110","4,150","4,240","4,280","4,330","4,470","4,510","4,480",,,,,,
LAUA,[z],3040,E07000176,Rushcliffe,"2,460","2,480","2,500","2,530","2,590","2,680","2,750","2,860","2,900","2,910","2,950","2,990","3,060","3,100","3,130",,,,,,
REGL,[z],[z],E12000005,West Midlands,"185,660","186,420","188,010","191,090","192,850","194,070","197,680","202,030","202,830","203,500","205,370","205,860","205,440","204,790","204,400",,,,,,
LAUA,[z],1850,E06000019,"Herefordshire, County of UA","7,360","7,420","7,540","7,690","7,810","7,860","8,010","8,280","8,320","8,330","8,480","8,470","8,480","8,460","8,390",,,,,,
LAUA,[z],3245,E06000051,Shropshire UA,"11,330","11,440","11,590","11,690","11,810","11,940","12,070","12,290","12,290","12,340","12,560","12,690","12,800","12,860","12,810",,,,,,
LAUA,[z],3455,E06000021,Stoke-on-Trent UA,"8,560","8,560","8,590","8,630","8,810","8,910","9,000","9,180","9,180","9,060","9,390","9,390","9,400","9,400","9,400",,,,,,
LAUA,[z],3240,E06000020,Telford and Wrekin UA,"4,580","4,590","4,550","4,650","4,790","4,860","5,040","5,130","5,160","5,180","5,280","5,340","5,380","5,390","5,440",,,,,,
CTYMET,[z],[z],E10000028,Staffordshire,"24,510","24,590","24,660","24,880","24,940","25,120","25,810","26,450","26,580","26,690","26,810","27,050","27,110","27,130","27,200",,,,,,
LAUA,[z],3405,E07000192,Cannock Chase,"3,210","3,230","3,220","3,260","3,230","3,230","3,330","3,520","3,570","3,590","3,560","3,650","3,670","3,680","3,670",,,,,,
LAUA,[z],3410,E07000193,East Staffordshire,"3,920","3,950","3,970","4,000","4,050","4,050","4,140","4,190","4,120","4,090","4,140","4,190","4,200","4,180","4,200",,,,,,
LAUA,[z],3415,E07000194,Lichfield,"2,820","2,840","2,850","2,880","2,890","2,890","3,010","3,030","3,070","3,080","3,090","3,050","3,040","3,050","3,070",,,,,,
LAUA,[z],3420,E07000195,Newcastle-under-Lyme,"3,280","3,290","3,300","3,330","3,330","3,350","3,500","3,560","3,590","3,610","3,620","3,650","3,660","3,660","3,650",,,,,,
LAUA,[z],3430,E07000196,South Staffordshire,"2,500","2,510","2,520","2,530","2,540","2,580","2,680","2,700","2,720","2,750","2,780","2,820","2,830","2,860","2,860",,,,,,
LAUA,[z],3425,E07000197,Stafford,"3,940","3,920","3,940","3,970","3,990","4,030","4,070","4,310","4,340","4,350","4,380","4,390","4,400","4,420","4,470",,,,,,
LAUA,[z],3435,E07000198,Staffordshire Moorlands,"2,920","2,930","2,930","2,950","2,960","2,990","3,020","3,060","3,090","3,120","3,160","3,180","3,200","3,190","3,160",,,,,,
LAUA,[z],3445,E07000199,Tamworth,"1,910","1,930","1,930","1,950","1,940","2,020","2,070","2,080","2,100","2,100","2,090","2,110","2,110","2,100","2,120",,,,,,
CTYMET,[z],[z],E10000031,Warwickshire,"17,340","17,490","17,570","17,870","18,000","18,180","18,710","19,550","19,650","19,810","19,910","20,120","20,230","20,290","20,300",,,,,,
LAUA,[z],3705,E07000218,North Warwickshire,"2,200","2,200","2,210","2,240","2,260","2,270","2,310","2,340","2,370","2,390","2,430","2,430","2,440","2,570","2,560",,,,,,
LAUA,[z],3710,E07000219,Nuneaton and Bedworth,"3,030","3,050","3,040","3,070","3,080","3,090","3,160","3,230","3,240","3,290","3,240","3,270","3,240","3,240","3,260",,,,,,
LAUA,[z],3715,E07000220,Rugby,"2,810","2,850","2,880","2,930","2,950","2,990","3,040","3,080","3,050","3,050","3,010","3,030","3,050","3,040","3,050",,,,,,
LAUA,[z],3720,E07000221,Stratford-on-Avon,"4,800","4,890","4,970","5,060","5,060","5,110","5,310","5,690","5,730","5,800","5,930","6,090","6,140","6,110","6,080",,,,,,
LAUA,[z],3725,E07000222,Warwick,"4,500","4,490","4,480","4,590","4,650","4,720","4,890","5,210","5,260","5,290","5,300","5,310","5,370","5,330","5,360",,,,,,
CTYMET,[z],[z],E11000005,West Midlands (Met County),"93,340","93,540","94,530","96,490","97,410","97,810","99,160","100,630","100,920","101,220","101,940","101,760","101,010","100,270","99,940",,,,,,
LAUA,[z],4605,E08000025,Birmingham,"44,600","44,550","45,250","46,160","46,650","46,630","46,860","47,270","47,230","47,680","48,260","48,210","47,550","47,240","46,950",,,,,,
LAUA,[z],4610,E08000026,Coventry,"7,970","8,000","8,030","8,200","8,300","8,320","8,540","8,860","8,910","8,860","8,860","8,930","8,900","8,830","8,860",,,,,,
LAUA,[z],4615,E08000027,Dudley,"10,160","10,210","10,170","10,210","10,240","10,300","10,590","10,780","10,800","10,670","10,660","10,600","10,610","10,510","10,460",,,,,,
LAUA,[z],4620,E08000028,Sandwell,"10,160","10,180","10,340","10,760","10,810","10,910","11,020","11,160","11,230","11,220","11,090","10,970","10,950","10,950","10,930",,,,,,
LAUA,[z],4625,E08000029,Solihull,"4,350","4,430","4,470","4,730","4,830","4,990","5,200","5,450","5,490","5,490","5,620","5,620","5,460","5,370","5,300",,,,,,
LAUA,[z],4630,E08000030,Walsall,"8,070","8,080","8,150","8,230","8,280","8,360","8,520","8,590","8,620","8,600","8,540","8,560","8,560","8,450","8,470",,,,,,
LAUA,[z],4635,E08000031,Wolverhampton,"8,030","8,100","8,120","8,200","8,310","8,290","8,420","8,530","8,650","8,690","8,900","8,870","8,970","8,920","8,970",,,,,,
CTYMET,[z],[z],E10000034,Worcestershire,"18,630","18,790","18,990","19,200","19,300","19,410","19,890","20,530","20,720","20,880","21,010","21,040","21,030","20,990","20,920",,,,,,
LAUA,[z],1805,E07000234,Bromsgrove,"2,860","2,900","2,930","2,970","3,010","3,030","3,120","3,340","3,410","3,470","3,520","3,510","3,470","3,450","3,410",,,,,,
LAUA,[z],1860,E07000235,Malvern Hills,"2,670","2,700","2,720","2,780","2,790","2,810","2,860","2,910","2,920","2,920","2,960","2,990","3,010","3,030","3,030",,,,,,
LAUA,[z],1825,E07000236,Redditch,"2,390","2,410","2,410","2,430","2,460","2,510","2,530","2,600","2,630","2,670","2,640","2,620","2,610","2,620","2,610",,,,,,
LAUA,[z],1835,E07000237,Worcester,"3,090","3,080","3,110","3,100","3,110","3,110","3,150","3,220","3,240","3,220","3,190","3,210","3,180","3,130","3,130",,,,,,
LAUA,[z],1840,E07000238,Wychavon,"4,430","4,490","4,520","4,590","4,630","4,650","4,760","4,930","4,990","5,010","5,150","5,130","5,150","5,200","5,210",,,,,,
LAUA,[z],1845,E07000239,Wyre Forest,"3,200","3,210","3,290","3,330","3,300","3,290","3,450","3,540","3,530","3,590","3,550","3,580","3,590","3,560","3,540",,,,,,
REGL,[z],[z],E12000006,East of England,"184,410","186,380","188,120","191,460","194,160","196,290","200,190","205,690","207,740","209,780","211,450","212,810","213,900","211,950","212,520",,,,,,
LAUA,[z],0235,E06000055,Bedford UA,"4,920","4,970","5,030","5,040","5,100","5,160","5,330","5,560","5,610","5,610","5,600","5,620","5,630","5,630","5,640",,,,,,
LAUA,[z],0240,E06000056,Central Bedfordshire UA,"6,890","6,920","6,880","6,990","7,000","7,030","7,060","7,130","7,190","7,220","7,280","7,270","7,310","7,330","7,330",,,,,,
LAUA,[z],0230,E06000032,Luton UA,"5,420","5,530","5,600","5,720","5,740","5,690","5,660","5,820","5,760","5,840","5,800","5,810","5,800","5,730","5,650",,,,,,
LAUA,[z],0540,E06000031,Peterborough UA,"5,380","5,550","5,590","5,620","5,670","5,730","5,930","6,110","6,130","6,210","6,300","6,360","6,310","6,210","6,250",,,,,,
LAUA,[z],1590,E06000033,Southend-on-Sea UA,"5,720","5,680","5,750","5,800","5,850","5,890","5,930","6,020","6,010","5,980","5,830","5,800","5,800","5,680","5,660",,,,,,
LAUA,[z],1595,E06000034,Thurrock UA,"3,680","3,630","3,660","3,820","4,020","4,130","4,210","4,350","4,350","4,360","4,350","4,340","4,400","4,390","4,400",,,,,,
CTYMET,[z],[z],E10000003,Cambridgeshire,"18,110","18,200","18,430","18,810","19,040","19,250","19,780","20,330","20,750","20,960","21,020","21,200","21,300","21,410","21,360",,,,,,
LAUA,[z],0505,E07000008,Cambridge,"3,980","3,940","4,010","4,050","4,040","4,040","4,320","4,500","4,530","4,440","4,460","4,420","4,410","4,370","4,290",,,,,,
LAUA,[z],0510,E07000009,East Cambridgeshire,"2,130","2,130","2,140","2,200","2,250","2,280","2,320","2,380","2,420","2,400","2,460","2,490","2,550","2,620","2,610",,,,,,
LAUA,[z],0515,E07000010,Fenland,"2,930","2,950","2,970","3,020","3,030","3,050","3,060","3,090","3,110","3,150","3,140","3,150","3,150","3,130","3,140",,,,,,
LAUA,[z],0520,E07000011,Huntingdonshire,"4,790","4,830","4,860","4,940","5,000","5,050","5,100","5,230","5,310","5,470","5,500","5,610","5,650","5,740","5,770",,,,,,
LAUA,[z],0530,E07000012,South Cambridgeshire,"4,290","4,350","4,460","4,600","4,710","4,840","4,980","5,130","5,380","5,510","5,470","5,540","5,540","5,550","5,570",,,,,,
CTYMET,[z],[z],E10000012,Essex,"43,590","44,030","44,420","45,180","46,010","46,450","47,370","48,440","49,000","49,640","50,050","50,410","50,560","50,430","50,830",,,,,,
LAUA,[z],1505,E07000066,Basildon,"4,540","4,620","4,630","4,690","4,760","4,780","4,870","4,980","4,980","4,920","4,940","4,990","4,980","4,980","4,990",,,,,,
LAUA,[z],1510,E07000067,Braintree,"4,320","4,320","4,400","4,480","4,690","4,770","4,830","4,880","4,910","4,980","5,040","5,020","5,080","5,100","5,160",,,,,,
LAUA,[z],1515,E07000068,Brentwood,"2,080","2,120","2,150","2,200","2,280","2,320","2,370","2,400","2,420","2,480","2,550","2,570","2,570","2,550","2,530",,,,,,
LAUA,[z],1520,E07000069,Castle Point,"1,960","1,940","1,980","2,030","2,010","2,010","2,000","2,010","2,010","2,040","2,020","2,040","2,020","2,020","2,060",,,,,,
LAUA,[z],1525,E07000070,Chelmsford,"4,470","4,570","4,600","4,680","4,770","4,830","4,910","5,010","5,130","5,230","5,230","5,260","5,260","5,180","5,210",,,,,,
LAUA,[z],1530,E07000071,Colchester,"5,360","5,390","5,400","5,440","5,550","5,600","5,790","5,940","6,010","6,140","6,130","6,140","6,150","6,170","6,180",,,,,,
LAUA,[z],1535,E07000072,Epping Forest,"3,730","3,820","3,880","3,970","3,980","4,090","4,140","4,220","4,310","4,390","4,460","4,560","4,580","4,540","4,610",,,,,,
LAUA,[z],1540,E07000073,Harlow,"2,310","2,320","2,330","2,340","2,340","2,350","2,400","2,410","2,420","2,430","2,420","2,410","2,410","2,390","2,420",,,,,,
LAUA,[z],1545,E07000074,Maldon,"2,250","2,290","2,300","2,340","2,430","2,440","2,430","2,430","2,460","2,470","2,510","2,540","2,560","2,550","2,560",,,,,,
LAUA,[z],1550,E07000075,Rochford,"2,060","2,040","2,040","2,100","2,120","2,140","2,250","2,480","2,590","2,630","2,720","2,800","2,830","2,880","2,960",,,,,,
LAUA,[z],1560,E07000076,Tendring,"7,590","7,630","7,710","7,870","8,000","8,020","8,150","8,310","8,360","8,460","8,540","8,560","8,590","8,570","8,630",,,,,,
LAUA,[z],1570,E07000077,Uttlesford,"2,920","2,970","3,010","3,040","3,090","3,110","3,250","3,380","3,400","3,470","3,480","3,510","3,530","3,510","3,530",,,,,,
CTYMET,[z],[z],E10000015,Hertfordshire,"30,710","31,180","31,610","32,100","32,430","32,840","33,640","34,280","34,350","34,160","34,080","33,920","33,960","33,740","34,020",,,,,,
LAUA,[z],1905,E07000095,Broxbourne,"2,150","2,200","2,200","2,240","2,290","2,280","2,320","2,400","2,360","2,350","2,330","2,320","2,340","2,340","2,330",,,,,,
LAUA,[z],1910,E07000096,Dacorum,"4,300","4,370","4,440","4,520","4,570","4,510","4,500","4,540","4,530","4,510","4,530","4,530","4,440","4,390","4,380",,,,,,
LAUA,[z],1915,E07000242,East Hertfordshire,"4,110","4,150","4,160","4,230","4,260","4,320","4,580","4,710","4,810","4,810","4,910","4,910","4,910","4,890","4,960",,,,,,
LAUA,[z],1920,E07000098,Hertsmere,"2,790","2,810","2,880","2,930","3,070","3,180","3,220","3,200","3,230","3,210","3,250","3,230","3,220","3,210","3,240",,,,,,
LAUA,[z],1925,E07000099,North Hertfordshire,"4,120","4,140","4,160","4,210","4,220","4,300","4,430","4,440","4,450","4,500","4,600","4,660","4,700","4,670","4,760",,,,,,
LAUA,[z],1930,E07000240,St Albans,"3,800","3,770","3,840","3,870","3,870","3,900","4,000","4,090","4,090","4,060","4,030","4,040","4,040","4,010","4,010",,,,,,
LAUA,[z],1935,E07000243,Stevenage,"2,000","2,040","2,080","2,130","2,140","2,190","2,230","2,310","2,320","2,330","2,300","2,280","2,280","2,270","2,280",,,,,,
LAUA,[z],1940,E07000102,Three Rivers,"1,880","1,890","1,910","1,950","1,950","1,970","1,970","2,050","2,060","2,070","2,130","2,100","2,120","2,120","2,110",,,,,,
LAUA,[z],1945,E07000103,Watford,"2,900","3,140","3,180","3,210","3,220","3,250","3,430","3,540","3,500","3,370","3,040","2,890","2,940","2,910","2,930",,,,,,
LAUA,[z],1950,E07000241,Welwyn Hatfield,"2,670","2,660","2,760","2,820","2,850","2,960","2,980","3,000","3,020","2,970","2,970","2,980","2,990","2,950","3,050",,,,,,
CTYMET,[z],[z],E10000020,Norfolk,"32,290","32,790","33,090","33,950","34,480","35,040","35,970","37,560","38,200","39,050","40,030","40,670","41,160","40,060","40,050",,,,,,
LAUA,[z],2605,E07000143,Breckland,"4,050","4,120","4,140","4,180","4,220","4,180","4,250","4,470","4,510","4,550","4,620","4,660","4,700","4,680","4,690",,,,,,
LAUA,[z],2610,E07000144,Broadland,"3,140","3,220","3,270","3,350","3,410","3,480","3,580","3,700","3,740","3,770","3,770","3,860","3,910","3,910","3,920",,,,,,
LAUA,[z],2615,E07000145,Great Yarmouth,"4,640","4,660","4,670","4,700","4,740","4,760","4,780","4,940","5,010","5,130","5,320","5,400","5,500","4,970","5,050",,,,,,
LAUA,[z],2635,E07000146,King's Lynn and West Norfolk,"5,180","5,260","5,300","5,380","5,470","5,560","5,730","5,970","6,060","6,150","6,520","6,670","6,770","6,680","6,700",,,,,,
LAUA,[z],2620,E07000147,North Norfolk,"5,870","6,020","6,100","6,300","6,430","6,670","6,910","7,190","7,360","7,660","7,900","8,170","8,330","8,020","7,880",,,,,,
LAUA,[z],2625,E07000148,Norwich,"5,880","5,910","6,000","6,120","6,190","6,270","6,420","6,730","6,800","6,880","6,960","6,940","6,960","6,820","6,840",,,,,,
LAUA,[z],2630,E07000149,South Norfolk,"3,540","3,590","3,630","3,920","4,040","4,120","4,300","4,560","4,710","4,900","4,940","4,970","5,020","4,990","4,980",,,,,,
CTYMET,[z],[z],E10000029,Suffolk,"27,720","27,910","28,070","28,440","28,830","29,070","29,330","30,090","30,410","30,750","31,120","31,420","31,680","31,350","31,320",,,,,,
LAUA,[z],3505,E07000200,Babergh,"3,040","3,070","3,090","3,130","3,180","3,330","3,400","3,490","3,550","3,630","3,690","3,740","3,750","3,710","3,710",,,,,,
LAUA,[z],3540,E07000244,East Suffolk,"11,580","11,670","11,740","11,910","12,050","12,110","12,140","12,320","12,540","12,680","12,870","12,950","13,170","12,970","12,900",,,,,,
LAUA,[z],3515,E07000202,Ipswich,"4,270","4,270","4,310","4,360","4,430","4,430","4,490","4,700","4,700","4,710","4,650","4,710","4,750","4,700","4,690",,,,,,
LAUA,[z],3520,E07000203,Mid Suffolk,"3,140","3,170","3,200","3,260","3,310","3,270","3,340","3,400","3,400","3,500","3,560","3,610","3,600","3,570","3,610",,,,,,
LAUA,[z],3545,E07000245,West Suffolk,"5,680","5,730","5,750","5,790","5,870","5,920","5,960","6,190","6,210","6,230","6,350","6,420","6,420","6,390","6,420",,,,,,
REGL,[z],[z],E12000007,London,"288,470","291,110","293,230","296,480","298,200","299,900","306,590","316,240","320,470","324,670","325,240","324,310","319,300","315,660","316,010",,,,,,
CTYMET,[z],[z],E13000001,Inner London,"166,710","168,680","169,940","171,850","173,520","174,650","179,830","186,840","190,470","194,120","196,060","194,540","190,690","187,230","187,240",,,,,,
LAUA,[z],5210,E09000007,Camden,"16,110","16,600","16,680","16,760","16,830","16,850","17,610","18,830","19,020","19,060","19,220","19,020","18,800","18,350","18,350",,,,,,
LAUA,[z],5030,E09000001,City of London,"16,180","16,530","16,820","17,410","17,830","18,320","20,100","21,060","21,710","22,160","22,560","22,020","20,540","19,530","19,140",,,,,,
LAUA,[z],5360,E09000012,Hackney,"9,520","9,730","9,870","9,920","10,010","10,100","10,490","10,790","11,140","11,890","12,250","12,210","12,310","12,230","12,380",,,,,,
LAUA,[z],5390,E09000013,Hammersmith and Fulham,"8,980","9,230","9,290","9,460","9,320","9,340","9,380","9,610","9,830","9,980","9,920","10,130","10,240","10,110","10,040",,,,,,
LAUA,[z],5420,E09000014,Haringey,"6,830","6,760","6,780","6,830","6,880","6,890","6,990","7,040","7,150","7,130","7,210","7,280","7,200","7,260","7,270",,,,,,
LAUA,[z],5570,E09000019,Islington,"10,930","11,040","10,920","10,990","10,980","10,960","11,220","11,740","12,210","12,560","12,510","12,450","12,130","12,050","12,010",,,,,,
LAUA,[z],5600,E09000020,Kensington and Chelsea,"8,330","8,370","8,400","8,440","8,500","8,630","8,880","9,000","9,120","9,200","9,360","9,260","9,040","8,810","8,750",,,,,,
LAUA,[z],5660,E09000022,Lambeth,"8,340","8,420","8,430","8,500","8,820","8,850","8,930","8,950","9,040","9,190","9,140","9,090","9,040","9,010","9,040",,,,,,
LAUA,[z],5690,E09000023,Lewisham,"6,040","5,990","6,000","6,080","6,090","6,050","6,030","6,130","6,130","6,380","6,440","6,430","6,340","6,270","6,230",,,,,,
LAUA,[z],5750,E09000025,Newham,"6,620","6,960","7,080","7,190","7,240","7,360","7,390","7,470","7,550","7,780","7,820","7,890","7,890","7,880","8,130",,,,,,
LAUA,[z],5840,E09000028,Southwark,"10,470","10,520","10,740","10,830","10,800","11,070","11,540","12,520","12,770","13,060","13,280","12,970","12,920","12,930","13,100",,,,,,
LAUA,[z],5900,E09000030,Tower Hamlets,"14,440","14,450","14,780","15,290","15,810","15,520","16,280","16,850","17,190","17,650","18,470","18,600","18,330","18,100","18,100",,,,,,
LAUA,[z],5960,E09000032,Wandsworth,"9,210","9,040","8,980","8,880","8,840","8,860","8,790","8,800","8,800","8,780","8,840","8,770","8,660","8,390","8,450",,,,,,
LAUA,[z],5990,E09000033,Westminster,"34,710","35,060","35,170","35,270","35,550","35,870","36,200","38,060","38,810","39,310","39,050","38,420","37,270","36,320","36,270",,,,,,
CTYMET,[z],[z],E13000002,Outer London,"121,760","122,420","123,300","124,630","124,690","125,250","126,760","129,400","130,000","130,550","129,190","129,770","128,600","128,430","128,760",,,,,,
LAUA,[z],5060,E09000002,Barking and Dagenham,"4,140","4,150","4,140","4,190","4,230","4,300","4,430","4,530","4,560","4,550","4,510","4,480","4,390","4,460","4,510",,,,,,
LAUA,[z],5090,E09000003,Barnet,"8,200","8,190","8,250","8,320","8,470","8,650","8,800","8,910","8,830","8,630","8,410","8,500","8,270","8,140","8,130",,,,,,
LAUA,[z],5120,E09000004,Bexley,"5,330","5,440","5,440","5,430","5,360","5,350","5,490","5,590","5,540","5,530","5,420","5,450","5,370","5,360","5,420",,,,,,
LAUA,[z],5150,E09000005,Brent,"8,290","8,260","8,340","8,550","8,500","8,550","8,650","9,180","9,240","9,290","8,960","8,980","9,030","9,100","9,160",,,,,,
LAUA,[z],5180,E09000006,Bromley,"7,250","7,300","7,280","7,350","7,360","7,250","7,310","7,300","7,360","7,480","7,530","7,430","7,410","7,410","7,450",,,,,,
LAUA,[z],5240,E09000008,Croydon,"8,570","8,700","9,070","9,080","9,050","9,110","9,120","9,270","9,270","9,220","9,080","9,030","8,840","8,760","8,580",,,,,,
LAUA,[z],5270,E09000009,Ealing,"9,370","9,430","9,570","9,680","9,760","9,900","10,180","10,630","10,750","10,870","10,910","10,940","10,880","10,850","10,900",,,,,,
LAUA,[z],5300,E09000010,Enfield,"7,000","7,000","7,030","7,020","7,060","7,020","7,050","6,980","6,960","7,040","7,050","7,110","7,090","7,040","7,100",,,,,,
LAUA,[z],5330,E09000011,Greenwich,"5,010","5,000","5,000","5,050","5,060","5,140","5,220","5,330","5,590","5,770","5,810","6,150","6,190","6,210","6,180",,,,,,
LAUA,[z],5450,E09000015,Harrow,"5,380","5,370","5,480","5,590","5,510","5,420","5,470","5,710","5,690","5,660","5,540","5,530","5,530","5,550","5,580",,,,,,
LAUA,[z],5480,E09000016,Havering,"5,590","5,610","5,630","5,690","5,710","5,740","5,950","6,100","6,080","6,080","6,040","6,070","6,050","6,010","6,030",,,,,,
LAUA,[z],5510,E09000017,Hillingdon,"8,110","8,210","8,140","8,150","8,120","8,430","8,470","8,680","8,750","9,140","8,950","9,020","8,930","8,930","8,890",,,,,,
LAUA,[z],5540,E09000018,Hounslow,"6,770","6,950","6,910","7,100","7,230","7,150","7,230","7,450","7,440","7,410","7,610","7,650","7,650","7,700","7,760",,,,,,
LAUA,[z],5630,E09000021,Kingston upon Thames,"4,800","4,810","4,790","4,830","4,820","4,780","4,750","4,790","4,800","4,750","4,700","4,630","4,560","4,560","4,550",,,,,,
LAUA,[z],5720,E09000024,Merton,"5,370","5,330","5,370","5,440","5,390","5,370","5,380","5,480","5,490","5,440","5,450","5,420","5,350","5,320","5,340",,,,,,
LAUA,[z],5780,E09000026,Redbridge,"6,140","6,150","6,190","6,400","6,390","6,520","6,590","6,740","6,820","6,770","6,620","6,700","6,630","6,610","6,680",,,,,,
LAUA,[z],5810,E09000027,Richmond upon Thames,"5,920","5,960","5,970","6,000","5,910","5,800","5,910","5,980","5,980","5,910","5,820","5,830","5,710","5,670","5,700",,,,,,
LAUA,[z],5870,E09000029,Sutton,"4,150","4,140","4,190","4,180","4,150","4,170","4,070","4,060","4,070","4,120","4,060","4,030","3,990","3,990","3,950",,,,,,
LAUA,[z],5930,E09000031,Waltham Forest,"6,380","6,420","6,530","6,580","6,610","6,610","6,700","6,710","6,790","6,910","6,720","6,830","6,750","6,770","6,840",,,,,,
REGL,[z],[z],E12000008,South East,"255,830","258,330","260,830","264,290","267,060","269,490","275,400","284,420","287,400","291,190","293,940","295,040","296,010","294,600","294,920",,,,,,
LAUA,[z],0335,E06000036,Bracknell Forest UA,"2,450","2,500","2,520","2,400","2,430","2,400","2,470","2,610","2,780","2,800","2,680","2,720","2,650","2,630","2,620",,,,,,
LAUA,[z],1445,E06000043,Brighton and Hove UA,"9,450","9,440","9,550","9,670","9,950","10,030","10,660","11,150","11,200","11,260","11,580","11,550","11,510","11,470","11,410",,,,,,
LAUA,[z],0440,E06000060,Buckinghamshire UA,"14,330","14,500","14,560","14,680","14,770","14,790","14,780","15,110","15,280","15,510","15,420","15,530","15,450","15,370","15,490",[note 5i],,,,,
LAUA,2019,0405,E07000004,Aylesbury Vale,"4,820","4,870","4,890","5,000","5,080","5,100","5,160","5,180","5,210","5,320","5,410","5,480","5,540","5,550","5,590",[note 5i],,,,,
LAUA,2019,0415,E07000005,Chiltern,"2,590","2,600","2,610","2,640","2,650","2,640","2,590","2,640","2,630","2,630","2,750","2,730","2,660","2,690","2,690",[note 5i],,,,,
LAUA,2019,0410,E07000006,South Bucks,"1,980","1,970","1,980","1,960","1,960","1,980","1,980","2,000","2,020","2,090","2,050","2,050","2,020","2,010","2,020",[note 5i],,,,,
LAUA,2019,0425,E07000007,Wycombe,"4,950","5,050","5,080","5,100","5,080","5,070","5,050","5,290","5,420","5,480","5,210","5,280","5,230","5,120","5,190",[note 5i],,,,,
LAUA,[z],2100,E06000046,Isle of Wight UA,"5,990","6,070","6,160","6,270","6,380","6,660","6,890","7,080","7,160","7,330","7,490","7,700","7,720","7,520","7,560",,,,,,
LAUA,[z],2280,E06000035,Medway UA,"6,190","6,200","6,200","6,230","6,240","6,220","6,180","6,290","6,330","6,490","6,500","6,430","6,470","6,460","6,450",,,,,,
LAUA,[z],0435,E06000042,Milton Keynes UA,"6,650","6,740","6,820","6,870","7,030","7,330","7,510","7,730","7,820","8,010","8,580","8,570","8,610","8,550","8,710",,,,,,
LAUA,[z],1775,E06000044,Portsmouth UA,"5,780","5,860","5,950","5,990","6,000","6,040","6,150","6,380","6,430","6,470","6,430","6,490","7,110","6,640","6,640",,,,,,
LAUA,[z],0345,E06000038,Reading UA,"4,920","4,890","4,930","4,920","5,100","5,140","5,250","5,480","5,510","5,690","5,800","5,590","5,690","5,700","5,660",,,,,,
LAUA,[z],0350,E06000039,Slough UA,"3,440","3,440","3,330","3,310","3,470","3,510","3,490","3,620","3,860","3,930","3,910","3,900","3,790","3,500","3,440",,,,,,
LAUA,[z],1780,E06000045,Southampton UA,"6,460","6,460","6,520","6,520","6,580","6,640","6,810","7,030","7,030","7,050","6,890","6,880","6,830","6,720","6,700",,,,,,
LAUA,[z],0340,E06000037,West Berkshire UA,"4,870","5,000","5,120","5,190","5,240","5,320","5,340","5,700","5,740","5,840","5,810","6,010","5,960","5,970","6,010",,,,,,
LAUA,[z],0355,E06000040,Windsor and Maidenhead UA,"4,720","4,740","4,740","4,750","4,720","4,730","4,800","4,880","4,900","4,810","4,800","4,850","4,790","4,750","4,750",,,,,,
LAUA,[z],0360,E06000041,Wokingham UA,"3,480","3,510","3,550","3,680","3,750","3,760","4,010","4,260","4,280","4,360","4,420","4,420","4,390","4,390","4,350",,,,,,
CTYMET,[z],[z],E10000011,East Sussex,"17,310","17,460","17,970","18,450","18,720","19,080","19,850","20,780","21,090","21,430","21,720","21,480","21,490","21,750","21,700",,,,,,
LAUA,[z],1410,E07000061,Eastbourne,"2,860","2,850","2,870","2,880","2,890","2,900","3,110","3,220","3,240","3,260","3,210","3,170","3,150","3,110","3,100",,,,,,
LAUA,[z],1415,E07000062,Hastings,"2,970","2,970","3,270","3,300","3,350","3,420","3,460","3,560","3,590","3,600","3,640","3,660","3,610","3,610","3,590",,,,,,
LAUA,[z],1425,E07000063,Lewes,"3,010","3,070","3,110","3,140","3,240","3,270","3,460","3,650","3,670","3,680","3,750","3,760","3,730","3,700","3,690",,,,,,
LAUA,[z],1430,E07000064,Rother,"3,410","3,440","3,470","3,810","3,850","3,890","3,980","4,240","4,330","4,450","4,540","4,220","4,310","4,630","4,590",,,,,,
LAUA,[z],1435,E07000065,Wealden,"5,070","5,130","5,250","5,320","5,380","5,600","5,840","6,110","6,260","6,440","6,580","6,680","6,700","6,710","6,730",,,,,,
CTYMET,[z],[z],E10000014,Hampshire,"37,040","37,590","38,080","38,700","38,850","39,170","40,120","41,330","41,750","42,020","42,480","42,700","42,990","42,780","42,770",,,,,,
LAUA,[z],1705,E07000084,Basingstoke and Deane,"3,960","4,010","4,080","4,130","4,130","4,170","4,410","4,530","4,590","4,600","4,620","4,590","4,620","4,530","4,540",,,,,,
LAUA,[z],1710,E07000085,East Hampshire,"3,480","3,510","3,540","3,600","3,650","3,720","3,820","4,010","4,070","4,080","4,090","4,120","4,160","4,150","4,160",,,,,,
LAUA,[z],1715,E07000086,Eastleigh,"2,960","2,960","2,990","3,050","3,020","3,040","3,120","3,250","3,240","3,250","3,230","3,200","3,160","3,150","3,130",,,,,,
LAUA,[z],1720,E07000087,Fareham,"2,980","3,010","3,010","3,040","3,050","3,120","3,170","3,240","3,320","3,340","3,320","3,370","3,380","3,340","3,260",,,,,,
LAUA,[z],1725,E07000088,Gosport,"1,890","1,910","1,910","1,920","1,920","1,900","1,940","1,970","1,940","2,030","2,030","2,040","2,050","2,030","2,000",,,,,,
LAUA,[z],1730,E07000089,Hart,"2,010","2,100","2,120","2,140","2,130","2,130","2,260","2,270","2,340","2,340","2,340","2,330","2,320","2,370","2,370",,,,,,
LAUA,[z],1735,E07000090,Havant,"3,130","3,140","3,190","3,210","3,250","3,260","3,310","3,330","3,340","3,340","3,350","3,420","3,420","3,370","3,340",,,,,,
LAUA,[z],1740,E07000091,New Forest,"6,370","6,450","6,510","6,550","6,510","6,640","6,700","6,840","6,910","6,970","7,130","7,260","7,360","7,320","7,340",,,,,,
LAUA,[z],1750,E07000092,Rushmoor,"2,370","2,460","2,460","2,490","2,500","2,450","2,480","2,650","2,670","2,660","2,650","2,580","2,650","2,620","2,650",,,,,,
LAUA,[z],1760,E07000093,Test Valley,"3,810","3,970","4,090","4,230","4,290","4,320","4,390","4,480","4,520","4,550","4,600","4,640","4,710","4,790","4,860",,,,,,
LAUA,[z],1765,E07000094,Winchester,"4,070","4,090","4,190","4,360","4,400","4,420","4,530","4,780","4,820","4,880","5,120","5,140","5,160","5,130","5,120",,,,,,
CTYMET,[z],[z],E10000016,Kent,"45,500","46,120","46,570","47,390","47,800","48,360","49,410","50,920","51,420","52,300","52,540","53,280","53,610","53,660","53,880",,,,,,
LAUA,[z],2205,E07000105,Ashford,"3,960","4,020","4,100","4,180","4,280","4,300","4,530","4,750","4,780","5,020","5,170","5,330","5,430","5,420","5,410",,,,,,
LAUA,[z],2210,E07000106,Canterbury,"5,210","5,260","5,320","5,480","5,540","5,610","5,750","5,910","6,070","6,160","6,220","6,330","6,350","6,340","6,360",,,,,,
LAUA,[z],2215,E07000107,Dartford,"2,870","2,920","2,930","2,970","3,020","3,040","3,200","3,260","3,260","3,280","3,240","3,260","3,290","3,380","3,460",,,,,,
LAUA,[z],2220,E07000108,Dover,"3,410","3,450","3,520","3,710","3,750","3,920","3,960","4,010","4,090","4,130","4,170","4,210","4,250","4,180","4,200",,,,,,
LAUA,[z],2250,E07000112,Folkestone and Hythe,"3,570","3,680","3,660","3,720","3,720","3,720","3,780","3,890","3,900","3,910","3,880","4,020","4,080","4,170","4,190",,,,,,
LAUA,[z],2230,E07000109,Gravesham,"2,260","2,260","2,280","2,270","2,270","2,270","2,300","2,320","2,320","2,330","2,300","2,320","2,300","2,310","2,330",,,,,,
LAUA,[z],2235,E07000110,Maidstone,"4,500","4,580","4,630","4,690","4,720","4,780","4,970","5,080","5,140","5,220","5,230","5,280","5,300","5,320","5,300",,,,,,
LAUA,[z],2245,E07000111,Sevenoaks,"3,760","3,740","3,830","3,810","3,790","3,820","3,860","3,910","3,910","4,210","4,190","4,210","4,230","4,280","4,330",,,,,,
LAUA,[z],2255,E07000113,Swale,"3,920","4,060","4,130","4,220","4,310","4,400","4,480","4,680","4,740","4,780","4,780","4,810","4,850","4,820","4,870",,,,,,
LAUA,[z],2260,E07000114,Thanet,"4,640","4,660","4,690","4,760","4,810","4,880","4,970","5,300","5,350","5,420","5,490","5,620","5,640","5,600","5,610",,,,,,
LAUA,[z],2265,E07000115,Tonbridge and Malling,"3,490","3,520","3,530","3,590","3,590","3,610","3,630","3,740","3,740","3,720","3,740","3,720","3,730","3,760","3,760",,,,,,
LAUA,[z],2270,E07000116,Tunbridge Wells,"3,920","3,960","3,960","3,990","4,000","4,010","4,000","4,080","4,110","4,120","4,140","4,160","4,150","4,080","4,050",,,,,,
CTYMET,[z],[z],E10000025,Oxfordshire,"19,790","19,870","20,010","20,390","20,570","20,660","20,720","21,210","21,500","21,940","22,410","22,520","22,660","22,700","22,730",,,,,,
LAUA,[z],3105,E07000177,Cherwell,"4,420","4,430","4,480","4,660","4,670","4,700","4,700","4,830","4,900","4,980","5,150","5,210","5,210","5,200","5,220",,,,,,
LAUA,[z],3110,E07000178,Oxford,"3,840","3,860","3,860","3,900","4,010","3,990","4,010","4,290","4,450","4,610","4,610","4,610","4,640","4,580","4,540",,,,,,
LAUA,[z],3115,E07000179,South Oxfordshire,"4,070","4,080","4,110","4,200","4,220","4,240","4,250","4,250","4,270","4,280","4,410","4,430","4,500","4,580","4,610",,,,,,
LAUA,[z],3120,E07000180,Vale of White Horse,"3,750","3,750","3,780","3,820","3,850","3,880","3,900","3,870","3,880","3,860","3,920","3,980","3,980","4,010","4,010",,,,,,
LAUA,[z],3125,E07000181,West Oxfordshire,"3,720","3,740","3,780","3,820","3,840","3,860","3,860","3,970","4,010","4,210","4,320","4,290","4,320","4,330","4,350",,,,,,
CTYMET,[z],[z],E10000030,Surrey,"32,460","32,690","32,870","33,100","33,410","33,290","33,780","34,670","34,890","35,140","35,300","35,200","34,920","34,790","34,730",,,,,,
LAUA,[z],3605,E07000207,Elmbridge,"3,560","3,550","3,610","3,580","3,570","3,560","3,580","3,750","3,810","3,800","3,870","3,880","3,900","3,870","3,890",,,,,,
LAUA,[z],3610,E07000208,Epsom and Ewell,"1,690","1,720","1,730","1,740","1,740","1,720","1,780","1,810","1,790","1,780","1,760","1,740","1,750","1,760","1,770",,,,,,
LAUA,[z],3615,E07000209,Guildford,"4,380","4,350","4,410","4,430","4,440","4,340","4,390","4,490","4,510","4,510","4,480","4,450","4,480","4,480","4,490",,,,,,
LAUA,[z],3620,E07000210,Mole Valley,"3,090","3,150","3,130","3,170","3,230","3,250","3,300","3,360","3,400","3,420","3,370","3,340","3,200","3,190","3,130",,,,,,
LAUA,[z],3625,E07000211,Reigate and Banstead,"3,450","3,500","3,500","3,530","3,500","3,520","3,580","3,780","3,780","3,760","3,760","3,670","3,680","3,660","3,670",,,,,,
LAUA,[z],3630,E07000212,Runnymede,"2,360","2,350","2,370","2,380","2,420","2,420","2,450","2,510","2,640","2,790","2,790","2,830","2,820","2,730","2,720",,,,,,
LAUA,[z],3635,E07000213,Spelthorne,"2,480","2,440","2,480","2,500","2,470","2,440","2,460","2,490","2,480","2,580","2,500","2,480","2,460","2,450","2,440",,,,,,
LAUA,[z],3640,E07000214,Surrey Heath,"2,300","2,390","2,420","2,440","2,560","2,590","2,640","2,670","2,690","2,720","2,930","2,950","2,960","2,970","2,930",,,,,,
LAUA,[z],3645,E07000215,Tandridge,"2,810","2,870","2,850","2,860","2,870","2,900","2,950","3,000","3,020","3,010","2,990","2,980","2,910","2,900","2,910",,,,,,
LAUA,[z],3650,E07000216,Waverley,"3,810","3,840","3,840","3,900","3,940","3,910","3,970","4,080","4,040","4,080","4,080","4,090","3,990","3,980","4,010",,,,,,
LAUA,[z],3655,E07000217,Woking,"2,530","2,530","2,540","2,580","2,670","2,650","2,670","2,720","2,730","2,700","2,780","2,780","2,780","2,800","2,780",,,,,,
CTYMET,[z],[z],E10000032,West Sussex,"25,000","25,280","25,380","25,790","26,060","26,370","27,200","28,220","28,460","28,790","29,200","29,250","29,380","29,260","29,320",,,,,,
LAUA,[z],3805,E07000223,Adur,"2,090","2,080","2,070","2,100","2,150","2,170","2,240","2,250","2,280","2,270","2,300","2,300","2,300","2,310","2,320",,,,,,
LAUA,[z],3810,E07000224,Arun,"4,230","4,270","4,270","4,330","4,420","4,520","4,810","4,860","4,950","4,960","4,940","4,960","4,970","4,920","4,940",,,,,,
LAUA,[z],3815,E07000225,Chichester,"4,470","4,490","4,600","4,760","4,820","4,810","4,950","5,140","5,160","5,310","5,420","5,430","5,480","5,470","5,500",,,,,,
LAUA,[z],3820,E07000226,Crawley,"3,130","3,180","3,140","3,190","3,070","3,070","3,170","3,540","3,620","3,670","3,830","3,800","3,720","3,700","3,700",,,,,,
LAUA,[z],3825,E07000227,Horsham,"4,040","4,160","4,200","4,250","4,310","4,430","4,540","4,780","4,820","4,850","4,960","5,000","4,990","4,970","4,960",,,,,,
LAUA,[z],3830,E07000228,Mid Sussex,"3,920","3,990","3,980","4,030","4,140","4,210","4,250","4,340","4,360","4,460","4,570","4,560","4,610","4,600","4,610",,,,,,
LAUA,[z],3835,E07000229,Worthing,"3,130","3,130","3,120","3,140","3,160","3,160","3,250","3,320","3,270","3,260","3,190","3,190","3,320","3,290","3,290",,,,,,
REGL,[z],[z],E12000009,South West,"193,170","195,070","196,790","200,020","203,010","205,770","211,180","216,390","219,710","223,320","228,660","231,780","234,670","232,670","231,220",,,,,,
LAUA,[z],0114,E06000022,Bath and North East Somerset UA,"5,690","5,700","5,670","5,820","5,840","5,910","6,130","6,330","6,500","6,650","6,680","6,700","6,720","6,690","6,640",,,,,,
LAUA,[z],1260,E06000058,"Bournemouth, Christchurch and Poole UA","14,270","14,390","14,500","14,580","14,740","14,750","15,020","15,300","15,600","15,720","16,010","16,160","16,200","15,990","15,940",[note 5j],,,,,
LAUA,2019,1250,E06000028,Bournemouth UA,"7,160","7,210","7,290","7,300","7,370","7,380","7,480","7,580","7,650","7,680","7,810","7,860","7,910","7,860","7,820",[note 5j],,,,,
LAUA,2019,1210,E07000048,Christchurch,"1,720","1,730","1,760","1,780","1,810","1,820","1,850","1,870","1,990","2,010","2,110","2,110","2,100","1,990","1,980",[note 5j],,,,,
LAUA,2019,1255,E06000029,Poole UA,"5,390","5,440","5,460","5,500","5,570","5,550","5,690","5,860","5,970","6,030","6,090","6,180","6,190","6,150","6,140",[note 5j],,,,,
LAUA,[z],0116,E06000023,"Bristol, City of UA","14,840","14,970","15,150","15,380","15,470","15,800","16,120","16,320","16,410","16,540","16,670","16,760","16,790","16,570","16,420",,,,,,
LAUA,[z],0840,E06000052,Cornwall UA,"27,340","27,620","28,000","28,610","29,130","29,640","30,490","31,550","32,420","33,120","34,930","35,910","36,680","35,890","35,450",,,,,,
LAUA,[z],1265,E06000059,Dorset UA,"14,710","15,000","15,140","15,480","15,720","16,010","16,350","16,780","17,110","17,370","17,720","17,990","18,180","18,160","18,280",[note 5k],,,,,
LAUA,2019,1240,E07000049,East Dorset,"2,580","2,630","2,610","2,690","2,720","2,730","2,800","2,830","2,890","2,920","2,950","2,960","2,980","2,970","3,090",[note 5k],,,,,
LAUA,2019,1215,E07000050,North Dorset,"2,220","2,280","2,300","2,350","2,380","2,430","2,450","2,500","2,610","2,670","2,700","2,740","2,750","2,780","2,810",[note 5k],,,,,
LAUA,2019,1225,E07000051,Purbeck,"2,230","2,280","2,330","2,400","2,470","2,590","2,570","2,650","2,700","2,750","2,840","2,880","2,910","2,890","2,890",[note 5k],,,,,
LAUA,2019,1230,E07000052,West Dorset,"5,040","5,140","5,180","5,310","5,420","5,490","5,750","5,910","6,000","6,140","6,300","6,390","6,440","6,440","6,420",[note 5k],,,,,
LAUA,2019,1235,E07000053,Weymouth and Portland,"2,650","2,670","2,710","2,740","2,730","2,770","2,790","2,890","2,900","2,890","2,930","3,020","3,090","3,080","3,080",[note 5k],,,,,
LAUA,[z],0835,E06000053,Isles of Scilly UA,430,440,450,450,450,440,450,460,470,490,510,520,540,530,530,,,,,,
LAUA,[z],0121,E06000024,North Somerset UA,"5,740","5,760","5,810","5,950","6,110","6,100","6,290","6,400","6,440","6,410","6,490","6,560","6,580","6,540","6,530",,,,,,
LAUA,[z],1160,E06000026,Plymouth UA,"6,780","6,810","6,820","6,890","7,190","7,290","7,650","7,850","7,880","7,910","7,900","7,910","7,950","7,980","7,890",,,,,,
LAUA,[z],3335,E06000066,Somerset UA,"18,540","18,690","18,890","19,190","19,480","19,730","20,590","21,190","21,440","21,740","22,290","22,450","22,820","22,820","22,790",[note 5l],,,,,
LAUA,2023,3305,E07000187,Mendip,"3,880","3,900","3,940","4,030","4,090","4,170","4,290","4,380","4,420","4,500","4,660","4,680","4,750","4,780","4,790",[note 5l],,,,,
LAUA,2023,3310,E07000188,Sedgemoor,"3,820","3,870","3,820","3,900","3,950","3,960","4,140","4,280","4,350","4,420","4,570","4,620","4,730","4,750","4,780",[note 5l],,,,,
LAUA,2023,3330,E07000246,Somerset West and Taunton,"5,450","5,540","5,650","5,740","5,830","5,910","6,340","6,540","6,590","6,680","6,790","6,840","6,960","6,900","6,850",,,,,,
LAUA,2023,3325,E07000189,South Somerset,"5,400","5,380","5,470","5,520","5,610","5,700","5,820","5,980","6,080","6,140","6,270","6,310","6,370","6,380","6,370",[note 5l],,,,,
LAUA,[z],0119,E06000025,South Gloucestershire UA,"6,090","6,140","6,240","6,400","6,460","6,760","6,930","7,280","7,510","7,720","7,840","7,850","7,910","7,820","7,750",,,,,,
LAUA,[z],3935,E06000030,Swindon UA,"5,260","5,290","5,300","5,310","5,470","5,550","5,650","5,760","5,860","5,880","5,840","5,850","5,870","5,810","5,750",,,,,,
LAUA,[z],1165,E06000027,Torbay UA,"4,970","5,020","5,020","5,050","5,060","5,080","5,230","5,370","5,450","5,530","5,590","5,650","5,710","5,590","5,530",,,,,,
LAUA,[z],3940,E06000054,Wiltshire UA,"13,910","13,990","14,120","14,430","14,700","14,920","15,240","15,600","15,770","15,910","16,220","16,360","16,520","16,640","16,720",,,,,,
CTYMET,[z],[z],E10000008,Devon,"32,810","33,360","33,650","34,190","34,790","35,200","36,220","37,160","37,680","38,790","39,870","40,780","41,770","41,200","40,700",,,,,,
LAUA,[z],1105,E07000040,East Devon,"5,650","5,730","5,770","5,850","5,950","5,980","6,190","6,340","6,450","6,880","7,110","7,320","7,640","7,600","7,500",,,,,,
LAUA,[z],1110,E07000041,Exeter,"4,740","4,730","4,740","4,710","4,730","4,790","4,970","5,060","5,050","5,020","5,060","5,110","5,180","5,150","5,070",,,,,,
LAUA,[z],1135,E07000042,Mid Devon,"2,600","2,680","2,720","2,800","2,830","2,860","2,930","3,030","3,100","3,250","3,360","3,430","3,560","3,560","3,590",,,,,,
LAUA,[z],1115,E07000043,North Devon,"4,900","4,970","5,040","5,080","5,210","5,280","5,430","5,650","5,840","6,030","6,170","6,440","6,590","6,480","6,330",,,,,,
LAUA,[z],1125,E07000044,South Hams,"5,010","5,140","5,170","5,270","5,340","5,420","5,550","5,640","5,750","5,950","6,150","6,260","6,470","6,300","6,240",,,,,,
LAUA,[z],1130,E07000045,Teignbridge,"4,710","4,800","4,800","4,850","4,920","4,970","5,120","5,290","5,300","5,380","5,530","5,620","5,670","5,610","5,590",,,,,,
LAUA,[z],1145,E07000046,Torridge,"3,020","3,140","3,240","3,420","3,590","3,640","3,750","3,850","3,910","3,970","4,120","4,170","4,220","4,030","3,930",,,,,,
LAUA,[z],1150,E07000047,West Devon,"2,180","2,180","2,170","2,200","2,250","2,250","2,290","2,290","2,290","2,310","2,380","2,420","2,460","2,450","2,460",,,,,,
CTYMET,[z],[z],E10000013,Gloucestershire,"21,790","21,920","22,040","22,300","22,420","22,610","22,820","23,050","23,180","23,560","24,090","24,330","24,440","24,450","24,310",,,,,,
LAUA,[z],1605,E07000078,Cheltenham,"3,980","3,960","3,950","4,060","3,990","4,000","3,980","3,940","3,930","3,960","4,020","4,050","4,060","4,050","3,990",,,,,,
LAUA,[z],1610,E07000079,Cotswold,"4,320","4,350","4,430","4,440","4,490","4,500","4,620","4,750","4,840","4,940","5,150","5,280","5,360","5,400","5,340",,,,,,
LAUA,[z],1615,E07000080,Forest of Dean,"3,060","3,070","3,090","3,110","3,110","3,160","3,240","3,280","3,270","3,320","3,400","3,420","3,450","3,430","3,390",,,,,,
LAUA,[z],1620,E07000081,Gloucester,"3,870","3,940","3,940","3,950","4,000","4,030","4,040","4,050","4,030","4,190","4,250","4,240","4,170","4,160","4,170",,,,,,
LAUA,[z],1625,E07000082,Stroud,"3,810","3,850","3,850","3,940","4,000","4,050","4,060","4,110","4,180","4,200","4,250","4,300","4,330","4,350","4,360",,,,,,
LAUA,[z],1630,E07000083,Tewkesbury,"2,740","2,760","2,770","2,800","2,820","2,860","2,890","2,920","2,930","2,940","3,030","3,040","3,080","3,080","3,070",,,,,,
NATL,[z],[z],W92000004,Wales,"105,800","106,600","107,450","108,630","110,010","111,100","113,110","116,960","119,680","121,320","125,070","126,700","127,880","127,130","126,120",,,,,,
LAUA,[z],6805,W06000001,Isle of Anglesey / Ynys Môn,"2,660","2,660","2,710","2,760","2,830","2,850","2,960","3,080","3,220","3,410","3,660","3,770","3,890","3,840","3,750",,,,,,
LAUA,[z],6810,W06000002,Gwynedd / Gwynedd,"6,990","6,980","7,070","7,160","7,340","7,440","7,590","8,030","8,380","8,710","9,160","9,480","9,700","9,480","9,000",,,,,,
LAUA,[z],6905,W06000003,Conwy / Conwy,"4,950","4,960","5,030","5,070","5,160","5,200","5,320","5,530","5,610","5,750","5,920","5,990","6,060","6,040","5,950",,,,,,
LAUA,[z],6830,W06000004,Denbighshire / Sir Ddinbych,"3,950","3,990","4,010","4,070","4,110","4,160","4,170","4,300","4,340","4,360","4,430","4,430","4,430","4,440","4,420",,,,,,
LAUA,[z],6835,W06000005,Flintshire / Sir y Fflint,"5,020","5,170","5,190","5,240","5,260","5,310","5,340","5,400","5,490","5,570","5,620","5,700","5,680","5,680","5,680",,,,,,
LAUA,[z],6955,W06000006,Wrexham / Wrecsam,"4,050","4,100","4,150","4,170","4,210","4,290","4,330","4,300","4,350","4,390","4,430","4,450","4,480","4,390","4,360",,,,,,
LAUA,[z],6820,W06000008,Ceredigion / Ceredigion,"3,500","3,530","3,570","3,590","3,610","3,660","3,800","3,920","4,020","4,120","4,390","4,460","4,490","4,370","4,230",,,,,,
LAUA,[z],6845,W06000009,Pembrokeshire / Sir Benfro,"6,380","6,360","6,380","6,350","6,420","6,470","6,720","7,170","7,380","7,540","7,880","8,100","8,270","8,070","7,790",,,,,,
LAUA,[z],6825,W06000010,Carmarthenshire / Sir Gaerfyrddin,"6,830","6,880","6,950","6,930","7,030","7,050","7,170","7,370","7,550","7,520","7,810","7,870","7,860","7,790","7,720",,,,,,
LAUA,[z],6855,W06000011,Swansea / Abertawe,"7,240","7,360","7,380","7,480","7,560","7,620","7,810","8,140","8,110","8,140","8,310","8,340","8,390","8,420","8,410",,,,,,
LAUA,[z],6930,W06000012,Neath Port Talbot / Castell-nedd Port Talbot,"3,900","3,900","3,910","3,930","3,960","4,000","4,110","4,220","4,280","4,340","4,470","4,470","4,510","4,530","4,550",,,,,,
LAUA,[z],6915,W06000013,Bridgend / Pen-y-bont ar Ogwr,"4,040","4,070","4,060","4,140","4,230","4,280","4,320","4,440","5,260","5,300","5,400","5,430","5,440","5,440","5,450",,,,,,
LAUA,[z],6950,W06000014,Vale of Glamorgan / Bro Morgannwg,"3,400","3,400","3,380","3,480","3,530","3,550","3,590","3,700","3,730","3,730","3,920","3,940","3,980","3,990","4,010",,,,,,
LAUA,[z],6815,W06000015,Cardiff / Caerdydd,"11,560","11,710","11,890","12,000","12,130","12,330","12,490","13,030","13,240","13,360","13,520","13,640","13,670","13,680","13,730",,,,,,
LAUA,[z],6940,W06000016,Rhondda Cynon Taf / Rhondda Cynon Taf,"6,460","6,480","6,560","6,690","6,760","6,790","6,950","7,110","7,170","7,220","7,530","7,780","7,990","7,990","8,030",,,,,,
LAUA,[z],6920,W06000018,Caerphilly / Caerffili,"4,520","4,570","4,590","4,700","4,750","4,790","4,830","4,950","5,040","5,100","5,280","5,380","5,430","5,430","5,480",,,,,,
LAUA,[z],6910,W06000019,Blaenau Gwent / Blaenau Gwent,"2,160","2,140","2,150","2,170","2,200","2,210","2,220","2,250","2,240","2,270","2,350","2,350","2,350","2,300","2,310",,,,,,
LAUA,[z],6945,W06000020,Torfaen / Tor-faen,"2,560","2,630","2,630","2,650","2,680","2,750","2,780","2,890","2,950","2,970","3,020","3,080","3,100","3,100","3,160",,,,,,
LAUA,[z],6840,W06000021,Monmouthshire / Sir Fynwy,"3,020","3,030","3,070","3,130","3,170","3,180","3,230","3,340","3,360","3,430","3,500","3,500","3,520","3,530","3,530",,,,,,
LAUA,[z],6935,W06000022,Newport / Casnewydd,"4,430","4,470","4,530","4,600","4,630","4,670","4,710","4,810","4,830","4,860","4,880","4,890","4,970","5,000","5,000",,,,,,
LAUA,[z],6850,W06000023,Powys / Powys,"6,540","6,540","6,570","6,640","6,740","6,770","6,890","7,150","7,240","7,320","7,650","7,730","7,770","7,700","7,620",,,,,,
LAUA,[z],6925,W06000024,Merthyr Tydfil / Merthyr Tudful,"1,660","1,680","1,690","1,710","1,720","1,750","1,780","1,860","1,890","1,900","1,950","1,940","1,920","1,930","1,940",,,,,,
,,,,,,,,,,,,,,,,,,,,,,,,,
,,,,,,,,,,,,,,,,,,,,,,,,,
,,,,,,,,,,,,,,,,,,,,,,,,,
