"Table SOP5.1: Office Sector - number of rateable properties, by administrative area and financial year [note 1a]",,,,,,,,,,,,,,,,,,,,,,,,,
This worksheet contains one table. Some cells refer to notes which can be found in a table on the Notes worksheet.,,,,,,,,,,,,,,,,,,,,,,,,,
Cells which contain [z] mean the data point is not applicable.,,,,,,,,,,,,,,,,,,,,,,,,,
Cells which contain [c] mean the data point is between 1 and 4 and has been suppressed.,,,,,,,,,,,,,,,,,,,,,,,,,
"This table includes all Office sector properties in the England and Wales Non-Domestic Rating Lists, as at 31 March for each year between 2011 and 2025.",,,,,,,,,,,,,,,,,,,,,,,,,
Figures show the number of properties (counts).,,,,,,,,,,,,,,,,,,,,,,,,,
Geography [note 5a],Abolished year [note 6],BA Code [note 5b],ONS area code [note 5c],ONS area name,31 March 2011,31 March 2012,31 March 2013,31 March 2014,31 March 2015,31 March 2016,31 March 2017,31 March 2018,31 March 2019,31 March 2020,31 March 2021,31 March 2022,31 March 2023,31 March 2024,31 March 2025,Note,,,,,
ENGWAL,[z],[z],K04000001,England and Wales,"341,360","348,600","356,060","364,700","370,320","377,490","393,240","414,740","423,960","430,350","439,670","439,840","435,700","429,630","430,100",,,,,,
NATL,[z],[z],E92000001,England,"326,560","333,490","340,510","348,890","354,230","360,940","376,180","396,150","405,010","411,170","419,870","419,940","415,660","409,420","409,730",,,,,,
REGL,[z],[z],E12000001,North East,"12,990","13,280","13,750","14,070","14,520","15,150","15,700","16,110","16,450","16,810","17,330","17,430","17,490","17,360","17,210",,,,,,
LAUA,[z],1355,E06000047,County Durham UA,"1,970","2,000","2,070","2,080","2,120","2,120","2,210","2,290","2,340","2,350","2,420","2,510","2,490","2,460","2,380",,,,,,
LAUA,[z],1350,E06000005,Darlington UA,570,610,610,620,600,690,710,750,760,800,810,810,810,840,840,,,,,,
LAUA,[z],0724,E06000001,Hartlepool UA,280,300,340,340,350,360,370,380,410,440,500,500,510,510,520,,,,,,
LAUA,[z],0734,E06000002,Middlesbrough UA,690,680,700,700,730,780,820,880,870,890,960,960,960,950,960,,,,,,
LAUA,[z],2935,E06000057,Northumberland UA,"1,410","1,440","1,460","1,480","1,500","1,540","1,560","1,550","1,570","1,610","1,610","1,600","1,610","1,590","1,600",,,,,,
LAUA,[z],0728,E06000003,Redcar and Cleveland UA,470,470,480,530,540,540,580,600,640,670,670,670,680,680,650,,,,,,
LAUA,[z],0738,E06000004,Stockton-on-Tees UA,980,980,"1,030","1,030","1,040","1,180","1,270","1,270","1,280","1,270","1,300","1,310","1,300","1,280","1,270",,,,,,
CTYMET,[z],[z],E11000007,Tyne and Wear (Met County),"6,620","6,800","7,080","7,300","7,660","7,940","8,180","8,380","8,580","8,780","9,050","9,060","9,150","9,050","9,000",,,,,,
LAUA,[z],4505,E08000037,Gateshead,"1,290","1,400","1,460","1,440","1,470","1,490","1,520","1,520","1,520","1,520","1,580","1,600","1,600","1,540","1,540",,,,,,
LAUA,[z],4510,E08000021,Newcastle upon Tyne,"2,530","2,610","2,810","3,010","3,110","3,250","3,320","3,440","3,620","3,780","3,910","3,890","3,950","3,930","3,950",,,,,,
LAUA,[z],4515,E08000022,North Tyneside,"1,000",990,950,960,"1,040","1,100","1,130","1,170","1,180","1,240","1,320","1,340","1,370","1,350","1,350",,,,,,
LAUA,[z],4520,E08000023,South Tyneside,530,520,530,530,630,660,670,660,660,670,660,650,650,630,630,,,,,,
LAUA,[z],4525,E08000024,Sunderland,"1,270","1,290","1,320","1,350","1,410","1,430","1,560","1,590","1,590","1,580","1,590","1,580","1,590","1,600","1,540",,,,,,
REGL,[z],[z],E12000002,North West,"41,810","42,760","43,930","45,220","46,170","47,150","49,350","51,510","52,300","52,840","54,180","54,580","54,190","52,370","52,320",,,,,,
LAUA,[z],2372,E06000008,Blackburn with Darwen UA,"1,070","1,100","1,120","1,160","1,180","1,250","1,310","1,370","1,370","1,400","1,420","1,440","1,470","1,430","1,450",,,,,,
LAUA,[z],2373,E06000009,Blackpool UA,710,750,750,760,780,790,800,810,820,810,810,810,800,780,770,,,,,,
LAUA,[z],0660,E06000049,Cheshire East UA,"2,880","2,950","3,030","3,030","3,050","3,100","3,390","3,540","3,600","3,630","3,820","3,850","3,840","3,870","3,870",,,,,,
LAUA,[z],0665,E06000050,Cheshire West and Chester UA,"2,130","2,140","2,190","2,230","2,280","2,320","2,300","2,390","2,470","2,450","2,490","2,500","2,520","2,520","2,520",,,,,,
LAUA,[z],0935,E06000063,Cumberland UA,"1,340","1,360","1,400","1,390","1,430","1,440","1,530","1,560","1,580","1,600","1,620","1,620","1,610","1,660","1,610",[note 5d],,,,,
LAUA,2023,0905,E07000026,Allerdale,360,370,380,370,380,390,400,420,420,430,440,430,440,450,440,[note 5d],,,,,
LAUA,2023,0915,E07000028,Carlisle,700,710,720,730,740,750,810,820,830,850,840,830,820,860,830,[note 5d],,,,,
LAUA,2023,0920,E07000029,Copeland,290,290,300,300,310,310,320,330,330,320,340,360,350,350,350,[note 5d],,,,,
LAUA,[z],0650,E06000006,Halton UA,570,580,610,650,630,650,640,660,670,720,750,770,750,730,750,,,,,,
LAUA,[z],0655,E06000007,Warrington UA,"1,570","1,570","1,590","1,620","1,640","1,750","1,800","1,900","1,940","1,940","1,990","2,020","2,000","1,990","1,980",,,,,,
LAUA,[z],0940,E06000064,Westmorland and Furness UA,"1,190","1,240","1,240","1,270","1,300","1,370","1,430","1,470","1,480","1,500","1,510","1,540","1,540","1,520","1,490",[note 5e],,,,,
LAUA,2023,0910,E07000027,Barrow-in-Furness,270,290,280,290,290,290,310,310,310,320,320,320,320,320,300,[note 5e],,,,,
LAUA,2023,0925,E07000030,Eden,280,280,280,290,280,290,300,320,320,320,320,330,330,340,340,[note 5e],,,,,
LAUA,2023,0930,E07000031,South Lakeland,650,670,680,700,730,790,820,840,850,860,860,900,900,870,850,[note 5e],,,,,
CTYMET,[z],[z],E11000001,Greater Manchester (Met County),"18,190","18,630","19,110","19,740","20,240","20,690","21,720","22,780","23,090","23,390","23,980","24,270","24,020","22,500","22,480",,,,,,
LAUA,[z],4205,E08000001,Bolton,"1,440","1,460","1,500","1,520","1,550","1,570","1,640","1,740","1,770","1,780","1,850","1,880","1,890","1,720","1,780",,,,,,
LAUA,[z],4210,E08000002,Bury,790,870,880,950,980,"1,120","1,200","1,230","1,250","1,230","1,390","1,370","1,380","1,240","1,220",,,,,,
LAUA,[z],4215,E08000003,Manchester,"6,340","6,510","6,730","7,040","7,260","7,370","7,760","8,290","8,290","8,540","8,570","8,810","8,750","8,280","8,150",,,,,,
LAUA,[z],4220,E08000004,Oldham,990,"1,030","1,060","1,090","1,110","1,170","1,190","1,270","1,280","1,270","1,350","1,340","1,330","1,290","1,290",,,,,,
LAUA,[z],4225,E08000005,Rochdale,830,860,890,950,990,"1,020","1,050","1,100","1,120","1,150","1,180","1,190","1,190","1,070","1,080",,,,,,
LAUA,[z],4230,E08000006,Salford,"1,640","1,720","1,770","1,760","1,820","1,830","1,930","2,090","2,210","2,250","2,380","2,360","2,290","2,250","2,270",,,,,,
LAUA,[z],4235,E08000007,Stockport,"2,060","2,050","2,090","2,130","2,190","2,260","2,380","2,420","2,490","2,530","2,540","2,570","2,560","2,370","2,370",,,,,,
LAUA,[z],4240,E08000008,Tameside,770,770,800,820,840,840,860,930,960,970,"1,010","1,030","1,020",980,970,,,,,,
LAUA,[z],4245,E08000009,Trafford,"2,100","2,130","2,180","2,260","2,270","2,260","2,370","2,370","2,340","2,280","2,290","2,290","2,200","2,020","2,010",,,,,,
LAUA,[z],4250,E08000010,Wigan,"1,250","1,240","1,220","1,220","1,220","1,250","1,340","1,340","1,380","1,380","1,420","1,440","1,420","1,290","1,350",,,,,,
CTYMET,[z],[z],E10000017,Lancashire,"6,140","6,290","6,410","6,600","6,710","6,760","6,970","7,300","7,340","7,290","7,590","7,610","7,590","7,290","7,270",,,,,,
LAUA,[z],2315,E07000117,Burnley,650,650,650,690,700,730,780,820,820,830,840,810,820,780,770,,,,,,
LAUA,[z],2320,E07000118,Chorley,550,590,600,610,610,620,630,660,650,650,690,690,690,700,680,,,,,,
LAUA,[z],2325,E07000119,Fylde,460,470,450,460,450,470,490,490,500,490,520,510,530,520,530,,,,,,
LAUA,[z],2330,E07000120,Hyndburn,370,390,390,390,390,390,390,390,390,380,390,380,390,360,340,,,,,,
LAUA,[z],2335,E07000121,Lancaster,680,690,710,730,750,740,780,820,840,800,830,820,800,780,790,,,,,,
LAUA,[z],2340,E07000122,Pendle,500,490,500,510,530,520,510,530,540,550,560,600,590,550,540,,,,,,
LAUA,[z],2345,E07000123,Preston,"1,120","1,150","1,180","1,210","1,210","1,190","1,230","1,330","1,330","1,310","1,320","1,320","1,290","1,210","1,230",,,,,,
LAUA,[z],2350,E07000124,Ribble Valley,290,300,330,360,390,390,400,430,430,430,460,470,460,450,440,,,,,,
LAUA,[z],2355,E07000125,Rossendale,350,360,390,390,390,380,380,390,410,410,440,440,450,430,430,,,,,,
LAUA,[z],2360,E07000126,South Ribble,400,410,430,450,470,470,470,520,510,520,550,530,540,520,530,,,,,,
LAUA,[z],2365,E07000127,West Lancashire,410,420,450,460,470,470,490,520,520,520,590,600,610,590,600,,,,,,
LAUA,[z],2370,E07000128,Wyre,370,370,340,350,360,370,400,400,400,400,410,430,420,400,400,,,,,,
CTYMET,[z],[z],E11000002,Merseyside (Met County),"6,020","6,160","6,480","6,780","6,940","7,050","7,460","7,740","7,940","8,110","8,210","8,160","8,040","8,090","8,110",,,,,,
LAUA,[z],4305,E08000011,Knowsley,390,400,410,440,450,460,480,500,440,440,460,460,460,450,440,,,,,,
LAUA,[z],4310,E08000012,Liverpool,"3,290","3,390","3,600","3,810","3,890","3,920","4,160","4,350","4,550","4,690","4,740","4,710","4,630","4,690","4,700",,,,,,
LAUA,[z],4320,E08000014,Sefton,840,870,890,900,950,990,"1,030","1,070","1,080","1,060","1,080","1,080","1,050","1,120","1,130",,,,,,
LAUA,[z],4315,E08000013,St. Helens,580,590,610,650,660,670,670,680,710,740,760,750,740,730,730,,,,,,
LAUA,[z],4325,E08000015,Wirral,910,910,970,970,980,"1,010","1,130","1,150","1,160","1,180","1,190","1,170","1,170","1,120","1,110",,,,,,
REGL,[z],[z],E12000003,Yorkshire and The Humber,"29,220","29,870","30,630","31,450","32,050","32,810","34,150","35,600","36,160","36,430","37,180","37,150","37,030","36,860","36,880",,,,,,
LAUA,[z],2001,E06000011,East Riding of Yorkshire UA,"1,250","1,280","1,290","1,340","1,380","1,410","1,470","1,520","1,580","1,570","1,640","1,620","1,670","1,650","1,630",,,,,,
LAUA,[z],2004,E06000010,"Kingston upon Hull, City of UA","1,240","1,360","1,360","1,370","1,400","1,420","1,580","1,660","1,620","1,690","1,740","1,730","1,760","1,730","1,720",,,,,,
LAUA,[z],2002,E06000012,North East Lincolnshire UA,650,670,670,670,650,660,680,700,690,670,700,730,720,730,740,,,,,,
LAUA,[z],2003,E06000013,North Lincolnshire UA,530,530,530,520,520,510,530,560,570,570,570,580,570,550,560,,,,,,
LAUA,[z],2740,E06000065,North Yorkshire UA,"3,810","3,830","3,870","3,980","4,050","4,160","4,260","4,380","4,410","4,410","4,450","4,450","4,420","4,370","4,340",[note 5f],,,,,
LAUA,2023,2705,E07000163,Craven,340,340,350,360,380,380,380,390,390,400,410,410,410,410,400,[note 5f],,,,,
LAUA,2023,2710,E07000164,Hambleton,620,620,630,630,660,670,710,730,730,720,730,710,740,740,730,[note 5f],,,,,
LAUA,2023,2715,E07000165,Harrogate,"1,410","1,440","1,500","1,550","1,570","1,650","1,680","1,750","1,760","1,740","1,750","1,760","1,710","1,680","1,650",[note 5f],,,,,
LAUA,2023,2720,E07000166,Richmondshire,240,240,240,240,240,250,250,250,250,260,260,260,250,250,240,[note 5f],,,,,
LAUA,2023,2725,E07000167,Ryedale,250,250,250,250,240,250,260,260,260,270,270,270,270,270,270,[note 5f],,,,,
LAUA,2023,2730,E07000168,Scarborough,550,550,550,570,570,580,590,600,610,610,630,620,630,620,620,[note 5f],,,,,
LAUA,2023,2735,E07000169,Selby,390,390,370,380,390,390,390,400,410,410,420,420,420,420,420,[note 5f],,,,,
LAUA,[z],2741,E06000014,York UA,"1,410","1,480","1,510","1,530","1,500","1,500","1,520","1,580","1,560","1,590","1,590","1,550","1,570","1,550","1,540",,,,,,
CTYMET,[z],[z],E11000003,South Yorkshire (Met County),"5,920","6,060","6,190","6,310","6,560","6,550","7,000","7,430","7,470","7,500","7,650","7,700","7,640","7,670","7,650",,,,,,
LAUA,[z],4405,E08000016,Barnsley,920,940,950,950,960,950,"1,000","1,050","1,050","1,070","1,090","1,130","1,130","1,130","1,130",,,,,,
LAUA,[z],4410,E08000017,Doncaster,"1,130","1,130","1,190","1,210","1,260","1,310","1,470","1,550","1,580","1,560","1,610","1,630","1,630","1,640","1,610",,,,,,
LAUA,[z],4415,E08000018,Rotherham,"1,080","1,100","1,100","1,100","1,100","1,080","1,080","1,110","1,080","1,090","1,140","1,130","1,140","1,150","1,160",,,,,,
LAUA,[z],4420,E08000019,Sheffield,"2,790","2,890","2,950","3,060","3,240","3,210","3,450","3,720","3,760","3,780","3,820","3,810","3,740","3,760","3,740",,,,,,
CTYMET,[z],[z],E11000006,West Yorkshire (Met County),"14,410","14,670","15,200","15,730","15,980","16,600","17,120","17,770","18,250","18,420","18,840","18,800","18,680","18,600","18,700",,,,,,
LAUA,[z],4705,E08000032,Bradford,"2,800","2,860","2,950","3,040","3,140","3,330","3,380","3,550","3,600","3,670","3,750","3,770","3,780","3,740","3,770",,,,,,
LAUA,[z],4710,E08000033,Calderdale,"1,320","1,340","1,400","1,440","1,460","1,540","1,590","1,680","1,710","1,750","1,820","1,830","1,790","1,780","1,790",,,,,,
LAUA,[z],4715,E08000034,Kirklees,"2,320","2,350","2,380","2,430","2,480","2,560","2,630","2,700","2,700","2,770","2,860","2,870","2,800","2,830","2,820",,,,,,
LAUA,[z],4720,E08000035,Leeds,"6,410","6,480","6,770","7,010","7,090","7,290","7,610","7,850","8,280","8,270","8,360","8,280","8,300","8,260","8,370",,,,,,
LAUA,[z],4725,E08000036,Wakefield,"1,570","1,640","1,700","1,810","1,820","1,890","1,910","2,000","1,970","1,970","2,060","2,060","2,010","2,000","1,960",,,,,,
REGL,[z],[z],E12000004,East Midlands,"21,000","21,670","22,190","22,670","23,240","23,680","24,760","26,160","26,480","26,590","27,130","27,240","27,320","27,150","27,330",,,,,,
LAUA,[z],1055,E06000015,Derby UA,"1,540","1,530","1,570","1,600","1,710","1,770","1,940","2,040","2,050","2,000","2,020","1,990","1,960","1,920","1,900",,,,,,
LAUA,[z],2465,E06000016,Leicester UA,"1,670","1,690","1,710","1,810","1,840","1,910","1,900","2,010","2,030","2,050","2,080","2,110","2,100","2,100","2,120",,,,,,
LAUA,[z],2840,E06000061,North Northamptonshire UA,"1,280","1,370","1,400","1,390","1,390","1,410","1,490","1,630","1,680","1,690","1,790","1,770","1,800","1,770","1,780",[note 5g],,,,,
LAUA,2021,2805,E07000150,Corby,200,220,240,270,280,290,310,330,330,340,360,350,350,330,320,[note 5g],,,,,
LAUA,2021,2815,E07000152,East Northamptonshire,270,320,320,330,330,340,360,400,420,420,480,470,470,480,470,[note 5g],,,,,
LAUA,2021,2820,E07000153,Kettering,430,430,440,430,430,430,420,450,470,470,500,500,500,490,520,[note 5g],,,,,
LAUA,2021,2835,E07000156,Wellingborough,390,400,390,360,360,360,410,440,460,450,460,450,480,470,480,[note 5g],,,,,
LAUA,[z],3060,E06000018,Nottingham UA,"2,130","2,240","2,270","2,270","2,280","2,300","2,490","2,650","2,610","2,580","2,560","2,530","2,520","2,500","2,600",,,,,,
LAUA,[z],2470,E06000017,Rutland UA,190,200,210,220,230,250,270,280,320,340,330,330,330,330,320,,,,,,
LAUA,[z],2845,E06000062,West Northamptonshire UA,"2,320","2,420","2,470","2,510","2,490","2,510","2,550","2,700","2,710","2,690","2,760","2,730","2,670","2,640","2,630",[note 5h],,,,,
LAUA,2021,2810,E07000151,Daventry,330,380,390,390,400,400,430,450,450,460,480,480,510,490,490,[note 5h],,,,,
LAUA,2021,2825,E07000154,Northampton,"1,470","1,510","1,530","1,540","1,540","1,540","1,560","1,660","1,660","1,630","1,650","1,620","1,540","1,520","1,520",[note 5h],,,,,
LAUA,2021,2830,E07000155,South Northamptonshire,520,530,560,580,560,560,570,600,600,600,630,630,620,620,620,[note 5h],,,,,
CTYMET,[z],[z],E10000007,Derbyshire,"3,030","3,150","3,220","3,250","3,290","3,360","3,510","3,640","3,720","3,760","3,860","3,890","3,960","4,020","4,030",,,,,,
LAUA,[z],1005,E07000032,Amber Valley,480,480,490,490,500,520,540,550,560,560,560,570,580,580,580,,,,,,
LAUA,[z],1010,E07000033,Bolsover,290,320,360,340,360,360,360,350,350,360,360,370,370,370,370,,,,,,
LAUA,[z],1015,E07000034,Chesterfield,660,680,680,700,720,750,780,800,830,820,810,800,850,890,870,,,,,,
LAUA,[z],1045,E07000035,Derbyshire Dales,370,380,390,390,390,380,390,410,410,430,440,450,470,470,480,,,,,,
LAUA,[z],1025,E07000036,Erewash,340,360,360,370,380,390,400,430,430,430,470,500,510,510,510,,,,,,
LAUA,[z],1030,E07000037,High Peak,350,360,360,370,360,380,400,420,420,430,470,460,470,480,480,,,,,,
LAUA,[z],1035,E07000038,North East Derbyshire,330,330,330,350,340,340,390,410,420,420,430,410,410,410,410,,,,,,
LAUA,[z],1040,E07000039,South Derbyshire,230,240,250,250,260,260,270,290,310,310,310,330,310,310,310,,,,,,
CTYMET,[z],[z],E10000018,Leicestershire,"2,910","2,960","3,000","3,080","3,190","3,200","3,350","3,540","3,600","3,670","3,730","3,770","3,830","3,730","3,780",,,,,,
LAUA,[z],2405,E07000129,Blaby,440,460,470,460,470,490,520,540,540,540,550,570,620,620,630,,,,,,
LAUA,[z],2410,E07000130,Charnwood,620,580,570,590,620,620,710,720,740,740,770,790,800,800,820,,,,,,
LAUA,[z],2415,E07000131,Harborough,560,620,630,650,670,660,670,680,710,730,720,720,730,740,740,,,,,,
LAUA,[z],2420,E07000132,Hinckley and Bosworth,360,370,390,400,410,420,420,450,460,460,480,490,490,490,500,,,,,,
LAUA,[z],2430,E07000133,Melton,150,150,160,160,190,190,170,170,170,170,170,180,170,170,170,,,,,,
LAUA,[z],2435,E07000134,North West Leicestershire,640,640,650,660,670,680,720,780,800,820,830,830,830,740,740,,,,,,
LAUA,[z],2440,E07000135,Oadby and Wigston,130,140,140,150,160,150,150,190,190,210,210,180,180,180,180,,,,,,
CTYMET,[z],[z],E10000019,Lincolnshire,"3,190","3,250","3,320","3,400","3,470","3,510","3,720","3,850","3,840","3,890","3,970","3,980","3,990","3,970","3,980",,,,,,
LAUA,[z],2505,E07000136,Boston,290,290,290,290,310,330,380,390,390,410,410,410,420,410,380,,,,,,
LAUA,[z],2510,E07000137,East Lindsey,490,500,500,510,510,510,510,520,510,510,510,510,520,520,520,,,,,,
LAUA,[z],2515,E07000138,Lincoln,720,720,730,740,730,720,810,830,820,830,860,850,840,840,840,,,,,,
LAUA,[z],2520,E07000139,North Kesteven,430,450,460,470,490,490,520,520,530,540,560,570,570,560,570,,,,,,
LAUA,[z],2525,E07000140,South Holland,360,380,380,390,410,390,400,420,410,400,420,420,420,420,430,,,,,,
LAUA,[z],2530,E07000141,South Kesteven,590,600,620,670,670,710,740,780,800,810,830,830,820,820,840,,,,,,
LAUA,[z],2535,E07000142,West Lindsey,300,320,340,350,360,360,370,390,380,380,390,390,390,390,400,,,,,,
CTYMET,[z],[z],E10000024,Nottinghamshire,"2,750","2,860","3,020","3,140","3,360","3,460","3,530","3,820","3,920","3,920","4,040","4,150","4,150","4,180","4,200",,,,,,
LAUA,[z],3005,E07000170,Ashfield,220,240,270,290,370,360,390,440,470,500,550,550,560,560,550,,,,,,
LAUA,[z],3010,E07000171,Bassetlaw,440,500,510,540,570,620,650,700,700,690,640,700,720,740,740,,,,,,
LAUA,[z],3015,E07000172,Broxtowe,330,340,340,350,370,360,310,360,360,370,420,440,440,420,420,,,,,,
LAUA,[z],3020,E07000173,Gedling,310,310,320,320,310,320,310,320,340,300,340,340,330,330,330,,,,,,
LAUA,[z],3025,E07000174,Mansfield,500,500,510,530,530,540,580,600,630,630,660,700,700,720,720,,,,,,
LAUA,[z],3030,E07000175,Newark and Sherwood,560,570,660,680,720,740,740,790,790,830,820,800,790,780,790,,,,,,
LAUA,[z],3040,E07000176,Rushcliffe,400,410,420,440,490,520,560,610,620,610,630,610,620,630,660,,,,,,
REGL,[z],[z],E12000005,West Midlands,"29,550","30,150","30,490","31,130","31,560","32,050","33,320","34,760","35,130","35,340","36,560","36,490","36,200","35,640","35,520",,,,,,
LAUA,[z],1850,E06000019,"Herefordshire, County of UA",940,960,"1,020","1,050","1,100","1,110","1,200","1,350","1,350","1,340","1,370","1,360","1,360","1,340","1,330",,,,,,
LAUA,[z],3245,E06000051,Shropshire UA,"1,570","1,600","1,620","1,590","1,570","1,660","1,710","1,740","1,720","1,740","1,780","1,800","1,800","1,820","1,800",,,,,,
LAUA,[z],3455,E06000021,Stoke-on-Trent UA,890,910,930,960,"1,060","1,090","1,130","1,220","1,230","1,220","1,430","1,430","1,430","1,430","1,420",,,,,,
LAUA,[z],3240,E06000020,Telford and Wrekin UA,700,700,670,700,720,750,810,870,880,840,880,900,910,910,920,,,,,,
CTYMET,[z],[z],E10000028,Staffordshire,"3,810","3,840","3,850","3,890","3,900","3,990","4,210","4,370","4,440","4,490","4,640","4,660","4,630","4,640","4,690",,,,,,
LAUA,[z],3405,E07000192,Cannock Chase,520,540,520,510,500,500,520,560,600,610,610,600,600,600,600,,,,,,
LAUA,[z],3410,E07000193,East Staffordshire,670,670,680,680,680,670,700,700,660,650,690,700,700,680,680,,,,,,
LAUA,[z],3415,E07000194,Lichfield,510,520,520,530,530,530,580,590,610,600,630,610,610,620,620,,,,,,
LAUA,[z],3420,E07000195,Newcastle-under-Lyme,530,540,540,560,550,560,640,660,680,690,700,700,690,700,700,,,,,,
LAUA,[z],3430,E07000196,South Staffordshire,350,340,350,360,380,400,430,450,470,490,510,530,530,530,550,,,,,,
LAUA,[z],3425,E07000197,Stafford,740,740,750,750,750,760,740,820,820,820,840,840,830,830,870,,,,,,
LAUA,[z],3435,E07000198,Staffordshire Moorlands,190,190,190,200,190,200,200,210,230,240,260,260,250,260,250,,,,,,
LAUA,[z],3445,E07000199,Tamworth,290,300,290,310,310,380,380,380,380,390,400,420,420,420,430,,,,,,
CTYMET,[z],[z],E10000031,Warwickshire,"3,280","3,360","3,430","3,530","3,600","3,640","3,680","3,830","3,850","3,780","3,820","3,840","3,820","3,780","3,790",,,,,,
LAUA,[z],3705,E07000218,North Warwickshire,370,370,370,360,370,370,370,370,380,370,370,390,380,380,380,,,,,,
LAUA,[z],3710,E07000219,Nuneaton and Bedworth,350,380,370,370,370,370,360,360,360,350,350,360,350,350,360,,,,,,
LAUA,[z],3715,E07000220,Rugby,460,480,500,520,530,540,540,520,510,490,500,500,500,490,490,,,,,,
LAUA,[z],3720,E07000221,Stratford-on-Avon,940,980,"1,050","1,060","1,060","1,080","1,090","1,170","1,190","1,160","1,180","1,190","1,190","1,170","1,170",,,,,,
LAUA,[z],3725,E07000222,Warwick,"1,160","1,160","1,160","1,220","1,270","1,290","1,330","1,400","1,420","1,410","1,410","1,400","1,400","1,380","1,400",,,,,,
CTYMET,[z],[z],E11000005,West Midlands (Met County),"14,800","15,150","15,330","15,720","15,920","16,090","16,660","17,310","17,580","17,840","18,520","18,390","18,180","17,710","17,610",,,,,,
LAUA,[z],4605,E08000025,Birmingham,"7,020","7,150","7,260","7,480","7,630","7,720","7,900","8,300","8,440","8,970","9,440","9,330","9,190","8,910","8,870",,,,,,
LAUA,[z],4610,E08000026,Coventry,"1,650","1,660","1,660","1,670","1,670","1,640","1,670","1,710","1,690","1,660","1,690","1,710","1,670","1,670","1,680",,,,,,
LAUA,[z],4615,E08000027,Dudley,"1,610","1,640","1,620","1,590","1,600","1,620","1,720","1,820","1,830","1,730","1,750","1,720","1,720","1,670","1,610",,,,,,
LAUA,[z],4620,E08000028,Sandwell,"1,010","1,090","1,070","1,070","1,050","1,080","1,090","1,020","1,040","1,030","1,010","1,020","1,000",990,"1,000",,,,,,
LAUA,[z],4625,E08000029,Solihull,"1,290","1,350","1,410","1,520","1,540","1,570","1,650","1,760","1,780","1,750","1,790","1,780","1,730","1,660","1,600",,,,,,
LAUA,[z],4630,E08000030,Walsall,940,960,"1,000","1,040","1,080","1,090","1,150","1,150","1,150","1,080","1,100","1,110","1,100","1,070","1,090",,,,,,
LAUA,[z],4635,E08000031,Wolverhampton,"1,270","1,310","1,310","1,350","1,360","1,370","1,480","1,540","1,660","1,630","1,750","1,720","1,770","1,740","1,760",,,,,,
CTYMET,[z],[z],E10000034,Worcestershire,"3,580","3,640","3,650","3,690","3,690","3,710","3,920","4,080","4,090","4,090","4,120","4,110","4,060","4,020","3,960",,,,,,
LAUA,[z],1805,E07000234,Bromsgrove,710,730,720,720,730,740,750,780,800,800,830,830,790,780,740,,,,,,
LAUA,[z],1860,E07000235,Malvern Hills,450,460,460,480,470,470,490,490,490,470,470,480,470,470,470,,,,,,
LAUA,[z],1825,E07000236,Redditch,480,480,470,480,480,500,510,530,530,550,540,530,540,550,540,,,,,,
LAUA,[z],1835,E07000237,Worcester,650,660,650,650,660,650,660,680,680,680,680,680,660,650,650,,,,,,
LAUA,[z],1840,E07000238,Wychavon,780,790,810,820,800,810,840,890,880,870,920,900,900,890,880,,,,,,
LAUA,[z],1845,E07000239,Wyre Forest,510,530,540,560,550,550,670,710,710,710,690,700,700,680,680,,,,,,
REGL,[z],[z],E12000006,East of England,"32,030","32,530","33,280","34,100","34,630","35,150","36,410","37,920","38,310","38,530","39,180","39,290","39,390","38,950","39,050",,,,,,
LAUA,[z],0235,E06000055,Bedford UA,900,930,950,960,950,980,"1,040","1,040","1,070","1,060","1,060","1,060","1,070","1,070","1,080",,,,,,
LAUA,[z],0240,E06000056,Central Bedfordshire UA,"1,210","1,240","1,220","1,290","1,300","1,300","1,290","1,320","1,340","1,330","1,380","1,350","1,350","1,360","1,350",,,,,,
LAUA,[z],0230,E06000032,Luton UA,"1,140","1,190","1,250","1,310","1,260","1,230","1,180","1,260","1,260","1,320","1,260","1,270","1,270","1,220","1,170",,,,,,
LAUA,[z],0540,E06000031,Peterborough UA,"1,220","1,230","1,230","1,230","1,230","1,290","1,380","1,450","1,440","1,430","1,510","1,520","1,500","1,460","1,370",,,,,,
LAUA,[z],1590,E06000033,Southend-on-Sea UA,790,790,840,840,850,850,870,920,910,910,840,820,830,750,750,,,,,,
LAUA,[z],1595,E06000034,Thurrock UA,370,360,360,380,390,420,470,480,480,480,470,460,480,480,470,,,,,,
CTYMET,[z],[z],E10000003,Cambridgeshire,"4,060","4,080","4,240","4,340","4,430","4,490","4,700","4,870","5,040","5,190","5,260","5,330","5,350","5,300","5,310",,,,,,
LAUA,[z],0505,E07000008,Cambridge,"1,140","1,140","1,200","1,220","1,190","1,190","1,260","1,310","1,310","1,300","1,330","1,350","1,360","1,370","1,380",,,,,,
LAUA,[z],0510,E07000009,East Cambridgeshire,330,340,340,350,350,360,370,400,400,390,410,420,420,430,430,,,,,,
LAUA,[z],0515,E07000010,Fenland,350,350,360,360,400,410,410,420,420,420,420,420,420,410,410,,,,,,
LAUA,[z],0520,E07000011,Huntingdonshire,860,890,890,890,920,940,970,"1,000",990,"1,060","1,080","1,080","1,080","1,060","1,080",,,,,,
LAUA,[z],0530,E07000012,South Cambridgeshire,"1,370","1,370","1,450","1,530","1,570","1,600","1,700","1,750","1,930","2,020","2,020","2,070","2,070","2,020","2,010",,,,,,
CTYMET,[z],[z],E10000012,Essex,"7,130","7,190","7,330","7,550","7,740","7,930","8,160","8,440","8,530","8,650","8,890","9,000","9,050","8,970","9,090",,,,,,
LAUA,[z],1505,E07000066,Basildon,770,780,780,830,830,830,840,850,860,840,860,910,900,910,900,,,,,,
LAUA,[z],1510,E07000067,Braintree,620,610,660,690,740,770,800,810,820,810,830,820,880,880,880,,,,,,
LAUA,[z],1515,E07000068,Brentwood,480,500,520,530,580,590,610,620,590,590,650,660,650,640,640,,,,,,
LAUA,[z],1520,E07000069,Castle Point,190,180,190,210,210,200,200,210,200,200,200,210,200,200,230,,,,,,
LAUA,[z],1525,E07000070,Chelmsford,950,970,980,"1,030","1,060","1,120","1,160","1,190","1,250","1,270","1,270","1,280","1,280","1,260","1,290",,,,,,
LAUA,[z],1530,E07000071,Colchester,"1,080","1,090","1,090","1,080","1,120","1,140","1,170","1,250","1,260","1,320","1,350","1,340","1,300","1,300","1,300",,,,,,
LAUA,[z],1535,E07000072,Epping Forest,640,670,690,710,720,820,830,870,910,930,960,"1,000","1,010",990,"1,030",,,,,,
LAUA,[z],1540,E07000073,Harlow,490,480,480,480,500,490,520,510,490,460,490,490,490,460,470,,,,,,
LAUA,[z],1545,E07000074,Maldon,370,390,380,380,370,360,340,350,350,360,360,360,360,360,360,,,,,,
LAUA,[z],1550,E07000075,Rochford,280,270,280,300,300,310,330,360,360,380,380,400,410,420,420,,,,,,
LAUA,[z],1560,E07000076,Tendring,460,460,480,520,530,530,540,580,590,600,630,630,650,650,690,,,,,,
LAUA,[z],1570,E07000077,Uttlesford,810,790,800,800,780,770,820,840,840,890,910,920,920,910,890,,,,,,
CTYMET,[z],[z],E10000015,Hertfordshire,"7,270","7,430","7,740","7,900","7,940","8,050","8,270","8,510","8,460","8,330","8,460","8,340","8,310","8,320","8,350",,,,,,
LAUA,[z],1905,E07000095,Broxbourne,280,310,310,320,310,300,320,380,370,360,360,340,360,350,340,,,,,,
LAUA,[z],1910,E07000096,Dacorum,"1,110","1,150","1,200","1,260","1,330","1,250","1,220","1,210","1,210","1,200","1,260","1,260","1,210","1,220","1,190",,,,,,
LAUA,[z],1915,E07000242,East Hertfordshire,850,860,860,900,920,900,"1,010",980,990,"1,000","1,000","1,010",980,"1,000","1,010",,,,,,
LAUA,[z],1920,E07000098,Hertsmere,810,850,890,890,900,960,970,950,950,920,980,950,960,960,970,,,,,,
LAUA,[z],1925,E07000099,North Hertfordshire,890,880,890,900,900,910,980,990,980,960,970,980,990,"1,000","1,000",,,,,,
LAUA,[z],1930,E07000240,St Albans,"1,060","1,080","1,140","1,160","1,150","1,140","1,150","1,180","1,180","1,150","1,150","1,150","1,140","1,140","1,130",,,,,,
LAUA,[z],1935,E07000243,Stevenage,530,540,570,580,580,600,580,620,620,640,610,610,620,610,630,,,,,,
LAUA,[z],1940,E07000102,Three Rivers,430,440,460,460,450,470,470,550,530,570,680,660,670,670,670,,,,,,
LAUA,[z],1945,E07000103,Watford,680,690,730,730,700,720,770,820,820,750,650,570,590,570,580,,,,,,
LAUA,[z],1950,E07000241,Welwyn Hatfield,630,620,680,690,700,800,820,830,830,790,800,810,800,790,850,,,,,,
CTYMET,[z],[z],E10000020,Norfolk,"3,470","3,630","3,630","3,750","3,930","4,000","4,380","4,770","4,900","4,950","5,050","5,070","5,110","5,080","5,100",,,,,,
LAUA,[z],2605,E07000143,Breckland,390,400,400,400,400,390,410,480,500,510,520,520,520,520,520,,,,,,
LAUA,[z],2610,E07000144,Broadland,300,340,350,360,380,410,450,470,470,460,430,450,470,460,480,,,,,,
LAUA,[z],2615,E07000145,Great Yarmouth,390,380,380,400,410,410,440,450,460,470,470,470,470,470,470,,,,,,
LAUA,[z],2635,E07000146,King's Lynn and West Norfolk,400,440,440,450,470,470,520,550,560,560,590,590,590,600,600,,,,,,
LAUA,[z],2620,E07000147,North Norfolk,260,280,280,280,320,330,370,390,400,420,420,420,430,430,440,,,,,,
LAUA,[z],2625,E07000148,Norwich,"1,260","1,300","1,310","1,350","1,390","1,380","1,500","1,680","1,740","1,760","1,830","1,820","1,810","1,780","1,790",,,,,,
LAUA,[z],2630,E07000149,South Norfolk,480,480,480,510,550,600,690,750,770,770,790,800,820,810,810,,,,,,
CTYMET,[z],[z],E10000029,Suffolk,"4,470","4,470","4,500","4,560","4,620","4,610","4,680","4,860","4,880","4,890","5,000","5,060","5,080","4,960","5,000",,,,,,
LAUA,[z],3505,E07000200,Babergh,500,500,500,520,530,550,560,560,570,610,630,640,640,630,630,,,,,,
LAUA,[z],3540,E07000244,East Suffolk,"1,460","1,450","1,430","1,440","1,460","1,470","1,470","1,520","1,540","1,520","1,540","1,560","1,560","1,520","1,550",,,,,,
LAUA,[z],3515,E07000202,Ipswich,"1,110","1,100","1,130","1,120","1,130","1,140","1,160","1,220","1,210","1,200","1,190","1,230","1,260","1,230","1,240",,,,,,
LAUA,[z],3520,E07000203,Mid Suffolk,470,470,480,510,530,500,520,530,520,510,520,540,520,510,510,,,,,,
LAUA,[z],3545,E07000245,West Suffolk,940,960,960,960,980,970,970,"1,030","1,040","1,050","1,110","1,110","1,100","1,080","1,080",,,,,,
REGL,[z],[z],E12000007,London,"80,590","82,090","83,670","85,870","86,620","88,300","93,470","100,990","105,550","108,930","110,130","109,770","106,450","104,160","104,900",,,,,,
CTYMET,[z],[z],E13000001,Inner London,"57,080","58,060","59,120","60,830","61,780","63,350","68,210","74,170","78,320","81,490","83,480","82,880","80,290","77,930","78,560",,,,,,
LAUA,[z],5210,E09000007,Camden,"6,530","6,680","6,760","6,850","6,950","7,050","7,600","8,850","9,120","9,210","9,480","9,380","9,250","9,060","9,110",,,,,,
LAUA,[z],5030,E09000001,City of London,"9,420","9,700","10,060","10,610","10,820","11,320","13,060","13,970","14,760","15,210","15,840","15,440","14,210","13,430","13,360",,,,,,
LAUA,[z],5360,E09000012,Hackney,"2,340","2,410","2,420","2,470","2,510","2,590","2,950","3,300","3,740","4,340","4,520","4,490","4,580","4,520","4,670",,,,,,
LAUA,[z],5390,E09000013,Hammersmith and Fulham,"2,980","3,110","3,160","3,270","3,150","3,190","3,220","3,340","3,530","3,550","3,540","3,770","3,790","3,710","3,700",,,,,,
LAUA,[z],5420,E09000014,Haringey,830,810,830,860,890,890,910,920,990,990,"1,040","1,040","1,040","1,030","1,050",,,,,,
LAUA,[z],5570,E09000019,Islington,"3,540","3,640","3,750","3,820","3,940","3,990","4,270","4,630","5,060","5,480","5,470","5,420","5,250","5,220","5,220",,,,,,
LAUA,[z],5600,E09000020,Kensington and Chelsea,"2,280","2,250","2,270","2,350","2,440","2,560","2,820","2,980","3,180","3,170","3,140","3,080","2,960","2,840","2,840",,,,,,
LAUA,[z],5660,E09000022,Lambeth,"1,490","1,530","1,530","1,570","1,820","1,800","1,890","1,770","1,920","2,010","1,990","2,000","2,000","2,020","2,000",,,,,,
LAUA,[z],5690,E09000023,Lewisham,510,500,510,520,530,550,620,620,620,750,840,830,770,770,740,,,,,,
LAUA,[z],5750,E09000025,Newham,940,960,980,"1,050","1,060","1,080","1,060","1,140","1,200","1,360","1,370","1,360","1,370","1,410","1,600",,,,,,
LAUA,[z],5840,E09000028,Southwark,"2,900","2,960","3,060","3,200","3,220","3,460","3,960","4,650","4,840","4,960","5,020","4,940","4,930","5,010","5,150",,,,,,
LAUA,[z],5900,E09000030,Tower Hamlets,"3,590","3,640","3,840","4,190","4,290","4,260","4,790","5,040","5,410","5,790","6,490","6,640","6,520","6,270","6,300",,,,,,
LAUA,[z],5960,E09000032,Wandsworth,"2,080","1,990","2,000","1,930","1,890","1,940","1,910","1,900","1,920","1,940","2,010","1,990","1,930","1,710","1,770",,,,,,
LAUA,[z],5990,E09000033,Westminster,"17,660","17,870","17,950","18,140","18,270","18,670","19,170","21,070","22,030","22,740","22,730","22,500","21,700","20,950","21,060",,,,,,
CTYMET,[z],[z],E13000002,Outer London,"23,520","24,040","24,550","25,040","24,840","24,950","25,260","26,820","27,240","27,450","26,650","26,890","26,160","26,230","26,330",,,,,,
LAUA,[z],5060,E09000002,Barking and Dagenham,560,610,600,600,610,680,770,830,880,880,840,830,730,800,800,,,,,,
LAUA,[z],5090,E09000003,Barnet,"2,030","2,040","2,070","2,100","2,160","2,360","2,410","2,430","2,360","2,170","2,000","2,060","1,940","1,960","1,950",,,,,,
LAUA,[z],5120,E09000004,Bexley,560,550,550,540,530,510,520,540,530,510,480,510,500,490,500,,,,,,
LAUA,[z],5150,E09000005,Brent,"1,520","1,560","1,600","1,650","1,650","1,590","1,610","1,930","1,990","1,950","1,700","1,680","1,660","1,670","1,700",,,,,,
LAUA,[z],5180,E09000006,Bromley,"1,410","1,430","1,420","1,420","1,410","1,320","1,320","1,250","1,290","1,410","1,460","1,370","1,340","1,390","1,380",,,,,,
LAUA,[z],5240,E09000008,Croydon,"1,750","1,760","1,970","1,970","1,930","1,950","1,980","2,050","2,080","2,120","2,010","2,010","1,940","1,880","1,860",,,,,,
LAUA,[z],5270,E09000009,Ealing,"1,510","1,540","1,590","1,610","1,620","1,710","1,760","1,990","2,110","2,130","2,120","2,140","2,120","2,080","2,060",,,,,,
LAUA,[z],5300,E09000010,Enfield,930,960,950,"1,020","1,040","1,030","1,060",980,970,"1,040","1,080","1,120","1,100","1,080","1,090",,,,,,
LAUA,[z],5330,E09000011,Greenwich,640,670,690,720,740,780,820,840,840,860,870,890,930,990,970,,,,,,
LAUA,[z],5450,E09000015,Harrow,"1,630","1,630","1,700","1,800","1,700","1,600","1,560","1,730","1,700","1,710","1,630","1,640","1,640","1,640","1,630",,,,,,
LAUA,[z],5480,E09000016,Havering,640,670,690,680,680,690,790,860,870,850,850,860,860,860,850,,,,,,
LAUA,[z],5510,E09000017,Hillingdon,"1,660","1,750","1,720","1,740","1,740","1,880","1,810","2,350","2,430","2,710","2,580","2,610","2,420","2,530","2,520",,,,,,
LAUA,[z],5540,E09000018,Hounslow,"1,950","2,050","2,020","2,070","2,130","2,040","2,050","2,090","2,080","1,990","2,090","2,080","2,040","2,030","2,070",,,,,,
LAUA,[z],5630,E09000021,Kingston upon Thames,"1,400","1,420","1,410","1,430","1,390","1,370","1,320","1,330","1,360","1,350","1,360","1,310","1,270","1,250","1,250",,,,,,
LAUA,[z],5720,E09000024,Merton,"1,070","1,070","1,110","1,150","1,130","1,080","1,070","1,130","1,160","1,150","1,200","1,210","1,220","1,220","1,240",,,,,,
LAUA,[z],5780,E09000026,Redbridge,"1,040","1,040","1,070","1,110","1,110","1,170","1,210","1,330","1,370","1,370","1,320","1,390","1,380","1,350","1,380",,,,,,
LAUA,[z],5810,E09000027,Richmond upon Thames,"1,880","1,910","1,910","1,940","1,850","1,750","1,730","1,750","1,760","1,690","1,620","1,650","1,540","1,500","1,530",,,,,,
LAUA,[z],5870,E09000029,Sutton,700,710,730,720,650,670,660,610,610,620,610,590,600,590,560,,,,,,
LAUA,[z],5930,E09000031,Waltham Forest,620,680,740,770,780,780,830,800,850,960,850,940,920,960,"1,020",,,,,,
REGL,[z],[z],E12000008,South East,"51,730","52,970","53,900","54,740","55,170","55,460","56,680","59,750","61,030","61,660","63,000","62,840","62,300","61,700","61,440",,,,,,
LAUA,[z],0335,E06000036,Bracknell Forest UA,890,950,970,920,930,850,940,960,"1,060","1,070",940,940,900,890,890,,,,,,
LAUA,[z],1445,E06000043,Brighton and Hove UA,"1,710","1,720","1,840","1,940","2,030","2,050","2,140","2,360","2,360","2,370","2,610","2,590","2,600","2,620","2,600",,,,,,
LAUA,[z],0440,E06000060,Buckinghamshire UA,"3,140","3,310","3,380","3,440","3,360","3,360","3,330","3,590","3,750","3,800","3,710","3,730","3,670","3,590","3,620",[note 5i],,,,,
LAUA,2019,0405,E07000004,Aylesbury Vale,810,840,860,910,940,930,940,940,960,970,970,970,980,980,990,[note 5i],,,,,
LAUA,2019,0415,E07000005,Chiltern,670,680,690,700,660,670,630,650,640,640,780,770,740,740,750,[note 5i],,,,,
LAUA,2019,0410,E07000006,South Bucks,440,450,460,460,440,460,460,470,470,490,470,470,450,460,450,[note 5i],,,,,
LAUA,2019,0425,E07000007,Wycombe,"1,230","1,340","1,370","1,370","1,320","1,310","1,300","1,530","1,670","1,700","1,500","1,520","1,490","1,400","1,430",[note 5i],,,,,
LAUA,[z],2100,E06000046,Isle of Wight UA,430,450,470,480,480,510,560,610,620,630,650,660,640,650,670,,,,,,
LAUA,[z],2280,E06000035,Medway UA,830,820,820,840,860,880,880,910,950,970,"1,010","1,020","1,080","1,070","1,060",,,,,,
LAUA,[z],0435,E06000042,Milton Keynes UA,"1,790","1,820","1,870","1,870","1,920","2,110","2,200","2,330","2,340","2,400","2,780","2,700","2,680","2,680","2,670",,,,,,
LAUA,[z],1775,E06000044,Portsmouth UA,740,750,740,750,750,800,820,920,930,930,900,920,920,920,940,,,,,,
LAUA,[z],0345,E06000038,Reading UA,"1,500","1,480","1,500","1,490","1,570","1,540","1,500","1,590","1,650","1,780","1,960","1,730","1,740","1,750","1,760",,,,,,
LAUA,[z],0350,E06000039,Slough UA,900,900,840,800,790,740,710,780,"1,010","1,080","1,090","1,040",990,790,740,,,,,,
LAUA,[z],1780,E06000045,Southampton UA,"1,390","1,410","1,410","1,390","1,390","1,380","1,460","1,580","1,590","1,590","1,490","1,460","1,440","1,440","1,410",,,,,,
LAUA,[z],0340,E06000037,West Berkshire UA,"1,480","1,550","1,590","1,600","1,600","1,590","1,570","1,580","1,600","1,570","1,530","1,620","1,540","1,530","1,540",,,,,,
LAUA,[z],0355,E06000040,Windsor and Maidenhead UA,"1,350","1,390","1,390","1,400","1,390","1,400","1,440","1,460","1,460","1,370","1,370","1,420","1,340","1,320","1,340",,,,,,
LAUA,[z],0360,E06000041,Wokingham UA,970,980,"1,000","1,120","1,150","1,140","1,240","1,340","1,320","1,370","1,480","1,460","1,390","1,410","1,370",,,,,,
CTYMET,[z],[z],E10000011,East Sussex,"2,230","2,310","2,370","2,380","2,420","2,520","2,720","2,970","2,960","2,950","3,050","3,030","2,970","2,980","2,970",,,,,,
LAUA,[z],1410,E07000061,Eastbourne,390,390,420,420,410,430,510,550,550,550,530,510,500,500,500,,,,,,
LAUA,[z],1415,E07000062,Hastings,340,340,340,360,370,410,420,460,460,450,450,450,430,460,450,,,,,,
LAUA,[z],1425,E07000063,Lewes,450,480,500,510,530,520,590,690,690,680,710,710,680,670,670,,,,,,
LAUA,[z],1430,E07000064,Rother,310,310,320,310,350,340,370,380,380,380,390,390,390,400,400,,,,,,
LAUA,[z],1435,E07000065,Wealden,750,790,790,780,770,810,840,890,880,900,980,980,960,950,960,,,,,,
CTYMET,[z],[z],E10000014,Hampshire,"6,910","7,050","7,270","7,370","7,420","7,450","7,730","8,220","8,450","8,470","8,740","8,780","8,820","8,680","8,680",,,,,,
LAUA,[z],1705,E07000084,Basingstoke and Deane,"1,170","1,190","1,200","1,210","1,200","1,210","1,250","1,290","1,360","1,360","1,400","1,380","1,370","1,290","1,300",,,,,,
LAUA,[z],1710,E07000085,East Hampshire,660,660,660,660,670,670,680,750,760,750,750,760,770,770,760,,,,,,
LAUA,[z],1715,E07000086,Eastleigh,590,570,600,620,600,600,630,700,700,710,720,700,690,680,680,,,,,,
LAUA,[z],1720,E07000087,Fareham,510,530,520,530,570,600,620,650,720,740,740,790,780,750,720,,,,,,
LAUA,[z],1725,E07000088,Gosport,190,190,190,190,190,190,200,210,190,210,210,220,220,210,200,,,,,,
LAUA,[z],1730,E07000089,Hart,420,430,440,440,420,420,530,530,600,600,590,580,560,560,550,,,,,,
LAUA,[z],1735,E07000090,Havant,450,450,480,470,500,490,510,510,510,510,520,580,580,540,520,,,,,,
LAUA,[z],1740,E07000091,New Forest,700,730,740,740,750,760,770,790,810,830,850,870,890,900,900,,,,,,
LAUA,[z],1750,E07000092,Rushmoor,590,650,650,670,670,640,630,760,770,740,770,730,790,770,810,,,,,,
LAUA,[z],1760,E07000093,Test Valley,670,680,730,780,800,800,810,790,780,780,790,810,800,830,860,,,,,,
LAUA,[z],1765,E07000094,Winchester,970,990,"1,050","1,070","1,080","1,070","1,100","1,240","1,260","1,240","1,390","1,370","1,370","1,370","1,380",,,,,,
CTYMET,[z],[z],E10000016,Kent,"7,850","8,140","8,300","8,650","8,760","8,960","9,250","9,620","9,680","9,830","9,910","10,070","10,080","10,010","9,980",,,,,,
LAUA,[z],2205,E07000105,Ashford,700,730,760,800,850,870,960,990,990,"1,060","1,070","1,150","1,160","1,160","1,160",,,,,,
LAUA,[z],2210,E07000106,Canterbury,750,760,770,760,780,790,850,930,940,940,940,940,920,910,910,,,,,,
LAUA,[z],2215,E07000107,Dartford,540,600,600,630,640,640,650,660,670,680,680,700,710,730,730,,,,,,
LAUA,[z],2220,E07000108,Dover,520,530,530,650,650,750,780,800,820,820,810,820,830,830,860,,,,,,
LAUA,[z],2250,E07000112,Folkestone and Hythe,430,450,460,520,500,510,510,590,580,600,600,630,630,620,620,,,,,,
LAUA,[z],2230,E07000109,Gravesham,290,300,320,310,310,290,300,300,300,310,310,330,320,320,310,,,,,,
LAUA,[z],2235,E07000110,Maidstone,"1,020","1,070","1,100","1,100","1,120","1,130","1,250","1,280","1,280","1,290","1,310","1,330","1,320","1,300","1,270",,,,,,
LAUA,[z],2245,E07000111,Sevenoaks,820,820,870,870,860,860,860,840,850,880,860,870,880,890,900,,,,,,
LAUA,[z],2255,E07000113,Swale,550,570,570,590,610,650,650,700,710,740,760,760,780,760,730,,,,,,
LAUA,[z],2260,E07000114,Thanet,520,530,530,540,560,570,580,610,610,630,650,650,640,640,640,,,,,,
LAUA,[z],2265,E07000115,Tonbridge and Malling,910,920,920,960,970,970,960,"1,020","1,020",980,"1,000",990,990,"1,000","1,000",,,,,,
LAUA,[z],2270,E07000116,Tunbridge Wells,800,880,880,910,920,930,910,920,920,930,920,920,910,850,840,,,,,,
CTYMET,[z],[z],E10000025,Oxfordshire,"4,890","4,950","5,050","5,210","5,260","5,260","5,250","5,350","5,390","5,470","5,670","5,690","5,770","5,760","5,690",,,,,,
LAUA,[z],3105,E07000177,Cherwell,"1,010","1,020","1,030","1,150","1,110","1,100","1,100","1,100","1,090","1,130","1,210","1,240","1,220","1,210","1,220",,,,,,
LAUA,[z],3110,E07000178,Oxford,960,980,990,970,"1,040","1,050","1,050","1,140","1,150","1,200","1,230","1,190","1,230","1,230","1,170",,,,,,
LAUA,[z],3115,E07000179,South Oxfordshire,940,960,980,"1,010","1,000","1,010","1,000",980,990,970,"1,060","1,060","1,100","1,110","1,110",,,,,,
LAUA,[z],3120,E07000180,Vale of White Horse,"1,170","1,180","1,180","1,200","1,220","1,220","1,210","1,210","1,230","1,220","1,220","1,250","1,260","1,240","1,220",,,,,,
LAUA,[z],3125,E07000181,West Oxfordshire,810,820,870,890,890,890,890,920,920,940,960,950,960,960,970,,,,,,
CTYMET,[z],[z],E10000030,Surrey,"8,290","8,500","8,560","8,530","8,570","8,390","8,390","8,530","8,740","8,850","8,840","8,790","8,600","8,430","8,360",,,,,,
LAUA,[z],3605,E07000207,Elmbridge,870,850,870,820,800,790,770,850,920,900,"1,010","1,000","1,020",950,960,,,,,,
LAUA,[z],3610,E07000208,Epsom and Ewell,410,440,440,440,440,420,410,410,380,380,370,360,360,370,370,,,,,,
LAUA,[z],3615,E07000209,Guildford,"1,360","1,380","1,410","1,410","1,400","1,320","1,310","1,320","1,370","1,350","1,330","1,310","1,330","1,310","1,300",,,,,,
LAUA,[z],3620,E07000210,Mole Valley,880,920,920,940,930,940,960,940,970,980,940,930,840,830,790,,,,,,
LAUA,[z],3625,E07000211,Reigate and Banstead,770,810,830,820,790,790,800,880,880,870,880,860,860,840,850,,,,,,
LAUA,[z],3630,E07000212,Runnymede,710,710,710,690,690,670,660,680,760,870,780,790,780,700,700,,,,,,
LAUA,[z],3635,E07000213,Spelthorne,520,480,510,510,500,460,460,440,430,500,480,470,460,440,440,,,,,,
LAUA,[z],3640,E07000214,Surrey Heath,600,660,660,670,710,720,710,710,720,760,780,790,780,780,770,,,,,,
LAUA,[z],3645,E07000215,Tandridge,490,500,470,470,470,480,480,490,510,510,510,510,480,480,470,,,,,,
LAUA,[z],3650,E07000216,Waverley,990,"1,040","1,040","1,040","1,060","1,040","1,070","1,070","1,040","1,000","1,000","1,000",940,950,960,,,,,,
LAUA,[z],3655,E07000217,Woking,700,720,710,720,770,760,750,740,750,730,770,770,750,760,740,,,,,,
CTYMET,[z],[z],E10000032,West Sussex,"4,440","4,500","4,550","4,580","4,520","4,530","4,560","5,040","5,160","5,170","5,270","5,190","5,140","5,210","5,180",,,,,,
LAUA,[z],3805,E07000223,Adur,280,270,270,270,270,260,280,300,320,320,320,320,340,340,350,,,,,,
LAUA,[z],3810,E07000224,Arun,400,400,390,400,380,390,380,420,510,500,500,490,490,480,480,,,,,,
LAUA,[z],3815,E07000225,Chichester,620,630,680,690,690,670,710,790,780,800,820,830,830,900,910,,,,,,
LAUA,[z],3820,E07000226,Crawley,"1,050","1,070","1,070","1,060",950,940,930,"1,130","1,160","1,160","1,250","1,230","1,170","1,170","1,170",,,,,,
LAUA,[z],3825,E07000227,Horsham,730,760,790,770,770,790,790,870,870,880,890,900,880,890,880,,,,,,
LAUA,[z],3830,E07000228,Mid Sussex,900,900,900,930,970,"1,000",980,"1,000",990,"1,000","1,020",960,970,980,950,,,,,,
LAUA,[z],3835,E07000229,Worthing,460,460,460,470,490,480,490,530,530,510,460,460,460,450,450,,,,,,
REGL,[z],[z],E12000009,South West,"27,640","28,160","28,670","29,640","30,270","31,200","32,350","33,350","33,610","34,040","35,200","35,160","35,300","35,230","35,080",,,,,,
LAUA,[z],0114,E06000022,Bath and North East Somerset UA,"1,020","1,020","1,000","1,100","1,100","1,110","1,190","1,210","1,240","1,350","1,350","1,330","1,320","1,340","1,340",,,,,,
LAUA,[z],1260,E06000058,"Bournemouth, Christchurch and Poole UA","1,730","1,760","1,820","1,840","1,880","1,870","1,840","1,880","1,950","1,960","2,200","2,210","2,190","2,150","2,160",[note 5j],,,,,
LAUA,2019,1250,E06000028,Bournemouth UA,820,820,870,890,930,930,890,910,940,940,"1,070","1,070","1,070","1,030","1,050",[note 5j],,,,,
LAUA,2019,1210,E07000048,Christchurch,250,260,260,260,260,260,260,270,280,290,380,380,370,360,360,[note 5j],,,,,
LAUA,2019,1255,E06000029,Poole UA,660,680,690,690,690,670,690,700,730,740,750,770,760,750,760,[note 5j],,,,,
LAUA,[z],0116,E06000023,"Bristol, City of UA","3,300","3,360","3,480","3,680","3,730","4,040","4,190","4,240","4,270","4,300","4,450","4,430","4,400","4,290","4,210",,,,,,
LAUA,[z],0840,E06000052,Cornwall UA,"2,180","2,260","2,290","2,430","2,480","2,530","2,700","2,830","2,870","2,870","2,940","2,930","2,950","2,970","2,990",,,,,,
LAUA,[z],1265,E06000059,Dorset UA,"1,600","1,630","1,650","1,750","1,750","1,790","1,830","1,920","1,900","1,960","1,990","2,000","2,010","2,000","2,010",[note 5k],,,,,
LAUA,2019,1240,E07000049,East Dorset,390,410,420,460,470,470,490,490,490,510,530,530,530,510,510,[note 5k],,,,,
LAUA,2019,1215,E07000050,North Dorset,260,270,290,290,290,290,290,300,310,340,340,340,340,340,350,[note 5k],,,,,
LAUA,2019,1225,E07000051,Purbeck,160,170,170,170,180,180,150,170,160,170,170,170,180,180,180,[note 5k],,,,,
LAUA,2019,1230,E07000052,West Dorset,580,600,600,640,660,680,720,760,740,770,780,780,780,780,790,[note 5k],,,,,
LAUA,2019,1235,E07000053,Weymouth and Portland,200,170,170,190,160,180,180,200,190,180,170,190,180,190,190,[note 5k],,,,,
LAUA,[z],0835,E06000053,Isles of Scilly UA,20,20,20,20,20,20,20,20,20,20,20,20,20,20,20,,,,,,
LAUA,[z],0121,E06000024,North Somerset UA,"1,060","1,070","1,110","1,200","1,310","1,250","1,270","1,280","1,260","1,240","1,270","1,250","1,230","1,230","1,220",,,,,,
LAUA,[z],1160,E06000026,Plymouth UA,"1,170","1,150","1,190","1,250","1,360","1,400","1,470","1,530","1,510","1,480","1,480","1,480","1,480","1,520","1,510",,,,,,
LAUA,[z],3335,E06000066,Somerset UA,"2,130","2,210","2,270","2,310","2,340","2,460","2,680","2,740","2,780","2,790","2,940","2,940","3,010","3,010","3,000",[note 5l],,,,,
LAUA,2023,3305,E07000187,Mendip,440,450,470,490,500,530,580,600,600,620,690,690,700,710,710,[note 5l],,,,,
LAUA,2023,3310,E07000188,Sedgemoor,380,400,390,400,400,420,470,480,480,470,500,490,490,480,480,[note 5l],,,,,
LAUA,2023,3330,E07000246,Somerset West and Taunton,690,730,770,780,780,810,880,890,890,890,920,930,980,970,960,,,,,,
LAUA,2023,3325,E07000189,South Somerset,620,630,640,650,670,710,750,790,820,810,840,840,840,850,850,[note 5l],,,,,
LAUA,[z],0119,E06000025,South Gloucestershire UA,"1,200","1,230","1,250","1,280","1,290","1,430","1,440","1,500","1,580","1,610","1,700","1,690","1,680","1,670","1,570",,,,,,
LAUA,[z],3935,E06000030,Swindon UA,"1,320","1,330","1,340","1,350","1,390","1,410","1,440","1,490","1,500","1,490","1,470","1,460","1,460","1,410","1,380",,,,,,
LAUA,[z],1165,E06000027,Torbay UA,470,490,490,510,490,490,500,520,520,550,550,540,540,540,540,,,,,,
LAUA,[z],3940,E06000054,Wiltshire UA,"2,310","2,350","2,390","2,490","2,580","2,730","2,750","2,870","2,920","2,970","3,040","3,050","3,060","3,090","3,150",,,,,,
CTYMET,[z],[z],E10000008,Devon,"3,740","3,850","3,910","3,950","4,020","4,120","4,460","4,690","4,660","4,690","4,860","4,890","5,010","5,010","5,020",,,,,,
LAUA,[z],1105,E07000040,East Devon,420,440,450,450,470,490,570,610,610,610,640,650,720,720,740,,,,,,
LAUA,[z],1110,E07000041,Exeter,"1,290","1,300","1,310","1,290","1,300","1,330","1,420","1,460","1,440","1,420","1,460","1,470","1,510","1,490","1,420",,,,,,
LAUA,[z],1135,E07000042,Mid Devon,280,280,290,300,300,290,300,300,310,310,300,300,310,290,300,,,,,,
LAUA,[z],1115,E07000043,North Devon,380,380,400,400,420,430,480,520,520,520,520,520,500,530,530,,,,,,
LAUA,[z],1125,E07000044,South Hams,470,510,530,540,550,570,600,620,620,670,690,680,690,690,730,,,,,,
LAUA,[z],1130,E07000045,Teignbridge,510,550,530,530,550,560,610,660,650,650,720,740,740,750,750,,,,,,
LAUA,[z],1145,E07000046,Torridge,180,180,190,200,190,200,200,250,250,240,250,250,250,260,260,,,,,,
LAUA,[z],1150,E07000047,West Devon,220,220,230,230,250,260,280,280,270,270,280,280,290,290,300,,,,,,
CTYMET,[z],[z],E10000013,Gloucestershire,"4,400","4,430","4,470","4,500","4,530","4,540","4,570","4,640","4,630","4,760","4,930","4,950","4,940","4,990","4,970",,,,,,
LAUA,[z],1605,E07000078,Cheltenham,"1,260","1,240","1,240","1,310","1,280","1,290","1,270","1,260","1,230","1,240","1,260","1,250","1,250","1,260","1,220",,,,,,
LAUA,[z],1610,E07000079,Cotswold,710,720,750,730,740,720,730,760,770,780,820,840,860,910,950,,,,,,
LAUA,[z],1615,E07000080,Forest of Dean,320,320,330,320,310,310,350,360,350,350,370,370,360,350,340,,,,,,
LAUA,[z],1620,E07000081,Gloucester,920,940,940,930,940,940,960,950,940,"1,070","1,140","1,130","1,090","1,080","1,090",,,,,,
LAUA,[z],1625,E07000082,Stroud,620,640,640,670,690,700,700,720,740,730,750,770,770,780,770,,,,,,
LAUA,[z],1630,E07000083,Tewkesbury,570,570,570,550,560,570,580,590,590,580,600,600,610,610,610,,,,,,
NATL,[z],[z],W92000004,Wales,"14,810","15,120","15,550","15,810","16,090","16,550","17,060","18,590","18,950","19,180","19,800","19,910","20,040","20,200","20,380",,,,,,
LAUA,[z],6805,W06000001,Isle of Anglesey / Ynys Môn,200,190,190,200,200,200,200,210,210,280,300,300,300,310,320,,,,,,
LAUA,[z],6810,W06000002,Gwynedd / Gwynedd,680,670,680,690,700,700,690,770,760,770,790,780,790,800,800,,,,,,
LAUA,[z],6905,W06000003,Conwy / Conwy,580,600,640,650,660,680,720,800,830,860,870,870,880,890,880,,,,,,
LAUA,[z],6830,W06000004,Denbighshire / Sir Ddinbych,530,550,570,590,600,620,620,690,690,680,680,650,650,650,640,,,,,,
LAUA,[z],6835,W06000005,Flintshire / Sir y Fflint,780,830,850,850,840,850,840,850,880,900,920,960,950,940,930,,,,,,
LAUA,[z],6955,W06000006,Wrexham / Wrecsam,600,630,650,690,690,720,730,750,780,780,790,790,810,790,780,,,,,,
LAUA,[z],6820,W06000008,Ceredigion / Ceredigion,390,390,410,420,410,400,450,460,480,500,520,550,540,510,510,,,,,,
LAUA,[z],6845,W06000009,Pembrokeshire / Sir Benfro,520,520,520,530,550,560,560,590,610,620,630,620,610,610,610,,,,,,
LAUA,[z],6825,W06000010,Carmarthenshire / Sir Gaerfyrddin,690,700,770,800,810,830,870,900,920,950,990,"1,010","1,020","1,020","1,040",,,,,,
LAUA,[z],6855,W06000011,Swansea / Abertawe,"1,210","1,290","1,310","1,330","1,390","1,430","1,530","1,700","1,690","1,680","1,720","1,670","1,660","1,740","1,780",,,,,,
LAUA,[z],6930,W06000012,Neath Port Talbot / Castell-nedd Port Talbot,480,500,500,500,510,530,580,640,680,670,760,760,780,750,780,,,,,,
LAUA,[z],6915,W06000013,Bridgend / Pen-y-bont ar Ogwr,560,590,580,580,640,660,680,760,770,770,790,790,790,810,820,,,,,,
LAUA,[z],6950,W06000014,Vale of Glamorgan / Bro Morgannwg,460,450,440,460,470,480,480,540,560,540,590,600,620,620,640,,,,,,
LAUA,[z],6815,W06000015,Cardiff / Caerdydd,"3,110","3,150","3,290","3,260","3,300","3,460","3,530","3,790","3,880","3,900","3,940","3,990","4,020","4,090","4,130",,,,,,
LAUA,[z],6940,W06000016,Rhondda Cynon Taf / Rhondda Cynon Taf,850,870,900,940,970,"1,010","1,060","1,130","1,140","1,140","1,250","1,290","1,320","1,320","1,310",,,,,,
LAUA,[z],6920,W06000018,Caerphilly / Caerffili,400,410,410,440,470,490,510,570,580,600,620,620,630,640,640,,,,,,
LAUA,[z],6910,W06000019,Blaenau Gwent / Blaenau Gwent,220,230,230,230,240,240,230,250,250,250,250,250,250,250,250,,,,,,
LAUA,[z],6945,W06000020,Torfaen / Tor-faen,320,330,330,340,360,380,380,450,490,500,520,550,560,570,610,,,,,,
LAUA,[z],6840,W06000021,Monmouthshire / Sir Fynwy,550,530,540,540,540,530,550,650,660,680,700,710,720,740,740,,,,,,
LAUA,[z],6935,W06000022,Newport / Casnewydd,840,840,870,890,870,890,900,950,950,940,940,900,920,950,950,,,,,,
LAUA,[z],6850,W06000023,Powys / Powys,670,670,670,680,680,690,740,850,860,860,940,950,940,910,920,,,,,,
LAUA,[z],6925,W06000024,Merthyr Tydfil / Merthyr Tudful,190,200,200,210,220,240,240,290,300,310,310,310,290,300,300,,,,,,
,,,,,,,,,,,,,,,,,,,,,,,,,
,,,,,,,,,,,,,,,,,,,,,,,,,
,,,,,,,,,,,,,,,,,,,,,,,,,
