"Table SOP8.1: Change in rateable properties by reason and administrative area, 1 April 2023 to 31 March 2025 [note 1a]",,,,,,,,,,,,,,,,,,
This worksheet contains one table. Some cells refer to notes which can be found in a table on the Notes worksheet.,,,,,,,,,,,,,,,,,,
Cells which contain [z] mean the data point is not applicable.,,,,,,,,,,,,,,,,,,
Cells which contain [c] mean the data point is between 1 and 4 and has been suppressed.,,,,,,,,,,,,,,,,,,
This table includes all properties in the England and Wales 2023 Non-Domestic Rating Lists.,,,,,,,,,,,,,,,,,,
"Figures show the change in the number of rateable properties between 1 April 2023 and 31 March 2025 for each administrative area, by the type of change.",,,,,,,,,,,,,,,,,,
Geography [note 5a],Abolished year [note 6],BA Code [note 5b],ONS area code [note 5c],ONS area name,"Rateable properties, 
1 April 2023 [note 1a]","Insertions [note 7a,  7d]",Deletions [note 7b],Splits [note 7c],Mergers,Net change,"Rateable properties, 
 31 March 2025 [note 1a]",Note,,,,,,
ENGWAL,[z],[z],K04000001,England and Wales,"2,145,170","78,140","-104,890","29,390","-18,080","-15,440","2,129,730",,,,,,,
NATL,[z],[z],E92000001,England,"2,017,290","73,300","-97,640","27,960","-17,300","-13,680","2,003,610",,,,,,,
REGL,[z],[z],E12000001,North East,"90,020","3,120","-4,050",980,-660,-610,"89,420",,,,,,,
LAUA,[z],1355,E06000047,County Durham UA,"16,200",690,-810,150,-150,-120,"16,080",,,,,,,
LAUA,[z],1350,E06000005,Darlington UA,"3,950",200,-160,30,-30,30,"3,980",,,,,,,
LAUA,[z],0724,E06000001,Hartlepool UA,"2,960",90,-70,20,-10,30,"2,980",,,,,,,
LAUA,[z],0734,E06000002,Middlesbrough UA,"4,650",140,-130,40,-40,10,"4,650",,,,,,,
LAUA,[z],2935,E06000057,Northumberland UA,"14,440",710,"-1,030",120,-80,-270,"14,170",,,,,,,
LAUA,[z],0728,E06000003,Redcar and Cleveland UA,"4,400",120,-220,60,-30,-60,"4,340",,,,,,,
LAUA,[z],0738,E06000004,Stockton-on-Tees UA,"5,750",240,-260,50,-90,-50,"5,700",,,,,,,
CTYMET,[z],[z],E11000007,Tyne and Wear (Met County),"37,680",950,"-1,370",520,-250,-160,"37,520",,,,,,,
LAUA,[z],4505,E08000037,Gateshead,"6,980",190,-250,130,-60,20,"7,000",,,,,,,
LAUA,[z],4510,E08000021,Newcastle upon Tyne,"11,980",230,-410,200,-60,-30,"11,950",,,,,,,
LAUA,[z],4515,E08000022,North Tyneside,"6,290",230,-210,80,-50,50,"6,350",,,,,,,
LAUA,[z],4520,E08000023,South Tyneside,"3,890",50,-100,20,-10,-40,"3,850",,,,,,,
LAUA,[z],4525,E08000024,Sunderland,"8,540",240,-410,80,-80,-170,"8,370",,,,,,,
REGL,[z],[z],E12000002,North West,"288,190","9,380","-12,740","4,340","-2,690","-1,710","286,480",,,,,,,
LAUA,[z],2372,E06000008,Blackburn with Darwen UA,"8,290",210,-210,120,-80,40,"8,340",,,,,,,
LAUA,[z],2373,E06000009,Blackpool UA,"6,710",150,-290,20,-50,-160,"6,550",,,,,,,
LAUA,[z],0660,E06000049,Cheshire East UA,"15,380",660,-710,310,-180,70,"15,450",,,,,,,
LAUA,[z],0665,E06000050,Cheshire West and Chester UA,"12,350",570,-600,130,-70,30,"12,380",,,,,,,
LAUA,[z],0935,E06000063,Cumberland UA,"12,900",510,-770,90,-90,-260,"12,640",[note 5d],,,,,,
LAUA,2023,0905,E07000026,Allerdale,"5,410",230,-390,30,-20,-150,"5,260",[note 5d],,,,,,
LAUA,2023,0915,E07000028,Carlisle,"4,840",180,-220,50,-60,-50,"4,800",[note 5d],,,,,,
LAUA,2023,0920,E07000029,Copeland,"2,650",100,-160,10,-20,-70,"2,580",[note 5d],,,,,,
LAUA,[z],0650,E06000006,Halton UA,"3,800",160,-140,40,-20,40,"3,830",,,,,,,
LAUA,[z],0655,E06000007,Warrington UA,"7,010",310,-390,100,-60,-40,"6,960",,,,,,,
LAUA,[z],0940,E06000064,Westmorland and Furness UA,"15,480",750,"-1,260",130,-90,-470,"15,000",[note 5e],,,,,,
LAUA,2023,0910,E07000027,Barrow-in-Furness,"2,430",140,-130,20,-20,[c],"2,430",[note 5e],,,,,,
LAUA,2023,0925,E07000030,Eden,"3,770",190,-290,50,-20,-80,"3,680",[note 5e],,,,,,
LAUA,2023,0930,E07000031,South Lakeland,"9,280",420,-830,70,-50,-390,"8,890",[note 5e],,,,,,
CTYMET,[z],[z],E11000001,Greater Manchester (Met County),"113,390","3,470","-5,030","2,330","-1,460",-680,"112,710",,,,,,,
LAUA,[z],4205,E08000001,Bolton,"10,820",500,-600,420,-250,70,"10,890",,,,,,,
LAUA,[z],4210,E08000002,Bury,"6,330",160,-190,60,-50,-30,"6,310",,,,,,,
LAUA,[z],4215,E08000003,Manchester,"27,410",930,"-1,680",560,-580,-760,"26,650",,,,,,,
LAUA,[z],4220,E08000004,Oldham,"7,970",150,-200,170,-60,50,"8,020",,,,,,,
LAUA,[z],4225,E08000005,Rochdale,"8,910",190,-180,290,-50,250,"9,160",,,,,,,
LAUA,[z],4230,E08000006,Salford,"11,850",520,-540,190,-90,90,"11,940",,,,,,,
LAUA,[z],4235,E08000007,Stockport,"11,400",240,-410,230,-110,-50,"11,350",,,,,,,
LAUA,[z],4240,E08000008,Tameside,"7,850",140,-210,80,-80,-70,"7,770",,,,,,,
LAUA,[z],4245,E08000009,Trafford,"10,990",330,-600,210,-80,-140,"10,860",,,,,,,
LAUA,[z],4250,E08000010,Wigan,"9,870",310,-410,130,-130,-100,"9,770",,,,,,,
CTYMET,[z],[z],E10000017,Lancashire,"47,950","1,470","-1,760",610,-360,-40,"47,910",,,,,,,
LAUA,[z],2315,E07000117,Burnley,"5,410",110,-140,50,-40,-20,"5,400",,,,,,,
LAUA,[z],2320,E07000118,Chorley,"3,720",150,-130,60,-30,50,"3,770",,,,,,,
LAUA,[z],2325,E07000119,Fylde,"3,110",100,-120,30,-10,-10,"3,110",,,,,,,
LAUA,[z],2330,E07000120,Hyndburn,"3,460",90,-170,30,-10,-60,"3,400",,,,,,,
LAUA,[z],2335,E07000121,Lancaster,"5,390",250,-300,60,-50,-50,"5,340",,,,,,,
LAUA,[z],2340,E07000122,Pendle,"3,910",100,-190,40,-20,-70,"3,840",,,,,,,
LAUA,[z],2345,E07000123,Preston,"6,380",190,-250,140,-70,10,"6,390",,,,,,,
LAUA,[z],2350,E07000124,Ribble Valley,"2,750",120,-120,30,-30,-10,"2,740",,,,,,,
LAUA,[z],2355,E07000125,Rossendale,"2,810",70,-80,40,-20,20,"2,830",,,,,,,
LAUA,[z],2360,E07000126,South Ribble,"3,350",80,-60,40,-30,40,"3,390",,,,,,,
LAUA,[z],2365,E07000127,West Lancashire,"3,450",110,-80,30,-30,30,"3,480",,,,,,,
LAUA,[z],2370,E07000128,Wyre,"4,220",110,-120,70,-30,20,"4,240",,,,,,,
CTYMET,[z],[z],E11000002,Merseyside (Met County),"44,940","1,130","-1,590",450,-220,-230,"44,710",,,,,,,
LAUA,[z],4305,E08000011,Knowsley,"3,250",120,-130,10,-10,-10,"3,240",,,,,,,
LAUA,[z],4310,E08000012,Liverpool,"20,390",350,-770,190,-70,-310,"20,080",,,,,,,
LAUA,[z],4320,E08000014,Sefton,"7,970",300,-330,120,-60,30,"8,000",,,,,,,
LAUA,[z],4315,E08000013,St. Helens,"4,770",180,-170,60,-30,50,"4,820",,,,,,,
LAUA,[z],4325,E08000015,Wirral,"8,550",190,-190,60,-50,20,"8,570",,,,,,,
REGL,[z],[z],E12000003,Yorkshire and The Humber,"209,190","7,140","-8,990","2,410","-1,540",-990,"208,200",,,,,,,
LAUA,[z],2001,E06000011,East Riding of Yorkshire UA,"12,470",590,-820,90,-100,-240,"12,230",,,,,,,
LAUA,[z],2004,E06000010,"Kingston upon Hull, City of UA","9,310",230,-310,80,-40,-40,"9,280",,,,,,,
LAUA,[z],2002,E06000012,North East Lincolnshire UA,"5,610",180,-180,50,-30,20,"5,630",,,,,,,
LAUA,[z],2003,E06000013,North Lincolnshire UA,"5,670",270,-210,70,-40,90,"5,760",,,,,,,
LAUA,[z],2740,E06000065,North Yorkshire UA,"33,750","1,510","-2,270",280,-240,-720,"33,030",[note 5f],,,,,,
LAUA,2023,2705,E07000163,Craven,"3,600",210,-260,20,-30,-70,"3,530",[note 5f],,,,,,
LAUA,2023,2710,E07000164,Hambleton,"4,620",180,-220,40,-40,-30,"4,590",[note 5f],,,,,,
LAUA,2023,2715,E07000165,Harrogate,"7,710",240,-380,110,-90,-120,"7,590",[note 5f],,,,,,
LAUA,2023,2720,E07000166,Richmondshire,"3,030",130,-260,20,-20,-130,"2,900",[note 5f],,,,,,
LAUA,2023,2725,E07000167,Ryedale,"3,260",130,-170,20,-20,-40,"3,220",[note 5f],,,,,,
LAUA,2023,2730,E07000168,Scarborough,"8,730",510,-850,50,-30,-320,"8,410",[note 5f],,,,,,
LAUA,2023,2735,E07000169,Selby,"2,810",100,-130,30,-10,-10,"2,800",[note 5f],,,,,,
LAUA,[z],2741,E06000014,York UA,"7,250",310,-450,70,-50,-120,"7,130",,,,,,,
CTYMET,[z],[z],E11000003,South Yorkshire (Met County),"45,710","1,520","-1,700",550,-410,-30,"45,680",,,,,,,
LAUA,[z],4405,E08000016,Barnsley,"9,020",310,-280,90,-90,30,"9,050",,,,,,,
LAUA,[z],4410,E08000017,Doncaster,"9,910",370,-450,100,-90,-80,"9,830",,,,,,,
LAUA,[z],4415,E08000018,Rotherham,"7,770",270,-240,100,-70,60,"7,830",,,,,,,
LAUA,[z],4420,E08000019,Sheffield,"19,010",580,-730,260,-160,-40,"18,970",,,,,,,
CTYMET,[z],[z],E11000006,West Yorkshire (Met County),"89,430","2,530","-3,060","1,210",-640,40,"89,470",,,,,,,
LAUA,[z],4705,E08000032,Bradford,"19,790",370,-540,230,-130,-70,"19,710",,,,,,,
LAUA,[z],4710,E08000033,Calderdale,"9,820",240,-280,100,-60,0,"9,810",,,,,,,
LAUA,[z],4715,E08000034,Kirklees,"16,420",410,-630,280,-160,-110,"16,310",,,,,,,
LAUA,[z],4720,E08000035,Leeds,"31,570","1,140","-1,180",480,-190,250,"31,830",,,,,,,
LAUA,[z],4725,E08000036,Wakefield,"11,840",360,-420,130,-100,-30,"11,810",,,,,,,
REGL,[z],[z],E12000004,East Midlands,"160,660","5,950","-6,760","2,000","-1,390",-200,"160,460",,,,,,,
LAUA,[z],1055,E06000015,Derby UA,"8,740",150,-460,80,-70,-310,"8,430",,,,,,,
LAUA,[z],2465,E06000016,Leicester UA,"12,760",410,-620,180,-80,-120,"12,640",,,,,,,
LAUA,[z],2840,E06000061,North Northamptonshire UA,"11,930",360,-380,150,-120,10,"11,940",[note 5g],,,,,,
LAUA,2021,2805,E07000150,Corby,"2,000",60,-70,30,-30,-20,"1,980",[note 5g],,,,,,
LAUA,2021,2815,E07000152,East Northamptonshire,"4,320",70,-100,30,-20,-20,"4,300",[note 5g],,,,,,
LAUA,2021,2820,E07000153,Kettering,"2,850",110,-140,60,-30,10,"2,860",[note 5g],,,,,,
LAUA,2021,2835,E07000156,Wellingborough,"2,760",120,-70,30,-40,40,"2,800",[note 5g],,,,,,
LAUA,[z],3060,E06000018,Nottingham UA,"11,710",350,-480,220,-90,[c],"11,710",,,,,,,
LAUA,[z],2470,E06000017,Rutland UA,"1,750",70,-80,20,-30,-20,"1,730",,,,,,,
LAUA,[z],2845,E06000062,West Northamptonshire UA,"12,200",420,-390,150,-110,60,"12,270",[note 5h],,,,,,
LAUA,2021,2810,E07000151,Daventry,"2,850",160,-110,40,-40,50,"2,900",[note 5h],,,,,,
LAUA,2021,2825,E07000154,Northampton,"6,400",140,-180,70,-50,-30,"6,370",[note 5h],,,,,,
LAUA,2021,2830,E07000155,South Northamptonshire,"2,960",130,-100,40,-20,40,"3,000",[note 5h],,,,,,
CTYMET,[z],[z],E10000007,Derbyshire,"28,530","1,140","-1,250",300,-190,-10,"28,520",,,,,,,
LAUA,[z],1005,E07000032,Amber Valley,"4,010",100,-140,40,-20,-20,"3,990",,,,,,,
LAUA,[z],1010,E07000033,Bolsover,"2,430",90,-90,40,-20,20,"2,450",,,,,,,
LAUA,[z],1015,E07000034,Chesterfield,"4,360",120,-120,60,-40,20,"4,380",,,,,,,
LAUA,[z],1045,E07000035,Derbyshire Dales,"4,740",340,-430,20,-20,-90,"4,650",,,,,,,
LAUA,[z],1025,E07000036,Erewash,"3,700",50,-70,30,-20,-10,"3,690",,,,,,,
LAUA,[z],1030,E07000037,High Peak,"3,850",190,-190,60,-30,30,"3,870",,,,,,,
LAUA,[z],1035,E07000038,North East Derbyshire,"2,960",140,-130,20,-20,20,"2,970",,,,,,,
LAUA,[z],1040,E07000039,South Derbyshire,"2,480",120,-90,20,-20,30,"2,510",,,,,,,
CTYMET,[z],[z],E10000018,Leicestershire,"20,580",670,-560,260,-280,90,"20,670",,,,,,,
LAUA,[z],2405,E07000129,Blaby,"2,440",70,-60,50,-30,30,"2,460",,,,,,,
LAUA,[z],2410,E07000130,Charnwood,"4,870",90,-80,40,-30,20,"4,880",,,,,,,
LAUA,[z],2415,E07000131,Harborough,"3,280",180,-120,40,-30,60,"3,340",,,,,,,
LAUA,[z],2420,E07000132,Hinckley and Bosworth,"3,300",150,-100,50,-30,70,"3,360",,,,,,,
LAUA,[z],2430,E07000133,Melton,"1,690",50,-50,20,-20,-10,"1,680",,,,,,,
LAUA,[z],2435,E07000134,North West Leicestershire,"3,590",130,-120,40,-120,-70,"3,520",,,,,,,
LAUA,[z],2440,E07000135,Oadby and Wigston,"1,420",10,-20,20,-20,-10,"1,420",,,,,,,
CTYMET,[z],[z],E10000019,Lincolnshire,"27,770","1,220","-1,500",260,-160,-180,"27,580",,,,,,,
LAUA,[z],2505,E07000136,Boston,"2,500",110,-150,30,-20,-20,"2,480",,,,,,,
LAUA,[z],2510,E07000137,East Lindsey,"7,510",410,-650,50,-30,-220,"7,290",,,,,,,
LAUA,[z],2515,E07000138,Lincoln,"3,590",120,-180,30,-20,-60,"3,530",,,,,,,
LAUA,[z],2520,E07000139,North Kesteven,"3,460",190,-130,30,-30,60,"3,520",,,,,,,
LAUA,[z],2525,E07000140,South Holland,"2,940",140,-120,50,-30,40,"2,980",,,,,,,
LAUA,[z],2530,E07000141,South Kesteven,"4,710",130,-140,60,-20,30,"4,740",,,,,,,
LAUA,[z],2535,E07000142,West Lindsey,"3,050",110,-120,20,-20,-10,"3,050",,,,,,,
CTYMET,[z],[z],E10000024,Nottinghamshire,"24,710","1,170","-1,040",390,-250,270,"24,980",,,,,,,
LAUA,[z],3005,E07000170,Ashfield,"4,010",170,-170,50,-70,-20,"4,000",,,,,,,
LAUA,[z],3010,E07000171,Bassetlaw,"4,480",220,-170,60,-30,90,"4,570",,,,,,,
LAUA,[z],3015,E07000172,Broxtowe,"2,700",90,-80,40,-20,20,"2,720",,,,,,,
LAUA,[z],3020,E07000173,Gedling,"2,630",110,-70,40,-30,60,"2,690",,,,,,,
LAUA,[z],3025,E07000174,Mansfield,"3,360",110,-120,70,-30,30,"3,400",,,,,,,
LAUA,[z],3030,E07000175,Newark and Sherwood,"4,470",300,-300,70,-50,10,"4,480",,,,,,,
LAUA,[z],3040,E07000176,Rushcliffe,"3,060",170,-140,60,-30,70,"3,130",,,,,,,
REGL,[z],[z],E12000005,West Midlands,"205,430","5,920","-7,770","2,550","-1,710","-1,020","204,400",,,,,,,
LAUA,[z],1850,E06000019,"Herefordshire, County of UA","8,480",320,-370,60,-90,-80,"8,390",,,,,,,
LAUA,[z],3245,E06000051,Shropshire UA,"12,800",660,-690,120,-80,10,"12,810",,,,,,,
LAUA,[z],3455,E06000021,Stoke-on-Trent UA,"9,400",260,-330,120,-60,-10,"9,400",,,,,,,
LAUA,[z],3240,E06000020,Telford and Wrekin UA,"5,380",260,-200,50,-60,60,"5,440",,,,,,,
CTYMET,[z],[z],E10000028,Staffordshire,"27,110",780,-890,360,-150,100,"27,200",,,,,,,
LAUA,[z],3405,E07000192,Cannock Chase,"3,670",80,-100,50,-40,[c],"3,670",,,,,,,
LAUA,[z],3410,E07000193,East Staffordshire,"4,200",120,-140,40,-20,[c],"4,200",,,,,,,
LAUA,[z],3415,E07000194,Lichfield,"3,040",70,-70,50,-20,30,"3,070",,,,,,,
LAUA,[z],3420,E07000195,Newcastle-under-Lyme,"3,660",90,-120,40,-20,-10,"3,650",,,,,,,
LAUA,[z],3430,E07000196,South Staffordshire,"2,830",110,-90,30,-20,30,"2,860",,,,,,,
LAUA,[z],3425,E07000197,Stafford,"4,400",120,-120,90,-20,70,"4,470",,,,,,,
LAUA,[z],3435,E07000198,Staffordshire Moorlands,"3,200",100,-150,20,-10,-40,"3,160",,,,,,,
LAUA,[z],3445,E07000199,Tamworth,"2,110",100,-110,30,-10,10,"2,120",,,,,,,
CTYMET,[z],[z],E10000031,Warwickshire,"20,230",740,-830,320,-160,70,"20,300",,,,,,,
LAUA,[z],3705,E07000218,North Warwickshire,"2,440",110,-90,120,-20,120,"2,560",,,,,,,
LAUA,[z],3710,E07000219,Nuneaton and Bedworth,"3,240",80,-90,40,-10,20,"3,260",,,,,,,
LAUA,[z],3715,E07000220,Rugby,"3,050",100,-110,30,-20,0,"3,050",,,,,,,
LAUA,[z],3720,E07000221,Stratford-on-Avon,"6,140",240,-310,70,-60,-60,"6,080",,,,,,,
LAUA,[z],3725,E07000222,Warwick,"5,370",210,-240,70,-50,-10,"5,360",,,,,,,
CTYMET,[z],[z],E11000005,West Midlands (Met County),"101,000","2,150","-3,620","1,350",-940,"-1,060","99,940",,,,,,,
LAUA,[z],4605,E08000025,Birmingham,"47,550",930,"-1,790",710,-460,-600,"46,950",,,,,,,
LAUA,[z],4610,E08000026,Coventry,"8,900",230,-290,90,-60,-40,"8,860",,,,,,,
LAUA,[z],4615,E08000027,Dudley,"10,610",190,-370,110,-90,-160,"10,460",,,,,,,
LAUA,[z],4620,E08000028,Sandwell,"10,950",310,-390,170,-100,-20,"10,930",,,,,,,
LAUA,[z],4625,E08000029,Solihull,"5,460",120,-220,70,-130,-160,"5,300",,,,,,,
LAUA,[z],4630,E08000030,Walsall,"8,560",170,-300,90,-50,-90,"8,470",,,,,,,
LAUA,[z],4635,E08000031,Wolverhampton,"8,970",200,-270,110,-50,0,"8,970",,,,,,,
CTYMET,[z],[z],E10000034,Worcestershire,"21,030",740,-850,180,-180,-110,"20,920",,,,,,,
LAUA,[z],1805,E07000234,Bromsgrove,"3,470",100,-150,30,-50,-70,"3,410",,,,,,,
LAUA,[z],1860,E07000235,Malvern Hills,"3,010",130,-120,30,-20,20,"3,030",,,,,,,
LAUA,[z],1825,E07000236,Redditch,"2,610",100,-120,30,-10,-10,"2,610",,,,,,,
LAUA,[z],1835,E07000237,Worcester,"3,180",100,-150,20,-20,-50,"3,130",,,,,,,
LAUA,[z],1840,E07000238,Wychavon,"5,150",220,-170,40,-30,60,"5,210",,,,,,,
LAUA,[z],1845,E07000239,Wyre Forest,"3,590",100,-140,40,-50,-60,"3,540",,,,,,,
REGL,[z],[z],E12000006,East of England,"213,880","8,310","-10,740","2,720","-1,660","-1,360","212,520",,,,,,,
LAUA,[z],0235,E06000055,Bedford UA,"5,630",160,-170,90,-70,10,"5,640",,,,,,,
LAUA,[z],0240,E06000056,Central Bedfordshire UA,"7,310",250,-270,80,-40,20,"7,330",,,,,,,
LAUA,[z],0230,E06000032,Luton UA,"5,800",60,-250,50,-20,-150,"5,650",,,,,,,
LAUA,[z],0540,E06000031,Peterborough UA,"6,310",360,-410,120,-120,-60,"6,250",,,,,,,
LAUA,[z],1590,E06000033,Southend-on-Sea UA,"5,800",70,-210,50,-50,-140,"5,660",,,,,,,
LAUA,[z],1595,E06000034,Thurrock UA,"4,400",190,-200,60,-40,[c],"4,400",,,,,,,
CTYMET,[z],[z],E10000003,Cambridgeshire,"21,300","1,140","-1,190",250,-140,70,"21,360",,,,,,,
LAUA,[z],0505,E07000008,Cambridge,"4,410",280,-420,50,-40,-130,"4,290",,,,,,,
LAUA,[z],0510,E07000009,East Cambridgeshire,"2,550",150,-100,30,-20,60,"2,610",,,,,,,
LAUA,[z],0515,E07000010,Fenland,"3,150",130,-150,30,-20,-10,"3,140",,,,,,,
LAUA,[z],0520,E07000011,Huntingdonshire,"5,650",280,-210,80,-30,120,"5,770",,,,,,,
LAUA,[z],0530,E07000012,South Cambridgeshire,"5,540",310,-310,60,-40,30,"5,570",,,,,,,
CTYMET,[z],[z],E10000012,Essex,"50,560","1,680","-1,680",620,-350,280,"50,830",,,,,,,
LAUA,[z],1505,E07000066,Basildon,"4,980",110,-140,70,-40,10,"4,990",,,,,,,
LAUA,[z],1510,E07000067,Braintree,"5,080",310,-240,40,-40,70,"5,160",,,,,,,
LAUA,[z],1515,E07000068,Brentwood,"2,570",70,-120,30,-20,-30,"2,530",,,,,,,
LAUA,[z],1520,E07000069,Castle Point,"2,020",30,-30,60,-20,40,"2,060",,,,,,,
LAUA,[z],1525,E07000070,Chelmsford,"5,260",160,-250,90,-50,-50,"5,210",,,,,,,
LAUA,[z],1530,E07000071,Colchester,"6,150",180,-170,80,-40,40,"6,180",,,,,,,
LAUA,[z],1535,E07000072,Epping Forest,"4,580",100,-140,90,-20,20,"4,610",,,,,,,
LAUA,[z],1540,E07000073,Harlow,"2,410",120,-120,20,-10,10,"2,420",,,,,,,
LAUA,[z],1545,E07000074,Maldon,"2,560",120,-120,20,-20,[c],"2,560",,,,,,,
LAUA,[z],1550,E07000075,Rochford,"2,830",190,-90,80,-50,130,"2,960",,,,,,,
LAUA,[z],1560,E07000076,Tendring,"8,590",210,-170,20,-20,40,"8,630",,,,,,,
LAUA,[z],1570,E07000077,Uttlesford,"3,530",90,-80,30,-30,[c],"3,530",,,,,,,
CTYMET,[z],[z],E10000015,Hertfordshire,"33,950","1,060","-1,320",560,-230,70,"34,020",,,,,,,
LAUA,[z],1905,E07000095,Broxbourne,"2,340",30,-60,30,-10,-10,"2,330",,,,,,,
LAUA,[z],1910,E07000096,Dacorum,"4,440",70,-180,70,-20,-60,"4,380",,,,,,,
LAUA,[z],1915,E07000242,East Hertfordshire,"4,910",220,-240,110,-40,60,"4,960",,,,,,,
LAUA,[z],1920,E07000098,Hertsmere,"3,220",120,-140,60,-20,20,"3,240",,,,,,,
LAUA,[z],1925,E07000099,North Hertfordshire,"4,700",190,-150,40,-30,60,"4,760",,,,,,,
LAUA,[z],1930,E07000240,St Albans,"4,040",100,-170,80,-50,-30,"4,010",,,,,,,
LAUA,[z],1935,E07000243,Stevenage,"2,280",70,-80,30,-20,[c],"2,280",,,,,,,
LAUA,[z],1940,E07000102,Three Rivers,"2,120",50,-70,20,0,-10,"2,110",,,,,,,
LAUA,[z],1945,E07000103,Watford,"2,930",110,-120,30,-20,-10,"2,930",,,,,,,
LAUA,[z],1950,E07000241,Welwyn Hatfield,"2,990",110,-130,100,-20,60,"3,050",,,,,,,
CTYMET,[z],[z],E10000020,Norfolk,"41,160","2,110","-3,370",460,-310,"-1,110","40,050",,,,,,,
LAUA,[z],2605,E07000143,Breckland,"4,700",230,-250,60,-40,-10,"4,690",,,,,,,
LAUA,[z],2610,E07000144,Broadland,"3,910",240,-250,80,-60,10,"3,920",,,,,,,
LAUA,[z],2615,E07000145,Great Yarmouth,"5,500",320,-800,50,-10,-450,"5,050",,,,,,,
LAUA,[z],2635,E07000146,King's Lynn and West Norfolk,"6,770",410,-490,60,-50,-70,"6,700",,,,,,,
LAUA,[z],2620,E07000147,North Norfolk,"8,330",550,"-1,010",50,-40,-450,"7,880",,,,,,,
LAUA,[z],2625,E07000148,Norwich,"6,960",180,-330,110,-70,-120,"6,840",,,,,,,
LAUA,[z],2630,E07000149,South Norfolk,"5,020",190,-240,50,-40,-30,"4,980",,,,,,,
CTYMET,[z],[z],E10000029,Suffolk,"31,680","1,250","-1,670",370,-300,-350,"31,320",,,,,,,
LAUA,[z],3505,E07000200,Babergh,"3,750",100,-140,30,-30,-40,"3,710",,,,,,,
LAUA,[z],3540,E07000244,East Suffolk,"13,170",680,-980,110,-70,-270,"12,900",,,,,,,
LAUA,[z],3515,E07000202,Ipswich,"4,750",150,-210,110,-100,-60,"4,690",,,,,,,
LAUA,[z],3520,E07000203,Mid Suffolk,"3,600",140,-130,50,-40,10,"3,610",,,,,,,
LAUA,[z],3545,E07000245,West Suffolk,"6,420",190,-220,80,-60,[c],"6,420",,,,,,,
REGL,[z],[z],E12000007,London,"319,290","11,050","-17,180","5,780","-2,940","-3,280","316,010",,,,,,,
CTYMET,[z],[z],E13000001,Inner London,"190,690","7,020","-12,060","3,770","-2,170","-3,450","187,240",,,,,,,
LAUA,[z],5210,E09000007,Camden,"18,800",550,"-1,160",330,-170,-450,"18,350",,,,,,,
LAUA,[z],5030,E09000001,City of London,"20,540","1,190","-2,440",400,-550,"-1,400","19,140",,,,,,,
LAUA,[z],5360,E09000012,Hackney,"12,310",480,-600,240,-50,70,"12,380",,,,,,,
LAUA,[z],5390,E09000013,Hammersmith and Fulham,"10,240",260,-410,120,-170,-200,"10,040",,,,,,,
LAUA,[z],5420,E09000014,Haringey,"7,200",120,-230,200,-20,80,"7,270",,,,,,,
LAUA,[z],5570,E09000019,Islington,"12,130",510,-740,240,-130,-120,"12,010",,,,,,,
LAUA,[z],5600,E09000020,Kensington and Chelsea,"9,040",320,-590,160,-170,-290,"8,750",,,,,,,
LAUA,[z],5660,E09000022,Lambeth,"9,040",300,-330,100,-70,0,"9,040",,,,,,,
LAUA,[z],5690,E09000023,Lewisham,"6,340",170,-290,40,-30,-110,"6,230",,,,,,,
LAUA,[z],5750,E09000025,Newham,"7,890",230,-210,240,-10,250,"8,130",,,,,,,
LAUA,[z],5840,E09000028,Southwark,"12,920",520,-690,450,-110,180,"13,100",,,,,,,
LAUA,[z],5900,E09000030,Tower Hamlets,"18,330",750,"-1,100",380,-260,-230,"18,100",,,,,,,
LAUA,[z],5960,E09000032,Wandsworth,"8,660",360,-630,120,-50,-210,"8,450",,,,,,,
LAUA,[z],5990,E09000033,Westminster,"37,270","1,260","-2,630",760,-400,"-1,010","36,270",,,,,,,
CTYMET,[z],[z],E13000002,Outer London,"128,600","4,040","-5,120","2,020",-770,170,"128,760",,,,,,,
LAUA,[z],5060,E09000002,Barking and Dagenham,"4,390",530,-440,70,-30,130,"4,510",,,,,,,
LAUA,[z],5090,E09000003,Barnet,"8,270",170,-380,100,-40,-140,"8,130",,,,,,,
LAUA,[z],5120,E09000004,Bexley,"5,370",120,-100,40,-10,50,"5,420",,,,,,,
LAUA,[z],5150,E09000005,Brent,"9,030",310,-300,220,-100,140,"9,160",,,,,,,
LAUA,[z],5180,E09000006,Bromley,"7,400",310,-320,120,-60,40,"7,450",,,,,,,
LAUA,[z],5240,E09000008,Croydon,"8,840",130,-430,60,-20,-260,"8,580",,,,,,,
LAUA,[z],5270,E09000009,Ealing,"10,880",410,-510,220,-100,20,"10,900",,,,,,,
LAUA,[z],5300,E09000010,Enfield,"7,090",220,-260,100,-50,10,"7,100",,,,,,,
LAUA,[z],5330,E09000011,Greenwich,"6,190",170,-230,100,-40,-10,"6,180",,,,,,,
LAUA,[z],5450,E09000015,Harrow,"5,530",150,-130,60,-30,50,"5,580",,,,,,,
LAUA,[z],5480,E09000016,Havering,"6,050",50,-100,70,-40,-20,"6,030",,,,,,,
LAUA,[z],5510,E09000017,Hillingdon,"8,930",350,-530,200,-60,-50,"8,890",,,,,,,
LAUA,[z],5540,E09000018,Hounslow,"7,650",330,-330,140,-30,110,"7,760",,,,,,,
LAUA,[z],5630,E09000021,Kingston upon Thames,"4,560",130,-190,70,-10,-10,"4,550",,,,,,,
LAUA,[z],5720,E09000024,Merton,"5,350",140,-220,90,-20,-10,"5,340",,,,,,,
LAUA,[z],5780,E09000026,Redbridge,"6,630",220,-200,110,-70,50,"6,680",,,,,,,
LAUA,[z],5810,E09000027,Richmond upon Thames,"5,710",110,-160,60,-10,-10,"5,700",,,,,,,
LAUA,[z],5870,E09000029,Sutton,"3,990",70,-130,50,-30,-40,"3,950",,,,,,,
LAUA,[z],5930,E09000031,Waltham Forest,"6,750",130,-180,160,-20,90,"6,840",,,,,,,
REGL,[z],[z],E12000008,South East,"295,990","11,680","-14,620","4,210","-2,340","-1,070","294,920",,,,,,,
LAUA,[z],0335,E06000036,Bracknell Forest UA,"2,650",50,-100,30,-10,-30,"2,620",,,,,,,
LAUA,[z],1445,E06000043,Brighton and Hove UA,"11,510",390,-550,130,-60,-90,"11,410",,,,,,,
LAUA,[z],0440,E06000060,Buckinghamshire UA,"15,450",720,-690,180,-170,40,"15,490",[note 5i],,,,,,
LAUA,2019,0405,E07000004,Aylesbury Vale,"5,540",270,-250,60,-30,50,"5,590",[note 5i],,,,,,
LAUA,2019,0415,E07000005,Chiltern,"2,660",170,-170,40,-20,30,"2,690",[note 5i],,,,,,
LAUA,2019,0410,E07000006,South Bucks,"2,020",50,-60,30,-30,0,"2,020",[note 5i],,,,,,
LAUA,2019,0425,E07000007,Wycombe,"5,230",230,-220,50,-100,-40,"5,190",[note 5i],,,,,,
LAUA,[z],2100,E06000046,Isle of Wight UA,"7,720",460,-700,130,-50,-160,"7,560",,,,,,,
LAUA,[z],2280,E06000035,Medway UA,"6,470",150,-190,50,-30,-20,"6,450",,,,,,,
LAUA,[z],0435,E06000042,Milton Keynes UA,"8,610",510,-440,120,-80,100,"8,710",,,,,,,
LAUA,[z],1775,E06000044,Portsmouth UA,"7,100",200,-680,70,-50,-460,"6,640",,,,,,,
LAUA,[z],0345,E06000038,Reading UA,"5,690",180,-320,130,-20,-30,"5,660",,,,,,,
LAUA,[z],0350,E06000039,Slough UA,"3,790",80,-320,50,-160,-350,"3,440",,,,,,,
LAUA,[z],1780,E06000045,Southampton UA,"6,830",150,-280,70,-60,-130,"6,700",,,,,,,
LAUA,[z],0340,E06000037,West Berkshire UA,"5,960",240,-230,100,-50,50,"6,010",,,,,,,
LAUA,[z],0355,E06000040,Windsor and Maidenhead UA,"4,790",140,-220,80,-50,-40,"4,750",,,,,,,
LAUA,[z],0360,E06000041,Wokingham UA,"4,390",190,-240,50,-40,-40,"4,350",,,,,,,
CTYMET,[z],[z],E10000011,East Sussex,"21,490",930,"-1,200",590,-130,200,"21,700",,,,,,,
LAUA,[z],1410,E07000061,Eastbourne,"3,150",60,-110,20,-10,-50,"3,100",,,,,,,
LAUA,[z],1415,E07000062,Hastings,"3,610",100,-140,40,-20,-30,"3,590",,,,,,,
LAUA,[z],1425,E07000063,Lewes,"3,730",70,-140,50,-20,-40,"3,690",,,,,,,
LAUA,[z],1430,E07000064,Rother,"4,310",270,-350,390,-20,280,"4,590",,,,,,,
LAUA,[z],1435,E07000065,Wealden,"6,700",440,-450,100,-50,40,"6,730",,,,,,,
CTYMET,[z],[z],E10000014,Hampshire,"42,990","1,510","-1,920",610,-430,-220,"42,770",,,,,,,
LAUA,[z],1705,E07000084,Basingstoke and Deane,"4,620",110,-210,60,-40,-90,"4,540",,,,,,,
LAUA,[z],1710,E07000085,East Hampshire,"4,160",80,-110,60,-30,0,"4,160",,,,,,,
LAUA,[z],1715,E07000086,Eastleigh,"3,160",70,-110,40,-30,-30,"3,130",,,,,,,
LAUA,[z],1720,E07000087,Fareham,"3,380",40,-120,20,-50,-120,"3,260",,,,,,,
LAUA,[z],1725,E07000088,Gosport,"2,050",20,-50,10,-30,-50,"2,000",,,,,,,
LAUA,[z],1730,E07000089,Hart,"2,320",60,-40,40,-10,50,"2,370",,,,,,,
LAUA,[z],1735,E07000090,Havant,"3,420",50,-120,10,-10,-80,"3,340",,,,,,,
LAUA,[z],1740,E07000091,New Forest,"7,360",380,-440,80,-40,-20,"7,340",,,,,,,
LAUA,[z],1750,E07000092,Rushmoor,"2,650",80,-140,90,-40,0,"2,650",,,,,,,
LAUA,[z],1760,E07000093,Test Valley,"4,710",440,-320,130,-90,150,"4,860",,,,,,,
LAUA,[z],1765,E07000094,Winchester,"5,160",190,-250,80,-50,-30,"5,120",,,,,,,
CTYMET,[z],[z],E10000016,Kent,"53,610","2,680","-2,630",660,-440,270,"53,880",,,,,,,
LAUA,[z],2205,E07000105,Ashford,"5,430",300,-300,70,-90,-20,"5,410",,,,,,,
LAUA,[z],2210,E07000106,Canterbury,"6,350",260,-260,40,-30,10,"6,360",,,,,,,
LAUA,[z],2215,E07000107,Dartford,"3,290",240,-110,90,-40,180,"3,460",,,,,,,
LAUA,[z],2220,E07000108,Dover,"4,250",370,-440,60,-30,-50,"4,200",,,,,,,
LAUA,[z],2250,E07000112,Folkestone and Hythe,"4,080",340,-240,40,-20,110,"4,190",,,,,,,
LAUA,[z],2230,E07000109,Gravesham,"2,300",90,-70,10,-10,30,"2,330",,,,,,,
LAUA,[z],2235,E07000110,Maidstone,"5,300",200,-230,80,-50,-10,"5,300",,,,,,,
LAUA,[z],2245,E07000111,Sevenoaks,"4,230",230,-170,70,-30,110,"4,330",,,,,,,
LAUA,[z],2255,E07000113,Swale,"4,850",190,-170,50,-60,10,"4,870",,,,,,,
LAUA,[z],2260,E07000114,Thanet,"5,640",230,-280,50,-30,-30,"5,610",,,,,,,
LAUA,[z],2265,E07000115,Tonbridge and Malling,"3,730",130,-150,70,-20,30,"3,760",,,,,,,
LAUA,[z],2270,E07000116,Tunbridge Wells,"4,150",110,-210,50,-40,-100,"4,050",,,,,,,
CTYMET,[z],[z],E10000025,Oxfordshire,"22,650",910,-970,300,-160,80,"22,730",,,,,,,
LAUA,[z],3105,E07000177,Cherwell,"5,210",120,-150,70,-40,10,"5,220",,,,,,,
LAUA,[z],3110,E07000178,Oxford,"4,640",160,-260,50,-40,-100,"4,540",,,,,,,
LAUA,[z],3115,E07000179,South Oxfordshire,"4,500",170,-130,100,-30,110,"4,610",,,,,,,
LAUA,[z],3120,E07000180,Vale of White Horse,"3,980",200,-180,30,-20,30,"4,010",,,,,,,
LAUA,[z],3125,E07000181,West Oxfordshire,"4,320",260,-250,50,-30,30,"4,350",,,,,,,
CTYMET,[z],[z],E10000030,Surrey,"34,920","1,150","-1,690",550,-190,-180,"34,730",,,,,,,
LAUA,[z],3605,E07000207,Elmbridge,"3,890",100,-180,80,-10,-10,"3,890",,,,,,,
LAUA,[z],3610,E07000208,Epsom and Ewell,"1,750",50,-50,20,0,20,"1,770",,,,,,,
LAUA,[z],3615,E07000209,Guildford,"4,480",150,-160,50,-30,10,"4,490",,,,,,,
LAUA,[z],3620,E07000210,Mole Valley,"3,200",80,-150,30,-20,-70,"3,130",,,,,,,
LAUA,[z],3625,E07000211,Reigate and Banstead,"3,680",110,-170,90,-40,-10,"3,670",,,,,,,
LAUA,[z],3630,E07000212,Runnymede,"2,820",170,-260,30,-40,-100,"2,720",,,,,,,
LAUA,[z],3635,E07000213,Spelthorne,"2,460",40,-90,40,-10,-20,"2,440",,,,,,,
LAUA,[z],3640,E07000214,Surrey Heath,"2,960",50,-140,70,-10,-30,"2,930",,,,,,,
LAUA,[z],3645,E07000215,Tandridge,"2,910",50,-70,20,-10,0,"2,910",,,,,,,
LAUA,[z],3650,E07000216,Waverley,"3,990",140,-180,80,-20,20,"4,010",,,,,,,
LAUA,[z],3655,E07000217,Woking,"2,780",200,-240,50,-10,[c],"2,780",,,,,,,
CTYMET,[z],[z],E10000032,West Sussex,"29,380","1,060","-1,250",320,-190,-60,"29,320",,,,,,,
LAUA,[z],3805,E07000223,Adur,"2,300",60,-50,20,-10,20,"2,320",,,,,,,
LAUA,[z],3810,E07000224,Arun,"4,970",140,-160,20,-30,-30,"4,940",,,,,,,
LAUA,[z],3815,E07000225,Chichester,"5,480",260,-260,70,-60,10,"5,500",,,,,,,
LAUA,[z],3820,E07000226,Crawley,"3,720",60,-130,70,-20,-20,"3,700",,,,,,,
LAUA,[z],3825,E07000227,Horsham,"4,990",160,-180,40,-40,-20,"4,960",,,,,,,
LAUA,[z],3830,E07000228,Mid Sussex,"4,610",340,-390,80,-30,10,"4,610",,,,,,,
LAUA,[z],3835,E07000229,Worthing,"3,320",50,-80,20,-10,-30,"3,290",,,,,,,
REGL,[z],[z],E12000009,South West,"234,650","10,750","-14,790","2,980","-2,370","-3,440","231,220",,,,,,,
LAUA,[z],0114,E06000022,Bath and North East Somerset UA,"6,720",300,-400,60,-50,-80,"6,640",,,,,,,
LAUA,[z],1260,E06000058,"Bournemouth, Christchurch and Poole UA","16,200",380,-740,230,-130,-260,"15,940",[note 5j],,,,,,
LAUA,2019,1250,E06000028,Bournemouth UA,"7,910",200,-370,150,-60,-80,"7,820",[note 5j],,,,,,
LAUA,2019,1210,E07000048,Christchurch,"2,100",50,-150,20,-50,-130,"1,980",[note 5j],,,,,,
LAUA,2019,1255,E06000029,Poole UA,"6,190",130,-220,70,-30,-50,"6,140",[note 5j],,,,,,
LAUA,[z],0116,E06000023,"Bristol, City of UA","16,790",680,"-1,060",380,-370,-370,"16,420",,,,,,,
LAUA,[z],0840,E06000052,Cornwall UA,"36,680","2,490","-3,800",240,-170,"-1,230","35,450",,,,,,,
LAUA,[z],1265,E06000059,Dorset UA,"18,180","1,310","-1,240",180,-150,100,"18,280",[note 5k],,,,,,
LAUA,2019,1240,E07000049,East Dorset,"2,980",390,-270,30,-50,100,"3,090",[note 5k],,,,,,
LAUA,2019,1215,E07000050,North Dorset,"2,750",200,-150,40,-20,60,"2,810",[note 5k],,,,,,
LAUA,2019,1225,E07000051,Purbeck,"2,910",220,-230,20,-30,-30,"2,890",[note 5k],,,,,,
LAUA,2019,1230,E07000052,West Dorset,"6,440",330,-390,80,-40,-20,"6,420",[note 5k],,,,,,
LAUA,2019,1235,E07000053,Weymouth and Portland,"3,090",180,-190,20,-20,-10,"3,080",[note 5k],,,,,,
LAUA,[z],0835,E06000053,Isles of Scilly UA,540,20,-30,0,0,-10,530,,,,,,,
LAUA,[z],0121,E06000024,North Somerset UA,"6,580",130,-180,50,-40,-50,"6,530",,,,,,,
LAUA,[z],1160,E06000026,Plymouth UA,"7,950",350,-440,110,-80,-60,"7,890",,,,,,,
LAUA,[z],3335,E06000066,Somerset UA,"22,820",870,"-1,040",300,-170,-30,"22,790",[note 5l],,,,,,
LAUA,2023,3305,E07000187,Mendip,"4,750",160,-170,80,-30,40,"4,790",[note 5l],,,,,,
LAUA,2023,3310,E07000188,Sedgemoor,"4,730",280,-240,40,-30,50,"4,780",[note 5l],,,,,,
LAUA,2023,3330,E07000246,Somerset West and Taunton,"6,960",200,-380,110,-60,-110,"6,850",,,,,,,
LAUA,2023,3325,E07000189,South Somerset,"6,370",230,-250,70,-60,-10,"6,370",[note 5l],,,,,,
LAUA,[z],0119,E06000025,South Gloucestershire UA,"7,910",340,-290,110,-320,-150,"7,750",,,,,,,
LAUA,[z],3935,E06000030,Swindon UA,"5,870",130,-280,70,-50,-120,"5,750",,,,,,,
LAUA,[z],1165,E06000027,Torbay UA,"5,710",240,-420,40,-40,-180,"5,530",,,,,,,
LAUA,[z],3940,E06000054,Wiltshire UA,"16,520",520,-490,310,-150,200,"16,720",,,,,,,
CTYMET,[z],[z],E10000008,Devon,"41,760","2,030","-3,200",520,-410,"-1,070","40,700",,,,,,,
LAUA,[z],1105,E07000040,East Devon,"7,640",340,-490,80,-80,-150,"7,500",,,,,,,
LAUA,[z],1110,E07000041,Exeter,"5,170",130,-180,70,-120,-100,"5,070",,,,,,,
LAUA,[z],1135,E07000042,Mid Devon,"3,560",290,-270,60,-50,40,"3,590",,,,,,,
LAUA,[z],1115,E07000043,North Devon,"6,590",360,-690,100,-40,-260,"6,330",,,,,,,
LAUA,[z],1125,E07000044,South Hams,"6,470",370,-640,80,-40,-230,"6,240",,,,,,,
LAUA,[z],1130,E07000045,Teignbridge,"5,670",230,-310,60,-50,-80,"5,590",,,,,,,
LAUA,[z],1145,E07000046,Torridge,"4,220",190,-490,30,-20,-290,"3,930",,,,,,,
LAUA,[z],1150,E07000047,West Devon,"2,460",110,-140,50,-20,[c],"2,460",,,,,,,
CTYMET,[z],[z],E10000013,Gloucestershire,"24,440",950,"-1,200",370,-250,-120,"24,310",,,,,,,
LAUA,[z],1605,E07000078,Cheltenham,"4,060",130,-220,90,-70,-70,"3,990",,,,,,,
LAUA,[z],1610,E07000079,Cotswold,"5,360",320,-420,130,-50,-20,"5,340",,,,,,,
LAUA,[z],1615,E07000080,Forest of Dean,"3,450",110,-170,30,-30,-60,"3,390",,,,,,,
LAUA,[z],1620,E07000081,Gloucester,"4,170",120,-140,40,-20,0,"4,170",,,,,,,
LAUA,[z],1625,E07000082,Stroud,"4,330",180,-150,50,-50,30,"4,360",,,,,,,
LAUA,[z],1630,E07000083,Tewkesbury,"3,080",100,-110,40,-30,-10,"3,070",,,,,,,
NATL,[z],[z],W92000004,Wales,"127,880","4,840","-7,250","1,430",-780,"-1,760","126,120",,,,,,,
LAUA,[z],6805,W06000001,Isle of Anglesey / Ynys Môn,"3,890",310,-440,20,-20,-140,"3,750",,,,,,,
LAUA,[z],6810,W06000002,Gwynedd / Gwynedd,"9,700",380,"-1,110",50,-20,-700,"9,000",,,,,,,
LAUA,[z],6905,W06000003,Conwy / Conwy,"6,060",290,-400,20,-20,-100,"5,950",,,,,,,
LAUA,[z],6830,W06000004,Denbighshire / Sir Ddinbych,"4,430",160,-170,30,-30,-10,"4,420",,,,,,,
LAUA,[z],6835,W06000005,Flintshire / Sir y Fflint,"5,680",170,-190,60,-30,[c],"5,680",,,,,,,
LAUA,[z],6955,W06000006,Wrexham / Wrecsam,"4,480",120,-250,30,-30,-120,"4,360",,,,,,,
LAUA,[z],6820,W06000008,Ceredigion / Ceredigion,"4,490",150,-350,10,-50,-250,"4,230",,,,,,,
LAUA,[z],6845,W06000009,Pembrokeshire / Sir Benfro,"8,270",380,-870,30,-20,-470,"7,790",,,,,,,
LAUA,[z],6825,W06000010,Carmarthenshire / Sir Gaerfyrddin,"7,860",200,-390,80,-30,-140,"7,720",,,,,,,
LAUA,[z],6855,W06000011,Swansea / Abertawe,"8,390",290,-380,150,-40,20,"8,410",,,,,,,
LAUA,[z],6930,W06000012,Neath Port Talbot / Castell-nedd Port Talbot,"4,510",200,-200,60,-30,40,"4,550",,,,,,,
LAUA,[z],6915,W06000013,Bridgend / Pen-y-bont ar Ogwr,"5,440",130,-150,60,-30,10,"5,450",,,,,,,
LAUA,[z],6950,W06000014,Vale of Glamorgan / Bro Morgannwg,"3,980",150,-140,40,-10,30,"4,010",,,,,,,
LAUA,[z],6815,W06000015,Cardiff / Caerdydd,"13,670",610,-690,290,-150,60,"13,730",,,,,,,
LAUA,[z],6940,W06000016,Rhondda Cynon Taf / Rhondda Cynon Taf,"7,990",260,-290,120,-60,40,"8,030",,,,,,,
LAUA,[z],6920,W06000018,Caerphilly / Caerffili,"5,430",230,-240,90,-30,60,"5,480",,,,,,,
LAUA,[z],6910,W06000019,Blaenau Gwent / Blaenau Gwent,"2,350",70,-120,10,-10,-40,"2,310",,,,,,,
LAUA,[z],6945,W06000020,Torfaen / Tor-faen,"3,100",40,-40,100,-50,50,"3,160",,,,,,,
LAUA,[z],6840,W06000021,Monmouthshire / Sir Fynwy,"3,520",100,-110,40,-20,10,"3,530",,,,,,,
LAUA,[z],6935,W06000022,Newport / Casnewydd,"4,970",280,-270,50,-30,30,"5,000",,,,,,,
LAUA,[z],6850,W06000023,Powys / Powys,"7,770",250,-400,70,-70,-150,"7,620",,,,,,,
LAUA,[z],6925,W06000024,Merthyr Tydfil / Merthyr Tudful,"1,920",60,-60,30,-10,20,"1,940",,,,,,,
,,,,,,,,,,,,,,,,,,
