"Table SOP4.1: Retail Sector - number of rateable properties, by administrative area and financial year [note 1a]",,,,,,,,,,,,,,,,,,,,,,,,,
This worksheet contains one table. Some cells refer to notes which can be found in a table on the Notes worksheet.,,,,,,,,,,,,,,,,,,,,,,,,,
Cells which contain [z] mean the data point is not applicable.,,,,,,,,,,,,,,,,,,,,,,,,,
Cells which contain [c] mean the data point is between 1 and 4 and has been suppressed.,,,,,,,,,,,,,,,,,,,,,,,,,
"This table includes all Retail sector properties in the England and Wales Non-Domestic Rating Lists, as at 31 March for each year between 2011 and 2025.",,,,,,,,,,,,,,,,,,,,,,,,,
Figures show the number of properties (counts).,,,,,,,,,,,,,,,,,,,,,,,,,
Geography [note 5a],Abolished year [note 6],BA Code [note 5b],ONS area code [note 5c],ONS area name,31 March 2011,31 March 2012,31 March 2013,31 March 2014,31 March 2015,31 March 2016,31 March 2017,31 March 2018,31 March 2019,31 March 2020,31 March 2021,31 March 2022,31 March 2023,31 March 2024,31 March 2025,Note,,,,,
ENGWAL,[z],[z],K04000001,England and Wales,"509,080","510,530","511,870","513,120","514,060","515,110","515,050","515,560","515,900","515,840","519,050","518,000","516,250","514,600","513,340",,,,,,
NATL,[z],[z],E92000001,England,"480,080","481,470","482,750","483,910","484,820","485,820","485,690","486,140","486,450","486,410","489,400","488,370","486,740","485,290","484,070",,,,,,
REGL,[z],[z],E12000001,North East,"23,310","23,360","23,380","23,430","23,470","23,460","23,460","23,470","23,440","23,330","23,500","23,400","23,280","23,160","23,040",,,,,,
LAUA,[z],1355,E06000047,County Durham UA,"4,200","4,250","4,250","4,250","4,280","4,290","4,280","4,300","4,290","4,240","4,260","4,250","4,240","4,240","4,250",,,,,,
LAUA,[z],1350,E06000005,Darlington UA,"1,100","1,100","1,100","1,100","1,090","1,090","1,110","1,100","1,100","1,120","1,120","1,090","1,090","1,080","1,090",,,,,,
LAUA,[z],0724,E06000001,Hartlepool UA,970,980,970,980,980,970,960,940,930,920,920,920,930,930,920,,,,,,
LAUA,[z],0734,E06000002,Middlesbrough UA,"1,400","1,400","1,390","1,400","1,410","1,400","1,410","1,410","1,410","1,400","1,420","1,410","1,410","1,400","1,400",,,,,,
LAUA,[z],2935,E06000057,Northumberland UA,"2,690","2,680","2,680","2,690","2,700","2,710","2,730","2,740","2,720","2,710","2,710","2,720","2,720","2,690","2,650",,,,,,
LAUA,[z],0728,E06000003,Redcar and Cleveland UA,"1,190","1,200","1,210","1,210","1,200","1,200","1,200","1,210","1,210","1,210","1,210","1,200","1,200","1,200","1,190",,,,,,
LAUA,[z],0738,E06000004,Stockton-on-Tees UA,"1,470","1,480","1,490","1,490","1,500","1,500","1,500","1,530","1,530","1,510","1,530","1,530","1,480","1,470","1,470",,,,,,
CTYMET,[z],[z],E11000007,Tyne and Wear (Met County),"10,300","10,280","10,290","10,320","10,320","10,300","10,270","10,260","10,240","10,240","10,330","10,280","10,220","10,150","10,080",,,,,,
LAUA,[z],4505,E08000037,Gateshead,"1,830","1,820","1,820","1,830","1,830","1,820","1,820","1,790","1,770","1,770","1,780","1,780","1,770","1,750","1,750",,,,,,
LAUA,[z],4510,E08000021,Newcastle upon Tyne,"2,930","2,900","2,900","2,920","2,930","2,940","2,910","2,910","2,930","2,970","3,010","2,980","2,940","2,900","2,870",,,,,,
LAUA,[z],4515,E08000022,North Tyneside,"1,790","1,780","1,770","1,770","1,770","1,760","1,750","1,760","1,760","1,750","1,760","1,760","1,760","1,740","1,740",,,,,,
LAUA,[z],4520,E08000023,South Tyneside,"1,360","1,360","1,340","1,340","1,340","1,310","1,310","1,310","1,310","1,310","1,330","1,310","1,310","1,300","1,290",,,,,,
LAUA,[z],4525,E08000024,Sunderland,"2,390","2,420","2,450","2,450","2,460","2,470","2,480","2,490","2,480","2,430","2,450","2,450","2,450","2,450","2,430",,,,,,
REGL,[z],[z],E12000002,North West,"72,490","72,820","72,990","73,160","73,280","73,390","73,270","73,230","73,120","72,480","72,970","72,660","72,290","73,050","72,790",,,,,,
LAUA,[z],2372,E06000008,Blackburn with Darwen UA,"1,740","1,760","1,770","1,750","1,770","1,770","1,780","1,760","1,760","1,770","1,780","1,790","1,790","1,810","1,810",,,,,,
LAUA,[z],2373,E06000009,Blackpool UA,"2,390","2,390","2,400","2,390","2,390","2,380","2,390","2,390","2,380","2,360","2,360","2,350","2,240","2,240","2,230",,,,,,
LAUA,[z],0660,E06000049,Cheshire East UA,"3,400","3,440","3,440","3,470","3,470","3,480","3,480","3,490","3,480","3,330","3,340","3,340","3,350","3,380","3,360",,,,,,
LAUA,[z],0665,E06000050,Cheshire West and Chester UA,"3,310","3,340","3,330","3,330","3,340","3,350","3,350","3,320","3,310","3,140","3,110","3,110","3,110","3,110","3,100",,,,,,
LAUA,[z],0935,E06000063,Cumberland UA,"2,670","2,650","2,650","2,630","2,610","2,620","2,650","2,700","2,690","2,680","2,690","2,680","2,680","2,620","2,580",[note 5d],,,,,
LAUA,2023,0905,E07000026,Allerdale,"1,050","1,040","1,040","1,040","1,040","1,050","1,050","1,040","1,040","1,040","1,050","1,030","1,030","1,010","1,010",[note 5d],,,,,
LAUA,2023,0915,E07000028,Carlisle,"1,050","1,040","1,040","1,040","1,030","1,030","1,040","1,110","1,100","1,090","1,100","1,110","1,120","1,080","1,060",[note 5d],,,,,
LAUA,2023,0920,E07000029,Copeland,570,570,570,560,550,550,550,560,550,550,540,540,540,530,520,[note 5d],,,,,
LAUA,[z],0650,E06000006,Halton UA,"1,000","1,010","1,010","1,010","1,030","1,040","1,040",950,930,920,920,920,930,940,930,,,,,,
LAUA,[z],0655,E06000007,Warrington UA,"1,510","1,650","1,670","1,670","1,700","1,700","1,700","1,690","1,580","1,570","1,590","1,580","1,580","1,560","1,570",,,,,,
LAUA,[z],0940,E06000064,Westmorland and Furness UA,"2,710","2,710","2,700","2,710","2,710","2,710","2,700","2,820","2,810","2,800","2,780","2,780","2,780","2,750","2,730",[note 5e],,,,,
LAUA,2023,0910,E07000027,Barrow-in-Furness,740,740,730,730,720,720,720,780,780,780,780,770,770,750,750,[note 5e],,,,,
LAUA,2023,0925,E07000030,Eden,520,510,530,540,540,530,530,530,530,530,520,520,520,510,510,[note 5e],,,,,
LAUA,2023,0930,E07000031,South Lakeland,"1,460","1,450","1,450","1,450","1,450","1,450","1,450","1,500","1,500","1,490","1,480","1,490","1,490","1,480","1,480",[note 5e],,,,,
CTYMET,[z],[z],E11000001,Greater Manchester (Met County),"26,640","26,680","26,820","26,910","26,980","27,070","27,100","27,000","27,000","27,010","27,220","27,080","26,870","27,570","27,490",,,,,,
LAUA,[z],4205,E08000001,Bolton,"2,790","2,800","2,810","2,830","2,830","2,830","2,860","2,890","2,890","2,900","2,920","2,900","2,880","2,990","2,990",,,,,,
LAUA,[z],4210,E08000002,Bury,"1,720","1,740","1,770","1,780","1,790","1,800","1,810","1,810","1,800","1,810","1,820","1,820","1,810","1,920","1,890",,,,,,
LAUA,[z],4215,E08000003,Manchester,"5,630","5,690","5,740","5,760","5,800","5,860","5,870","5,680","5,660","5,670","5,760","5,710","5,670","6,000","6,000",,,,,,
LAUA,[z],4220,E08000004,Oldham,"2,140","2,120","2,140","2,150","2,160","2,180","2,200","2,210","2,210","2,200","2,200","2,190","2,170","2,150","2,150",,,,,,
LAUA,[z],4225,E08000005,Rochdale,"2,010","2,010","2,010","2,030","2,040","2,030","2,030","2,040","2,030","2,030","2,060","2,060","2,050","2,070","2,060",,,,,,
LAUA,[z],4230,E08000006,Salford,"2,110","2,100","2,100","2,110","2,110","2,110","2,100","2,110","2,110","2,100","2,130","2,110","2,110","2,230","2,230",,,,,,
LAUA,[z],4235,E08000007,Stockport,"2,830","2,830","2,830","2,830","2,820","2,810","2,810","2,810","2,820","2,800","2,800","2,770","2,760","2,830","2,810",,,,,,
LAUA,[z],4240,E08000008,Tameside,"2,220","2,210","2,230","2,220","2,230","2,240","2,220","2,240","2,240","2,250","2,250","2,240","2,240","2,240","2,230",,,,,,
LAUA,[z],4245,E08000009,Trafford,"2,290","2,270","2,280","2,260","2,250","2,250","2,240","2,230","2,230","2,230","2,230","2,200","2,210","2,240","2,220",,,,,,
LAUA,[z],4250,E08000010,Wigan,"2,910","2,910","2,920","2,950","2,950","2,980","2,960","2,990","3,000","3,020","3,050","3,070","2,960","2,910","2,910",,,,,,
CTYMET,[z],[z],E10000017,Lancashire,"12,110","12,150","12,170","12,150","12,140","12,160","12,160","12,210","12,230","12,200","12,290","12,260","12,260","12,430","12,400",,,,,,
LAUA,[z],2315,E07000117,Burnley,"1,130","1,120","1,130","1,150","1,140","1,140","1,150","1,150","1,160","1,150","1,150","1,150","1,150","1,170","1,170",,,,,,
LAUA,[z],2320,E07000118,Chorley,880,870,880,880,900,900,900,910,910,910,930,940,940,950,950,,,,,,
LAUA,[z],2325,E07000119,Fylde,840,840,840,840,840,830,840,840,840,830,840,840,830,840,830,,,,,,
LAUA,[z],2330,E07000120,Hyndburn,"1,070","1,080","1,080","1,070","1,070","1,070","1,070","1,070","1,060","1,060","1,080","1,080","1,080","1,100","1,090",,,,,,
LAUA,[z],2335,E07000121,Lancaster,"1,570","1,560","1,560","1,500","1,490","1,470","1,460","1,470","1,470","1,460","1,460","1,460","1,450","1,470","1,460",,,,,,
LAUA,[z],2340,E07000122,Pendle,"1,050","1,060","1,050","1,070","1,070","1,080","1,090","1,090","1,110","1,100","1,120","1,120","1,120","1,130","1,130",,,,,,
LAUA,[z],2345,E07000123,Preston,"1,630","1,650","1,660","1,660","1,650","1,660","1,650","1,650","1,660","1,650","1,650","1,640","1,640","1,660","1,650",,,,,,
LAUA,[z],2350,E07000124,Ribble Valley,510,530,530,530,530,530,530,540,540,550,560,550,560,570,570,,,,,,
LAUA,[z],2355,E07000125,Rossendale,680,660,660,670,670,670,670,670,670,670,670,670,670,690,690,,,,,,
LAUA,[z],2360,E07000126,South Ribble,820,820,830,840,850,850,860,860,850,850,860,860,860,870,870,,,,,,
LAUA,[z],2365,E07000127,West Lancashire,710,740,730,730,730,740,740,740,740,740,760,760,760,770,760,,,,,,
LAUA,[z],2370,E07000128,Wyre,"1,220","1,220","1,230","1,220","1,210","1,220","1,210","1,220","1,220","1,220","1,220","1,210","1,200","1,230","1,220",,,,,,
CTYMET,[z],[z],E11000002,Merseyside (Met County),"15,020","15,040","15,020","15,140","15,150","15,120","14,920","14,910","14,960","14,720","14,880","14,770","14,720","14,670","14,600",,,,,,
LAUA,[z],4305,E08000011,Knowsley,920,900,900,900,910,910,910,910,900,900,910,910,910,890,900,,,,,,
LAUA,[z],4310,E08000012,Liverpool,"5,840","5,870","5,850","5,870","5,870","5,830","5,640","5,650","5,730","5,730","5,840","5,820","5,800","5,750","5,720",,,,,,
LAUA,[z],4320,E08000014,Sefton,"3,180","3,160","3,160","3,210","3,230","3,220","3,200","3,180","3,160","3,140","3,150","3,100","3,080","3,080","3,060",,,,,,
LAUA,[z],4315,E08000013,St. Helens,"1,580","1,590","1,580","1,610","1,590","1,600","1,610","1,600","1,600","1,600","1,610","1,610","1,610","1,610","1,600",,,,,,
LAUA,[z],4325,E08000015,Wirral,"3,490","3,520","3,540","3,550","3,560","3,560","3,570","3,570","3,560","3,350","3,370","3,330","3,330","3,340","3,330",,,,,,
REGL,[z],[z],E12000003,Yorkshire and The Humber,"50,780","50,890","51,060","51,290","51,580","51,810","51,570","51,820","51,940","51,880","52,340","52,260","52,210","52,060","51,830",,,,,,
LAUA,[z],2001,E06000011,East Riding of Yorkshire UA,"2,920","2,920","2,930","2,930","2,910","2,920","2,920","2,920","2,930","2,930","2,930","2,920","2,910","2,900","2,900",,,,,,
LAUA,[z],2004,E06000010,"Kingston upon Hull, City of UA","2,810","2,810","2,800","2,770","2,760","2,770","2,770","2,800","2,810","2,840","2,850","2,850","2,840","2,850","2,850",,,,,,
LAUA,[z],2002,E06000012,North East Lincolnshire UA,"1,710","1,710","1,710","1,690","1,700","1,710","1,690","1,690","1,670","1,660","1,670","1,670","1,670","1,660","1,660",,,,,,
LAUA,[z],2003,E06000013,North Lincolnshire UA,"1,400","1,410","1,410","1,430","1,440","1,430","1,420","1,420","1,400","1,410","1,470","1,480","1,470","1,450","1,440",,,,,,
LAUA,[z],2740,E06000065,North Yorkshire UA,"6,050","6,050","6,060","6,080","6,100","6,100","6,090","6,100","6,090","6,070","6,090","6,100","6,070","6,040","6,020",[note 5f],,,,,
LAUA,2023,2705,E07000163,Craven,680,680,690,690,710,710,710,720,720,720,710,710,700,690,690,[note 5f],,,,,
LAUA,2023,2710,E07000164,Hambleton,720,720,720,730,740,730,740,740,740,740,750,750,750,740,730,[note 5f],,,,,
LAUA,2023,2715,E07000165,Harrogate,"1,570","1,570","1,570","1,580","1,560","1,560","1,560","1,560","1,560","1,540","1,540","1,550","1,550","1,550","1,540",[note 5f],,,,,
LAUA,2023,2720,E07000166,Richmondshire,390,390,390,390,390,400,410,410,410,410,410,410,410,410,400,[note 5f],,,,,
LAUA,2023,2725,E07000167,Ryedale,570,580,590,590,590,590,590,590,590,590,590,580,580,570,570,[note 5f],,,,,
LAUA,2023,2730,E07000168,Scarborough,"1,610","1,610","1,610","1,610","1,610","1,600","1,590","1,580","1,580","1,570","1,580","1,580","1,580","1,580","1,580",[note 5f],,,,,
LAUA,2023,2735,E07000169,Selby,510,510,500,500,500,500,500,510,500,500,510,520,510,510,510,[note 5f],,,,,
LAUA,[z],2741,E06000014,York UA,"1,860","1,850","1,840","1,840","1,830","1,830","1,830","1,850","1,880","1,850","1,850","1,840","1,830","1,820","1,810",,,,,,
CTYMET,[z],[z],E11000003,South Yorkshire (Met County),"11,970","12,010","12,060","12,130","12,200","12,220","12,230","12,270","12,370","12,300","12,430","12,390","12,410","12,390","12,380",,,,,,
LAUA,[z],4405,E08000016,Barnsley,"1,990","2,000","2,020","2,030","2,050","2,060","2,050","2,000","2,030","1,970","2,020","2,020","2,040","2,030","2,020",,,,,,
LAUA,[z],4410,E08000017,Doncaster,"2,830","2,850","2,850","2,860","2,890","2,900","2,910","2,930","2,940","2,950","2,990","3,000","3,010","3,010","3,000",,,,,,
LAUA,[z],4415,E08000018,Rotherham,"2,060","2,070","2,080","2,110","2,130","2,120","2,120","2,160","2,180","2,190","2,220","2,200","2,190","2,180","2,170",,,,,,
LAUA,[z],4420,E08000019,Sheffield,"5,100","5,100","5,110","5,120","5,140","5,140","5,150","5,190","5,220","5,190","5,200","5,160","5,170","5,170","5,180",,,,,,
CTYMET,[z],[z],E11000006,West Yorkshire (Met County),"22,070","22,130","22,250","22,440","22,640","22,840","22,620","22,760","22,790","22,830","23,050","23,020","23,000","22,960","22,780",,,,,,
LAUA,[z],4705,E08000032,Bradford,"5,520","5,530","5,580","5,620","5,770","5,890","5,900","5,970","5,970","5,960","6,030","6,010","6,010","6,010","6,040",,,,,,
LAUA,[z],4710,E08000033,Calderdale,"2,180","2,180","2,200","2,210","2,230","2,230","2,230","2,220","2,230","2,230","2,260","2,260","2,260","2,270","2,250",,,,,,
LAUA,[z],4715,E08000034,Kirklees,"4,180","4,200","4,200","4,220","4,250","4,280","4,270","4,280","4,290","4,310","4,330","4,340","4,350","4,360","4,210",,,,,,
LAUA,[z],4720,E08000035,Leeds,"7,000","7,000","7,050","7,140","7,140","7,180","6,960","7,020","7,050","7,060","7,140","7,120","7,100","7,050","7,010",,,,,,
LAUA,[z],4725,E08000036,Wakefield,"3,180","3,210","3,220","3,240","3,250","3,260","3,260","3,270","3,270","3,270","3,300","3,300","3,290","3,270","3,270",,,,,,
REGL,[z],[z],E12000004,East Midlands,"36,820","36,880","36,990","37,050","37,130","37,240","37,270","37,420","37,480","37,510","37,700","37,730","37,730","37,670","37,560",,,,,,
LAUA,[z],1055,E06000015,Derby UA,"2,210","2,230","2,230","2,240","2,240","2,260","2,270","2,260","2,260","2,270","2,290","2,290","2,290","2,270","2,270",,,,,,
LAUA,[z],2465,E06000016,Leicester UA,"3,690","3,690","3,710","3,710","3,720","3,730","3,750","3,770","3,790","3,790","3,840","3,830","3,830","3,830","3,820",,,,,,
LAUA,[z],2840,E06000061,North Northamptonshire UA,"2,200","2,210","2,210","2,230","2,240","2,250","2,280","2,340","2,360","2,360","2,360","2,380","2,390","2,370","2,370",[note 5g],,,,,
LAUA,2021,2805,E07000150,Corby,380,380,380,380,380,380,380,390,400,400,400,410,410,410,410,[note 5g],,,,,
LAUA,2021,2815,E07000152,East Northamptonshire,550,560,560,570,570,570,580,620,630,640,630,640,640,640,630,[note 5g],,,,,
LAUA,2021,2820,E07000153,Kettering,720,720,730,730,730,740,750,750,760,760,760,770,760,760,760,[note 5g],,,,,
LAUA,2021,2835,E07000156,Wellingborough,550,550,550,560,560,560,570,580,570,570,570,570,580,580,580,[note 5g],,,,,
LAUA,[z],3060,E06000018,Nottingham UA,"3,060","3,060","3,060","3,060","3,080","3,090","3,080","3,070","3,050","3,040","3,020","3,010","3,010","3,000","2,980",,,,,,
LAUA,[z],2470,E06000017,Rutland UA,300,290,290,300,300,300,300,310,310,310,310,310,310,300,300,,,,,,
LAUA,[z],2845,E06000062,West Northamptonshire UA,"2,280","2,290","2,300","2,300","2,300","2,290","2,300","2,320","2,320","2,330","2,330","2,340","2,340","2,330","2,340",[note 5h],,,,,
LAUA,2021,2810,E07000151,Daventry,380,390,390,390,390,390,380,380,380,380,380,380,380,380,390,[note 5h],,,,,
LAUA,2021,2825,E07000154,Northampton,"1,560","1,570","1,570","1,570","1,570","1,570","1,580","1,610","1,610","1,610","1,610","1,620","1,620","1,600","1,600",[note 5h],,,,,
LAUA,2021,2830,E07000155,South Northamptonshire,330,340,350,340,340,340,330,330,330,340,340,340,340,350,350,[note 5h],,,,,
CTYMET,[z],[z],E10000007,Derbyshire,"6,300","6,320","6,340","6,350","6,370","6,390","6,410","6,410","6,400","6,420","6,450","6,430","6,410","6,420","6,410",,,,,,
LAUA,[z],1005,E07000032,Amber Valley,"1,070","1,070","1,070","1,060","1,060","1,050","1,050","1,050","1,040","1,040","1,040","1,050","1,050","1,050","1,050",,,,,,
LAUA,[z],1010,E07000033,Bolsover,590,600,590,590,580,590,580,590,570,570,560,560,560,550,550,,,,,,
LAUA,[z],1015,E07000034,Chesterfield,"1,000","1,010","1,010","1,020","1,030","1,030","1,030","1,040","1,030","1,040","1,040","1,030","1,030","1,030","1,020",,,,,,
LAUA,[z],1045,E07000035,Derbyshire Dales,820,820,820,820,830,830,850,850,850,850,860,850,850,860,850,,,,,,
LAUA,[z],1025,E07000036,Erewash,930,930,940,940,940,940,950,950,950,940,950,940,940,940,930,,,,,,
LAUA,[z],1030,E07000037,High Peak,910,910,910,910,920,920,930,920,920,930,930,920,930,930,930,,,,,,
LAUA,[z],1035,E07000038,North East Derbyshire,530,530,540,540,540,550,550,550,560,560,580,580,580,580,580,,,,,,
LAUA,[z],1040,E07000039,South Derbyshire,450,460,460,460,480,480,480,470,480,490,490,490,490,490,500,,,,,,
CTYMET,[z],[z],E10000018,Leicestershire,"4,330","4,330","4,350","4,370","4,360","4,380","4,390","4,420","4,450","4,460","4,500","4,510","4,520","4,510","4,510",,,,,,
LAUA,[z],2405,E07000129,Blaby,410,410,410,420,420,420,430,440,440,420,430,440,450,450,450,,,,,,
LAUA,[z],2410,E07000130,Charnwood,"1,260","1,260","1,260","1,260","1,270","1,270","1,270","1,270","1,280","1,280","1,270","1,270","1,270","1,270","1,270",,,,,,
LAUA,[z],2415,E07000131,Harborough,570,560,570,580,580,580,570,570,570,580,590,600,600,600,600,,,,,,
LAUA,[z],2420,E07000132,Hinckley and Bosworth,690,690,700,700,690,700,710,710,720,730,740,740,740,740,750,,,,,,
LAUA,[z],2430,E07000133,Melton,330,330,330,330,330,330,340,340,340,350,360,360,360,350,350,,,,,,
LAUA,[z],2435,E07000134,North West Leicestershire,660,670,670,670,670,670,660,680,680,680,700,690,690,690,680,,,,,,
LAUA,[z],2440,E07000135,Oadby and Wigston,410,410,410,410,410,410,410,420,420,420,420,420,420,420,420,,,,,,
CTYMET,[z],[z],E10000019,Lincolnshire,"6,370","6,380","6,420","6,410","6,450","6,450","6,390","6,430","6,430","6,440","6,460","6,460","6,480","6,470","6,410",,,,,,
LAUA,[z],2505,E07000136,Boston,550,550,550,560,560,560,560,590,590,590,590,600,600,600,590,,,,,,
LAUA,[z],2510,E07000137,East Lindsey,"1,650","1,650","1,660","1,660","1,680","1,700","1,670","1,680","1,680","1,680","1,670","1,680","1,680","1,680","1,670",,,,,,
LAUA,[z],2515,E07000138,Lincoln,"1,130","1,120","1,130","1,110","1,110","1,110","1,090","1,090","1,090","1,090","1,100","1,090","1,090","1,090","1,060",,,,,,
LAUA,[z],2520,E07000139,North Kesteven,580,580,580,580,580,580,580,570,570,570,570,570,570,570,580,,,,,,
LAUA,[z],2525,E07000140,South Holland,700,700,700,710,710,710,700,700,700,700,700,700,710,710,710,,,,,,
LAUA,[z],2530,E07000141,South Kesteven,"1,180","1,190","1,190","1,200","1,200","1,190","1,180","1,190","1,190","1,200","1,200","1,200","1,200","1,200","1,190",,,,,,
LAUA,[z],2535,E07000142,West Lindsey,600,600,600,600,610,610,610,610,610,610,620,630,630,630,620,,,,,,
CTYMET,[z],[z],E10000024,Nottinghamshire,"6,090","6,070","6,080","6,080","6,080","6,100","6,120","6,110","6,100","6,100","6,140","6,170","6,150","6,170","6,160",,,,,,
LAUA,[z],3005,E07000170,Ashfield,"1,000",980,990,990,990,990,990,980,980,980,980,"1,000",980,990,980,,,,,,
LAUA,[z],3010,E07000171,Bassetlaw,960,960,960,970,970,980,980,970,970,970,970,970,960,970,970,,,,,,
LAUA,[z],3015,E07000172,Broxtowe,920,920,920,910,900,900,900,900,900,900,900,900,890,890,890,,,,,,
LAUA,[z],3020,E07000173,Gedling,760,750,750,750,750,760,760,760,760,760,770,780,790,800,800,,,,,,
LAUA,[z],3025,E07000174,Mansfield,910,910,910,910,910,910,910,920,920,930,930,930,920,920,910,,,,,,
LAUA,[z],3030,E07000175,Newark and Sherwood,910,920,930,930,930,930,940,930,930,930,940,940,930,940,930,,,,,,
LAUA,[z],3040,E07000176,Rushcliffe,630,630,630,630,630,630,640,640,640,640,650,660,670,670,670,,,,,,
REGL,[z],[z],E12000005,West Midlands,"48,140","48,200","48,310","48,580","48,840","49,270","49,400","49,550","49,600","49,680","50,050","50,090","50,080","49,850","49,700",,,,,,
LAUA,[z],1850,E06000019,"Herefordshire, County of UA","1,650","1,640","1,650","1,660","1,670","1,660","1,670","1,660","1,650","1,640","1,650","1,630","1,630","1,620","1,600",,,,,,
LAUA,[z],3245,E06000051,Shropshire UA,"2,920","2,910","2,930","2,930","2,940","2,960","2,960","2,940","2,920","2,890","2,880","2,870","2,860","2,870","2,840",,,,,,
LAUA,[z],3455,E06000021,Stoke-on-Trent UA,"2,730","2,710","2,710","2,690","2,700","2,720","2,720","2,730","2,730","2,700","2,710","2,690","2,680","2,680","2,670",,,,,,
LAUA,[z],3240,E06000020,Telford and Wrekin UA,"1,160","1,160","1,150","1,150","1,170","1,190","1,200","1,210","1,210","1,210","1,240","1,240","1,240","1,240","1,240",,,,,,
CTYMET,[z],[z],E10000028,Staffordshire,"6,450","6,450","6,450","6,520","6,540","6,560","6,580","6,630","6,610","6,600","6,640","6,730","6,710","6,680","6,680",,,,,,
LAUA,[z],3405,E07000192,Cannock Chase,900,890,900,940,950,950,940,960,960,950,950,"1,030","1,030","1,020","1,030",,,,,,
LAUA,[z],3410,E07000193,East Staffordshire,"1,050","1,060","1,070","1,080","1,100","1,110","1,110","1,110","1,110","1,110","1,120","1,120","1,120","1,130","1,130",,,,,,
LAUA,[z],3415,E07000194,Lichfield,680,680,680,690,690,690,700,700,700,690,690,690,680,680,680,,,,,,
LAUA,[z],3420,E07000195,Newcastle-under-Lyme,980,960,960,960,960,960,950,960,960,960,970,970,970,960,940,,,,,,
LAUA,[z],3430,E07000196,South Staffordshire,580,590,590,590,590,590,590,590,590,580,590,580,580,580,580,,,,,,
LAUA,[z],3425,E07000197,Stafford,990,990,980,990,990,980,990,"1,030","1,030","1,030","1,050","1,060","1,050","1,040","1,040",,,,,,
LAUA,[z],3435,E07000198,Staffordshire Moorlands,760,760,760,750,760,760,760,750,750,750,750,750,740,740,740,,,,,,
LAUA,[z],3445,E07000199,Tamworth,510,520,520,520,520,520,530,530,520,520,520,530,530,520,530,,,,,,
CTYMET,[z],[z],E10000031,Warwickshire,"4,260","4,280","4,280","4,280","4,290","4,300","4,290","4,300","4,290","4,300","4,310","4,290","4,290","4,280","4,260",,,,,,
LAUA,[z],3705,E07000218,North Warwickshire,400,410,410,410,410,410,410,410,400,400,410,410,410,410,410,,,,,,
LAUA,[z],3710,E07000219,Nuneaton and Bedworth,890,900,900,900,910,910,920,920,920,920,920,920,920,920,910,,,,,,
LAUA,[z],3715,E07000220,Rugby,660,670,670,670,670,690,690,700,700,690,690,690,680,680,680,,,,,,
LAUA,[z],3720,E07000221,Stratford-on-Avon,980,980,990,990,"1,000",990,980,980,970,990,980,980,980,970,970,,,,,,
LAUA,[z],3725,E07000222,Warwick,"1,330","1,330","1,320","1,310","1,310","1,310","1,300","1,310","1,300","1,300","1,300","1,290","1,300","1,300","1,290",,,,,,
CTYMET,[z],[z],E11000005,West Midlands (Met County),"24,670","24,730","24,810","25,030","25,200","25,550","25,640","25,730","25,810","25,950","26,240","26,260","26,290","26,140","26,080",,,,,,
LAUA,[z],4605,E08000025,Birmingham,"10,490","10,490","10,570","10,610","10,710","10,860","10,950","11,030","11,120","11,210","11,430","11,470","11,500","11,450","11,420",,,,,,
LAUA,[z],4610,E08000026,Coventry,"2,500","2,500","2,530","2,560","2,570","2,610","2,610","2,650","2,630","2,620","2,640","2,640","2,640","2,630","2,650",,,,,,
LAUA,[z],4615,E08000027,Dudley,"2,780","2,780","2,770","2,790","2,800","2,810","2,820","2,800","2,810","2,790","2,810","2,790","2,780","2,760","2,740",,,,,,
LAUA,[z],4620,E08000028,Sandwell,"2,760","2,770","2,770","2,800","2,830","2,850","2,870","2,910","2,920","2,920","2,930","2,940","2,960","2,950","2,930",,,,,,
LAUA,[z],4625,E08000029,Solihull,"1,400","1,410","1,400","1,460","1,470","1,580","1,570","1,540","1,540","1,520","1,510","1,500","1,500","1,470","1,460",,,,,,
LAUA,[z],4630,E08000030,Walsall,"2,360","2,380","2,400","2,400","2,390","2,400","2,390","2,410","2,410","2,470","2,490","2,500","2,490","2,470","2,470",,,,,,
LAUA,[z],4635,E08000031,Wolverhampton,"2,390","2,400","2,390","2,410","2,430","2,440","2,440","2,400","2,390","2,420","2,440","2,430","2,430","2,410","2,410",,,,,,
CTYMET,[z],[z],E10000034,Worcestershire,"4,300","4,310","4,320","4,320","4,330","4,330","4,340","4,360","4,390","4,390","4,380","4,380","4,380","4,340","4,330",,,,,,
LAUA,[z],1805,E07000234,Bromsgrove,600,600,610,610,610,610,620,610,630,630,630,620,630,620,620,,,,,,
LAUA,[z],1860,E07000235,Malvern Hills,520,530,520,520,530,540,530,530,540,540,550,540,540,540,540,,,,,,
LAUA,[z],1825,E07000236,Redditch,470,480,480,480,480,490,490,490,500,500,500,500,500,500,490,,,,,,
LAUA,[z],1835,E07000237,Worcester,"1,030","1,030","1,040","1,030","1,040","1,030","1,030","1,040","1,040","1,040","1,040","1,040","1,040","1,010","1,020",,,,,,
LAUA,[z],1840,E07000238,Wychavon,910,910,910,910,910,920,920,920,930,930,930,930,930,940,930,,,,,,
LAUA,[z],1845,E07000239,Wyre Forest,770,760,770,770,760,760,760,760,750,750,750,740,750,740,740,,,,,,
REGL,[z],[z],E12000006,East of England,"43,330","43,610","43,770","43,880","44,050","43,880","43,820","43,950","44,040","44,120","44,410","44,390","44,300","44,190","44,110",,,,,,
LAUA,[z],0235,E06000055,Bedford UA,"1,090","1,090","1,110","1,120","1,120","1,130","1,130","1,160","1,190","1,200","1,200","1,200","1,210","1,200","1,180",,,,,,
LAUA,[z],0240,E06000056,Central Bedfordshire UA,"1,500","1,490","1,490","1,480","1,480","1,480","1,490","1,510","1,510","1,530","1,540","1,560","1,550","1,560","1,560",,,,,,
LAUA,[z],0230,E06000032,Luton UA,"1,600","1,630","1,650","1,660","1,680","1,700","1,710","1,710","1,710","1,710","1,740","1,740","1,750","1,750","1,750",,,,,,
LAUA,[z],0540,E06000031,Peterborough UA,"1,310","1,400","1,420","1,420","1,430","1,440","1,460","1,470","1,480","1,500","1,510","1,410","1,420","1,420","1,430",,,,,,
LAUA,[z],1590,E06000033,Southend-on-Sea UA,"2,210","2,210","2,210","2,230","2,240","2,250","2,240","2,230","2,230","2,210","2,220","2,220","2,200","2,190","2,180",,,,,,
LAUA,[z],1595,E06000034,Thurrock UA,"1,180","1,160","1,160","1,160","1,200","1,200","1,200","1,220","1,210","1,200","1,200","1,200","1,200","1,200","1,200",,,,,,
CTYMET,[z],[z],E10000003,Cambridgeshire,"3,800","3,810","3,800","3,820","3,800","3,810","3,810","3,820","3,840","3,840","3,850","3,850","3,820","3,830","3,820",,,,,,
LAUA,[z],0505,E07000008,Cambridge,"1,190","1,190","1,180","1,180","1,180","1,190","1,170","1,170","1,160","1,140","1,140","1,140","1,130","1,120","1,120",,,,,,
LAUA,[z],0510,E07000009,East Cambridgeshire,400,400,400,400,400,400,400,400,400,400,400,390,390,400,400,,,,,,
LAUA,[z],0515,E07000010,Fenland,840,840,840,840,810,800,790,790,800,800,800,800,800,800,790,,,,,,
LAUA,[z],0520,E07000011,Huntingdonshire,930,940,940,950,960,960,980,990,"1,000","1,010","1,020","1,020","1,010","1,020","1,020",,,,,,
LAUA,[z],0530,E07000012,South Cambridgeshire,440,440,440,450,450,470,470,480,480,490,490,490,490,490,490,,,,,,
CTYMET,[z],[z],E10000012,Essex,"9,650","9,630","9,700","9,740","9,770","9,780","9,760","9,760","9,790","9,830","9,930","9,970","9,950","9,900","9,900",,,,,,
LAUA,[z],1505,E07000066,Basildon,"1,020","1,010","1,030","1,020","1,020","1,030","1,030","1,050","1,050","1,010","1,030","1,040","1,030","1,030","1,030",,,,,,
LAUA,[z],1510,E07000067,Braintree,970,970,980,990,"1,000","1,000",990,"1,000","1,000",990,"1,010","1,010","1,010","1,020","1,020",,,,,,
LAUA,[z],1515,E07000068,Brentwood,580,580,590,600,600,600,600,600,600,600,610,600,600,590,580,,,,,,
LAUA,[z],1520,E07000069,Castle Point,630,630,650,660,660,660,650,650,650,670,670,670,660,660,670,,,,,,
LAUA,[z],1525,E07000070,Chelmsford,"1,060","1,060","1,070","1,060","1,070","1,070","1,070","1,090","1,110","1,140","1,150","1,160","1,160","1,130","1,130",,,,,,
LAUA,[z],1530,E07000071,Colchester,"1,230","1,230","1,230","1,230","1,230","1,250","1,250","1,260","1,260","1,270","1,280","1,290","1,300","1,300","1,300",,,,,,
LAUA,[z],1535,E07000072,Epping Forest,930,930,920,920,920,930,930,930,940,940,940,960,960,950,940,,,,,,
LAUA,[z],1540,E07000073,Harlow,530,540,540,540,540,520,520,510,510,520,520,520,510,510,510,,,,,,
LAUA,[z],1545,E07000074,Maldon,420,430,430,430,440,440,430,430,440,450,450,450,450,450,450,,,,,,
LAUA,[z],1550,E07000075,Rochford,540,540,540,540,540,540,540,510,500,500,500,510,510,510,500,,,,,,
LAUA,[z],1560,E07000076,Tendring,"1,260","1,260","1,270","1,270","1,270","1,260","1,240","1,240","1,240","1,260","1,270","1,270","1,270","1,260","1,270",,,,,,
LAUA,[z],1570,E07000077,Uttlesford,460,470,480,480,490,490,500,490,490,490,500,500,500,500,510,,,,,,
CTYMET,[z],[z],E10000015,Hertfordshire,"7,950","8,130","8,110","8,100","8,140","7,900","7,860","7,860","7,860","7,850","7,830","7,800","7,830","7,800","7,780",,,,,,
LAUA,[z],1905,E07000095,Broxbourne,700,710,700,710,720,730,730,730,710,710,710,710,720,730,730,,,,,,
LAUA,[z],1910,E07000096,Dacorum,930,930,940,940,940,940,930,960,950,940,940,930,940,940,930,,,,,,
LAUA,[z],1915,E07000242,East Hertfordshire,960,960,960,950,960,960,970,980,990,"1,000",990,980,980,990,990,,,,,,
LAUA,[z],1920,E07000098,Hertsmere,700,690,690,700,700,700,700,700,700,700,710,700,700,700,700,,,,,,
LAUA,[z],1925,E07000099,North Hertfordshire,"1,000",990,990,980,970,970,960,950,960,970,970,970,960,960,970,,,,,,
LAUA,[z],1930,E07000240,St Albans,"1,010","1,010","1,000",990,990,"1,000","1,000",990,990,990,980,980,990,980,980,,,,,,
LAUA,[z],1935,E07000243,Stevenage,590,600,590,590,590,510,520,530,530,530,540,540,540,540,530,,,,,,
LAUA,[z],1940,E07000102,Three Rivers,450,450,450,440,440,450,440,430,430,420,390,390,400,390,390,,,,,,
LAUA,[z],1945,E07000103,Watford,970,"1,150","1,140","1,130","1,160",970,940,940,920,930,930,930,930,930,920,,,,,,
LAUA,[z],1950,E07000241,Welwyn Hatfield,640,640,660,670,670,680,670,660,670,670,670,670,670,650,650,,,,,,
CTYMET,[z],[z],E10000020,Norfolk,"7,310","7,300","7,320","7,350","7,300","7,310","7,300","7,350","7,340","7,360","7,440","7,450","7,420","7,400","7,390",,,,,,
LAUA,[z],2605,E07000143,Breckland,860,860,860,880,880,880,900,900,900,890,900,900,900,900,900,,,,,,
LAUA,[z],2610,E07000144,Broadland,540,540,540,550,560,560,570,590,590,600,610,620,620,620,620,,,,,,
LAUA,[z],2615,E07000145,Great Yarmouth,"1,070","1,070","1,080","1,080","1,070","1,080","1,050","1,050","1,050","1,050","1,060","1,050","1,060","1,050","1,060",,,,,,
LAUA,[z],2635,E07000146,King's Lynn and West Norfolk,"1,210","1,210","1,220","1,220","1,200","1,200","1,200","1,210","1,200","1,190","1,220","1,220","1,210","1,200","1,200",,,,,,
LAUA,[z],2620,E07000147,North Norfolk,"1,190","1,180","1,190","1,190","1,170","1,180","1,170","1,170","1,170","1,170","1,190","1,190","1,190","1,190","1,180",,,,,,
LAUA,[z],2625,E07000148,Norwich,"1,750","1,730","1,720","1,710","1,710","1,710","1,700","1,710","1,710","1,710","1,710","1,710","1,700","1,700","1,690",,,,,,
LAUA,[z],2630,E07000149,South Norfolk,690,700,710,720,720,720,720,730,730,740,740,760,750,750,750,,,,,,
CTYMET,[z],[z],E10000029,Suffolk,"5,750","5,760","5,800","5,820","5,880","5,870","5,860","5,870","5,880","5,900","5,950","5,990","5,960","5,930","5,910",,,,,,
LAUA,[z],3505,E07000200,Babergh,590,590,590,590,600,600,590,600,600,610,620,610,610,600,600,,,,,,
LAUA,[z],3540,E07000244,East Suffolk,"2,140","2,140","2,150","2,150","2,170","2,180","2,160","2,160","2,170","2,180","2,220","2,240","2,230","2,230","2,220",,,,,,
LAUA,[z],3515,E07000202,Ipswich,"1,240","1,250","1,260","1,280","1,290","1,270","1,270","1,270","1,260","1,260","1,270","1,260","1,250","1,240","1,240",,,,,,
LAUA,[z],3520,E07000203,Mid Suffolk,470,470,470,470,480,480,490,480,480,490,490,510,510,510,510,,,,,,
LAUA,[z],3545,E07000245,West Suffolk,"1,320","1,320","1,330","1,330","1,340","1,350","1,350","1,360","1,360","1,360","1,360","1,370","1,360","1,350","1,350",,,,,,
REGL,[z],[z],E12000007,London,"89,820","90,270","90,740","90,990","90,950","91,260","91,350","91,030","91,200","91,610","92,270","91,990","91,470","90,830","90,850",,,,,,
CTYMET,[z],[z],E13000001,Inner London,"43,700","44,110","44,330","44,490","44,590","44,680","44,730","44,800","44,910","45,100","45,600","45,410","45,140","44,900","44,870",,,,,,
LAUA,[z],5210,E09000007,Camden,"3,650","3,660","3,680","3,690","3,690","3,700","3,730","3,720","3,710","3,720","3,740","3,780","3,780","3,780","3,780",,,,,,
LAUA,[z],5030,E09000001,City of London,"1,230","1,290","1,280","1,290","1,300","1,310","1,310","1,310","1,330","1,320","1,290","1,280","1,240","1,180","1,130",,,,,,
LAUA,[z],5360,E09000012,Hackney,"2,740","2,790","2,800","2,820","2,840","2,850","2,860","2,880","2,870","2,890","2,930","2,920","2,940","2,940","2,920",,,,,,
LAUA,[z],5390,E09000013,Hammersmith and Fulham,"2,750","2,760","2,780","2,770","2,780","2,780","2,770","2,770","2,820","2,830","2,830","2,850","2,840","2,840","2,820",,,,,,
LAUA,[z],5420,E09000014,Haringey,"2,910","2,910","2,930","2,920","2,930","2,930","2,930","2,950","2,950","2,950","2,940","2,920","2,910","2,900","2,900",,,,,,
LAUA,[z],5570,E09000019,Islington,"2,920","2,940","2,940","2,960","2,950","2,960","2,960","2,980","2,990","2,980","3,020","3,030","3,020","3,010","3,020",,,,,,
LAUA,[z],5600,E09000020,Kensington and Chelsea,"2,860","2,860","2,860","2,870","2,880","2,880","2,880","2,880","2,880","2,910","3,160","3,130","3,090","3,010","2,960",,,,,,
LAUA,[z],5660,E09000022,Lambeth,"3,020","3,020","3,030","3,050","3,050","3,080","3,050","3,050","3,040","3,080","3,110","3,100","3,050","3,030","3,080",,,,,,
LAUA,[z],5690,E09000023,Lewisham,"2,690","2,690","2,710","2,720","2,700","2,690","2,730","2,740","2,740","2,750","2,740","2,730","2,710","2,700","2,690",,,,,,
LAUA,[z],5750,E09000025,Newham,"3,050","3,320","3,430","3,480","3,490","3,550","3,570","3,570","3,590","3,640","3,690","3,690","3,700","3,690","3,720",,,,,,
LAUA,[z],5840,E09000028,Southwark,"2,940","2,960","2,970","2,970","2,990","2,970","2,950","2,980","2,990","3,040","3,130","3,070","3,060","3,050","3,080",,,,,,
LAUA,[z],5900,E09000030,Tower Hamlets,"3,140","3,150","3,170","3,220","3,250","3,230","3,260","3,250","3,260","3,280","3,320","3,330","3,330","3,350","3,370",,,,,,
LAUA,[z],5960,E09000032,Wandsworth,"3,020","3,000","3,010","3,010","3,010","3,010","3,000","3,000","3,000","2,990","3,040","3,010","2,990","3,070","3,070",,,,,,
LAUA,[z],5990,E09000033,Westminster,"6,800","6,780","6,750","6,720","6,730","6,750","6,740","6,740","6,730","6,720","6,660","6,600","6,470","6,370","6,340",,,,,,
CTYMET,[z],[z],E13000002,Outer London,"46,120","46,170","46,420","46,500","46,360","46,580","46,620","46,230","46,290","46,510","46,680","46,580","46,330","45,930","45,980",,,,,,
LAUA,[z],5060,E09000002,Barking and Dagenham,"1,430","1,430","1,420","1,430","1,440","1,430","1,420","1,430","1,440","1,440","1,450","1,450","1,460","1,450","1,450",,,,,,
LAUA,[z],5090,E09000003,Barnet,"3,480","3,480","3,510","3,510","3,490","3,490","3,500","3,480","3,500","3,490","3,500","3,500","3,490","3,490","3,470",,,,,,
LAUA,[z],5120,E09000004,Bexley,"1,900","1,880","1,860","1,860","1,860","1,850","1,850","1,860","1,850","1,850","1,840","1,840","1,830","1,830","1,830",,,,,,
LAUA,[z],5150,E09000005,Brent,"2,890","2,890","2,910","2,990","2,990","3,050","3,070","3,140","3,150","3,280","3,300","3,300","3,290","3,280","3,320",,,,,,
LAUA,[z],5180,E09000006,Bromley,"2,960","2,960","2,950","2,950","2,950","2,940","2,940","2,910","2,890","2,880","2,870","2,860","2,850","2,830","2,820",,,,,,
LAUA,[z],5240,E09000008,Croydon,"3,500","3,500","3,500","3,480","3,490","3,490","3,480","3,520","3,520","3,470","3,480","3,460","3,430","3,420","3,420",,,,,,
LAUA,[z],5270,E09000009,Ealing,"3,460","3,480","3,550","3,570","3,600","3,630","3,640","3,640","3,640","3,700","3,710","3,690","3,670","3,620","3,650",,,,,,
LAUA,[z],5300,E09000010,Enfield,"2,680","2,680","2,710","2,700","2,680","2,670","2,670","2,690","2,680","2,690","2,700","2,650","2,600","2,560","2,560",,,,,,
LAUA,[z],5330,E09000011,Greenwich,"1,910","1,910","1,910","1,910","1,900","1,920","1,920","1,960","2,010","2,070","2,100","2,150","2,160","2,130","2,140",,,,,,
LAUA,[z],5450,E09000015,Harrow,"2,000","2,010","2,030","2,020","2,030","2,030","2,030","2,030","2,030","2,020","2,050","2,040","2,040","2,030","2,040",,,,,,
LAUA,[z],5480,E09000016,Havering,"2,210","2,210","2,220","2,230","2,240","2,240","2,240","2,250","2,260","2,250","2,240","2,230","2,230","2,220","2,220",,,,,,
LAUA,[z],5510,E09000017,Hillingdon,"3,170","3,200","3,220","3,160","3,070","3,190","3,200","2,650","2,620","2,650","2,680","2,670","2,650","2,530","2,510",,,,,,
LAUA,[z],5540,E09000018,Hounslow,"1,990","2,000","2,020","2,020","2,030","2,040","2,030","2,050","2,050","2,040","2,040","2,070","2,070","2,070","2,070",,,,,,
LAUA,[z],5630,E09000021,Kingston upon Thames,"1,530","1,530","1,540","1,540","1,540","1,530","1,530","1,530","1,530","1,520","1,520","1,500","1,490","1,460","1,460",,,,,,
LAUA,[z],5720,E09000024,Merton,"1,740","1,730","1,740","1,750","1,740","1,720","1,730","1,730","1,730","1,720","1,720","1,690","1,660","1,640","1,630",,,,,,
LAUA,[z],5780,E09000026,Redbridge,"2,540","2,540","2,580","2,610","2,610","2,640","2,650","2,640","2,660","2,670","2,700","2,710","2,660","2,660","2,670",,,,,,
LAUA,[z],5810,E09000027,Richmond upon Thames,"2,040","2,030","2,040","2,040","2,040","2,040","2,040","2,050","2,050","2,060","2,060","2,050","2,050","2,040","2,040",,,,,,
LAUA,[z],5870,E09000029,Sutton,"1,820","1,810","1,810","1,820","1,780","1,770","1,760","1,750","1,750","1,760","1,760","1,750","1,740","1,740","1,740",,,,,,
LAUA,[z],5930,E09000031,Waltham Forest,"2,890","2,900","2,900","2,920","2,910","2,910","2,920","2,920","2,940","2,960","2,970","2,990","2,960","2,930","2,940",,,,,,
REGL,[z],[z],E12000008,South East,"67,860","67,890","67,940","67,900","67,830","67,860","67,890","68,060","67,940","68,140","68,280","68,060","67,700","67,000","66,850",,,,,,
LAUA,[z],0335,E06000036,Bracknell Forest UA,560,560,560,490,510,520,530,560,550,550,560,560,560,560,550,,,,,,
LAUA,[z],1445,E06000043,Brighton and Hove UA,"3,390","3,400","3,410","3,400","3,320","3,300","3,310","3,290","3,280","3,270","3,250","3,240","3,220","3,190","3,190",,,,,,
LAUA,[z],0440,E06000060,Buckinghamshire UA,"3,360","3,350","3,340","3,320","3,320","3,310","3,320","3,310","3,310","3,390","3,400","3,380","3,360","3,340","3,340",[note 5i],,,,,
LAUA,2019,0405,E07000004,Aylesbury Vale,900,910,890,890,890,890,900,900,900,920,930,930,940,940,940,[note 5i],,,,,
LAUA,2019,0415,E07000005,Chiltern,710,710,710,710,710,700,700,700,700,700,700,690,680,670,670,[note 5i],,,,,
LAUA,2019,0410,E07000006,South Bucks,570,560,560,540,540,540,540,550,550,560,550,550,550,540,550,[note 5i],,,,,
LAUA,2019,0425,E07000007,Wycombe,"1,180","1,170","1,180","1,190","1,180","1,190","1,180","1,170","1,170","1,210","1,210","1,210","1,200","1,180","1,180",[note 5i],,,,,
LAUA,[z],2100,E06000046,Isle of Wight UA,"1,640","1,650","1,650","1,660","1,670","1,660","1,640","1,630","1,620","1,600","1,620","1,610","1,600","1,590","1,570",,,,,,
LAUA,[z],2280,E06000035,Medway UA,"1,940","1,940","1,940","1,940","1,930","1,920","1,920","1,920","1,920","1,910","1,910","1,900","1,870","1,860","1,850",,,,,,
LAUA,[z],0435,E06000042,Milton Keynes UA,"1,520","1,530","1,530","1,520","1,520","1,570","1,580","1,600","1,610","1,620","1,670","1,660","1,640","1,620","1,630",,,,,,
LAUA,[z],1775,E06000044,Portsmouth UA,"2,030","2,030","2,020","2,030","2,020","2,020","2,030","2,060","2,060","2,050","2,050","2,060","2,050","2,030","2,030",,,,,,
LAUA,[z],0345,E06000038,Reading UA,"1,530","1,530","1,530","1,520","1,530","1,520","1,540","1,550","1,550","1,530","1,500","1,490","1,490","1,470","1,460",,,,,,
LAUA,[z],0350,E06000039,Slough UA,940,940,930,940,950,970,980,990,"1,000","1,020","1,010","1,030","1,020",980,980,,,,,,
LAUA,[z],1780,E06000045,Southampton UA,"2,090","2,080","2,080","2,060","2,080","2,080","2,080","2,080","2,040","2,040","2,040","2,030","2,030","2,000","2,000",,,,,,
LAUA,[z],0340,E06000037,West Berkshire UA,870,890,900,900,890,900,900,920,920,960,960,960,960,950,950,,,,,,
LAUA,[z],0355,E06000040,Windsor and Maidenhead UA,"1,330","1,320","1,310","1,310","1,320","1,320","1,320","1,320","1,300","1,300","1,290","1,280","1,270","1,260","1,250",,,,,,
LAUA,[z],0360,E06000041,Wokingham UA,550,550,560,560,560,560,560,550,540,560,580,580,580,580,580,,,,,,
CTYMET,[z],[z],E10000011,East Sussex,"5,000","4,990","5,010","5,010","5,010","5,010","5,020","5,030","5,030","5,030","5,030","5,010","4,990","4,940","4,930",,,,,,
LAUA,[z],1410,E07000061,Eastbourne,"1,110","1,110","1,110","1,100","1,110","1,110","1,120","1,090","1,100","1,100","1,100","1,090","1,090","1,090","1,090",,,,,,
LAUA,[z],1415,E07000062,Hastings,"1,050","1,040","1,040","1,040","1,050","1,050","1,040","1,070","1,070","1,080","1,080","1,070","1,060","1,050","1,040",,,,,,
LAUA,[z],1425,E07000063,Lewes,760,760,760,760,760,760,760,760,760,760,750,750,750,740,740,,,,,,
LAUA,[z],1430,E07000064,Rother,990,980,980,980,980,980,980,990,990,990,990,990,990,980,980,,,,,,
LAUA,[z],1435,E07000065,Wealden,"1,090","1,100","1,120","1,130","1,120","1,120","1,120","1,120","1,110","1,110","1,110","1,110","1,100","1,080","1,090",,,,,,
CTYMET,[z],[z],E10000014,Hampshire,"8,730","8,700","8,740","8,820","8,840","8,850","8,830","8,870","8,870","8,870","8,910","8,860","8,860","8,800","8,790",,,,,,
LAUA,[z],1705,E07000084,Basingstoke and Deane,730,740,750,750,750,760,760,760,760,750,760,760,750,740,740,,,,,,
LAUA,[z],1710,E07000085,East Hampshire,770,780,790,800,810,820,820,830,830,830,820,840,860,850,850,,,,,,
LAUA,[z],1715,E07000086,Eastleigh,720,710,710,710,710,700,700,710,710,710,720,720,710,710,710,,,,,,
LAUA,[z],1720,E07000087,Fareham,650,650,650,650,650,660,660,670,670,670,680,670,670,670,670,,,,,,
LAUA,[z],1725,E07000088,Gosport,620,630,630,640,630,630,630,620,620,620,630,630,620,610,610,,,,,,
LAUA,[z],1730,E07000089,Hart,520,520,510,510,510,500,510,510,510,510,510,510,520,510,520,,,,,,
LAUA,[z],1735,E07000090,Havant,940,940,940,950,960,960,960,960,960,960,970,960,950,950,950,,,,,,
LAUA,[z],1740,E07000091,New Forest,"1,580","1,590","1,580","1,570","1,580","1,590","1,580","1,580","1,570","1,570","1,570","1,570","1,570","1,560","1,560",,,,,,
LAUA,[z],1750,E07000092,Rushmoor,790,790,790,790,800,790,780,780,780,780,770,740,740,740,740,,,,,,
LAUA,[z],1760,E07000093,Test Valley,630,630,650,650,660,660,650,650,660,670,680,680,680,680,680,,,,,,
LAUA,[z],1765,E07000094,Winchester,780,730,730,790,790,800,800,800,800,800,800,780,780,780,770,,,,,,
CTYMET,[z],[z],E10000016,Kent,"12,100","12,170","12,180","12,210","12,180","12,180","12,180","12,150","12,140","12,150","12,210","12,230","12,180","12,040","12,030",,,,,,
LAUA,[z],2205,E07000105,Ashford,870,870,870,880,880,880,890,890,890,920,970,980,980,970,970,,,,,,
LAUA,[z],2210,E07000106,Canterbury,"1,310","1,320","1,330","1,340","1,340","1,350","1,380","1,360","1,360","1,360","1,370","1,380","1,370","1,360","1,390",,,,,,
LAUA,[z],2215,E07000107,Dartford,970,960,960,950,960,960,950,950,930,920,920,920,910,900,880,,,,,,
LAUA,[z],2220,E07000108,Dover,910,910,910,910,900,910,900,890,910,910,910,900,900,890,890,,,,,,
LAUA,[z],2250,E07000112,Folkestone and Hythe,"1,020","1,060","1,050","1,050","1,060","1,060","1,060","1,060","1,050","1,060","1,060","1,060","1,050","1,050","1,040",,,,,,
LAUA,[z],2230,E07000109,Gravesham,770,770,770,770,770,770,770,770,770,770,770,770,770,770,780,,,,,,
LAUA,[z],2235,E07000110,Maidstone,"1,050","1,050","1,060","1,060","1,050","1,060","1,040","1,030","1,030","1,040","1,040","1,040","1,050","1,040","1,030",,,,,,
LAUA,[z],2245,E07000111,Sevenoaks,850,850,860,850,840,830,830,830,830,840,840,830,830,820,820,,,,,,
LAUA,[z],2255,E07000113,Swale,940,950,960,970,990,990,980,990,990,980,990,990,990,980,980,,,,,,
LAUA,[z],2260,E07000114,Thanet,"1,560","1,570","1,570","1,590","1,570","1,580","1,570","1,570","1,560","1,550","1,560","1,570","1,550","1,530","1,520",,,,,,
LAUA,[z],2265,E07000115,Tonbridge and Malling,660,650,660,660,660,650,650,650,650,660,650,650,650,640,630,,,,,,
LAUA,[z],2270,E07000116,Tunbridge Wells,"1,200","1,200","1,200","1,190","1,180","1,170","1,170","1,160","1,160","1,160","1,150","1,150","1,130","1,120","1,110",,,,,,
CTYMET,[z],[z],E10000025,Oxfordshire,"4,700","4,690","4,680","4,670","4,660","4,650","4,640","4,720","4,760","4,770","4,820","4,770","4,750","4,690","4,680",,,,,,
LAUA,[z],3105,E07000177,Cherwell,"1,090","1,090","1,090","1,090","1,080","1,090","1,090","1,120","1,140","1,150","1,180","1,190","1,190","1,190","1,190",,,,,,
LAUA,[z],3110,E07000178,Oxford,"1,330","1,330","1,320","1,320","1,320","1,300","1,290","1,350","1,390","1,380","1,360","1,300","1,280","1,230","1,220",,,,,,
LAUA,[z],3115,E07000179,South Oxfordshire,890,890,890,880,880,890,870,870,870,880,890,900,900,890,890,,,,,,
LAUA,[z],3120,E07000180,Vale of White Horse,660,660,650,660,660,650,650,650,640,630,650,650,640,650,650,,,,,,
LAUA,[z],3125,E07000181,West Oxfordshire,730,730,720,730,730,730,730,720,730,730,740,740,740,740,730,,,,,,
CTYMET,[z],[z],E10000030,Surrey,"8,900","8,870","8,890","8,830","8,850","8,840","8,850","8,820","8,770","8,780","8,730","8,700","8,640","8,550","8,520",,,,,,
LAUA,[z],3605,E07000207,Elmbridge,"1,200","1,200","1,190","1,190","1,190","1,200","1,190","1,180","1,170","1,180","1,180","1,180","1,170","1,160","1,160",,,,,,
LAUA,[z],3610,E07000208,Epsom and Ewell,640,640,650,600,600,600,600,610,610,600,600,610,600,600,600,,,,,,
LAUA,[z],3615,E07000209,Guildford,930,910,920,920,920,910,940,930,900,900,890,890,880,870,870,,,,,,
LAUA,[z],3620,E07000210,Mole Valley,710,710,700,700,700,690,690,700,700,700,700,700,680,680,670,,,,,,
LAUA,[z],3625,E07000211,Reigate and Banstead,"1,110","1,100","1,110","1,100","1,100","1,110","1,130","1,110","1,100","1,100","1,070","1,060","1,060","1,050","1,040",,,,,,
LAUA,[z],3630,E07000212,Runnymede,500,500,500,500,510,500,500,510,510,510,510,510,510,510,510,,,,,,
LAUA,[z],3635,E07000213,Spelthorne,810,810,810,810,810,810,800,790,800,800,790,790,790,790,780,,,,,,
LAUA,[z],3640,E07000214,Surrey Heath,580,580,580,580,580,590,590,600,600,600,600,600,610,590,590,,,,,,
LAUA,[z],3645,E07000215,Tandridge,620,620,620,620,620,620,620,620,610,610,620,620,610,600,600,,,,,,
LAUA,[z],3650,E07000216,Waverley,"1,030","1,030","1,030","1,020","1,030","1,020","1,020","1,010","1,000","1,010","1,010","1,000",970,960,960,,,,,,
LAUA,[z],3655,E07000217,Woking,780,780,780,780,790,790,790,780,780,770,760,760,770,740,730,,,,,,
CTYMET,[z],[z],E10000032,West Sussex,"6,710","6,700","6,700","6,710","6,680","6,680","6,690","6,690","6,670","6,740","6,770","6,720","6,630","6,550","6,540",,,,,,
LAUA,[z],3805,E07000223,Adur,490,490,490,490,480,480,480,480,480,470,470,470,470,470,470,,,,,,
LAUA,[z],3810,E07000224,Arun,"1,370","1,370","1,380","1,380","1,380","1,370","1,370","1,380","1,370","1,370","1,360","1,360","1,320","1,320","1,310",,,,,,
LAUA,[z],3815,E07000225,Chichester,"1,060","1,050","1,040","1,050","1,050","1,040","1,050","1,050","1,060","1,110","1,120","1,100","1,090","1,030","1,030",,,,,,
LAUA,[z],3820,E07000226,Crawley,590,600,590,590,580,590,580,590,600,620,620,590,580,580,580,,,,,,
LAUA,[z],3825,E07000227,Horsham,880,880,880,880,880,880,880,870,870,860,860,860,850,850,850,,,,,,
LAUA,[z],3830,E07000228,Mid Sussex,"1,020","1,020","1,020","1,020","1,020","1,020","1,020","1,020","1,020","1,020","1,030","1,030","1,030","1,020","1,020",,,,,,
LAUA,[z],3835,E07000229,Worthing,"1,310","1,310","1,310","1,310","1,300","1,300","1,300","1,300","1,290","1,290","1,300","1,300","1,290","1,280","1,270",,,,,,
REGL,[z],[z],E12000009,South West,"47,530","47,560","47,570","47,640","47,690","47,660","47,640","47,620","47,680","47,660","47,890","47,790","47,690","47,470","47,330",,,,,,
LAUA,[z],0114,E06000022,Bath and North East Somerset UA,"1,730","1,750","1,740","1,730","1,720","1,730","1,720","1,710","1,710","1,710","1,710","1,690","1,680","1,670","1,670",,,,,,
LAUA,[z],1260,E06000058,"Bournemouth, Christchurch and Poole UA","4,250","4,240","4,240","4,240","4,250","4,230","4,230","4,230","4,300","4,310","4,310","4,290","4,260","4,170","4,160",[note 5j],,,,,
LAUA,2019,1250,E06000028,Bournemouth UA,"2,530","2,520","2,520","2,520","2,520","2,500","2,500","2,500","2,500","2,490","2,490","2,480","2,470","2,470","2,460",[note 5j],,,,,
LAUA,2019,1210,E07000048,Christchurch,510,500,500,500,500,500,500,500,580,590,590,590,580,490,490,[note 5j],,,,,
LAUA,2019,1255,E06000029,Poole UA,"1,210","1,210","1,210","1,220","1,230","1,230","1,230","1,240","1,230","1,240","1,240","1,220","1,210","1,210","1,210",[note 5j],,,,,
LAUA,[z],0116,E06000023,"Bristol, City of UA","4,650","4,660","4,660","4,670","4,670","4,650","4,650","4,640","4,620","4,610","4,600","4,560","4,540","4,520","4,490",,,,,,
LAUA,[z],0840,E06000052,Cornwall UA,"5,790","5,780","5,800","5,790","5,790","5,790","5,790","5,790","5,810","5,800","5,850","5,860","5,850","5,820","5,820",,,,,,
LAUA,[z],1265,E06000059,Dorset UA,"3,180","3,200","3,200","3,220","3,240","3,240","3,240","3,250","3,260","3,270","3,280","3,280","3,270","3,250","3,250",[note 5k],,,,,
LAUA,2019,1240,E07000049,East Dorset,520,520,520,510,510,510,510,510,510,510,510,520,510,500,500,[note 5k],,,,,
LAUA,2019,1215,E07000050,North Dorset,530,530,530,540,540,550,540,540,540,530,530,530,530,530,530,[note 5k],,,,,
LAUA,2019,1225,E07000051,Purbeck,380,380,380,380,390,390,380,380,390,390,390,390,390,380,380,[note 5k],,,,,
LAUA,2019,1230,E07000052,West Dorset,"1,060","1,070","1,080","1,090","1,110","1,110","1,130","1,130","1,130","1,150","1,160","1,160","1,150","1,150","1,140",[note 5k],,,,,
LAUA,2019,1235,E07000053,Weymouth and Portland,690,700,700,700,700,690,690,690,700,690,690,690,700,700,690,[note 5k],,,,,
LAUA,[z],0835,E06000053,Isles of Scilly UA,50,50,50,50,50,50,40,50,50,50,50,50,50,50,50,,,,,,
LAUA,[z],0121,E06000024,North Somerset UA,"1,510","1,500","1,490","1,490","1,490","1,490","1,490","1,490","1,480","1,480","1,480","1,480","1,480","1,470","1,470",,,,,,
LAUA,[z],1160,E06000026,Plymouth UA,"1,990","1,970","1,970","1,970","2,000","1,990","2,010","1,990","1,990","1,990","1,990","1,970","1,970","1,970","1,960",,,,,,
LAUA,[z],3335,E06000066,Somerset UA,"4,390","4,390","4,400","4,410","4,400","4,390","4,380","4,380","4,360","4,370","4,440","4,430","4,450","4,460","4,440",[note 5l],,,,,
LAUA,2023,3305,E07000187,Mendip,"1,030","1,030","1,040","1,040","1,030","1,030","1,030","1,030","1,040","1,040","1,050","1,050","1,060","1,070","1,060",[note 5l],,,,,
LAUA,2023,3310,E07000188,Sedgemoor,850,850,850,860,850,850,850,850,850,850,870,860,870,870,870,[note 5l],,,,,
LAUA,2023,3330,E07000246,Somerset West and Taunton,"1,290","1,300","1,300","1,310","1,310","1,300","1,290","1,290","1,280","1,280","1,290","1,280","1,300","1,300","1,290",,,,,,
LAUA,2023,3325,E07000189,South Somerset,"1,220","1,210","1,210","1,200","1,200","1,210","1,210","1,200","1,200","1,200","1,230","1,240","1,230","1,230","1,220",[note 5l],,,,,
LAUA,[z],0119,E06000025,South Gloucestershire UA,"1,480","1,480","1,480","1,490","1,500","1,510","1,530","1,550","1,560","1,570","1,580","1,580","1,560","1,550","1,550",,,,,,
LAUA,[z],3935,E06000030,Swindon UA,"1,310","1,320","1,330","1,320","1,340","1,350","1,340","1,350","1,350","1,370","1,370","1,370","1,360","1,330","1,330",,,,,,
LAUA,[z],1165,E06000027,Torbay UA,"1,830","1,840","1,830","1,830","1,830","1,830","1,790","1,780","1,780","1,780","1,790","1,780","1,780","1,780","1,740",,,,,,
LAUA,[z],3940,E06000054,Wiltshire UA,"3,200","3,210","3,220","3,220","3,230","3,220","3,250","3,250","3,250","3,240","3,250","3,240","3,230","3,230","3,220",,,,,,
CTYMET,[z],[z],E10000008,Devon,"7,220","7,220","7,230","7,250","7,240","7,240","7,260","7,250","7,250","7,240","7,270","7,290","7,280","7,270","7,290",,,,,,
LAUA,[z],1105,E07000040,East Devon,"1,290","1,290","1,280","1,290","1,290","1,290","1,290","1,290","1,290","1,290","1,290","1,300","1,310","1,310","1,310",,,,,,
LAUA,[z],1110,E07000041,Exeter,"1,190","1,180","1,200","1,210","1,210","1,220","1,220","1,210","1,210","1,190","1,190","1,190","1,200","1,200","1,210",,,,,,
LAUA,[z],1135,E07000042,Mid Devon,530,530,530,540,540,530,530,530,530,530,540,560,550,550,550,,,,,,
LAUA,[z],1115,E07000043,North Devon,"1,170","1,170","1,160","1,160","1,140","1,140","1,140","1,150","1,150","1,150","1,150","1,150","1,140","1,130","1,130",,,,,,
LAUA,[z],1125,E07000044,South Hams,890,900,900,900,900,910,900,900,910,910,920,920,920,930,940,,,,,,
LAUA,[z],1130,E07000045,Teignbridge,"1,030","1,030","1,030","1,020","1,020","1,020","1,050","1,040","1,050","1,050","1,050","1,050","1,050","1,050","1,050",,,,,,
LAUA,[z],1145,E07000046,Torridge,620,620,630,630,630,620,630,620,620,620,630,620,620,620,620,,,,,,
LAUA,[z],1150,E07000047,West Devon,510,510,510,510,510,500,500,500,500,500,500,500,500,490,500,,,,,,
CTYMET,[z],[z],E10000013,Gloucestershire,"4,960","4,960","4,960","4,970","4,970","4,960","4,930","4,910","4,910","4,900","4,940","4,930","4,920","4,920","4,920",,,,,,
LAUA,[z],1605,E07000078,Cheltenham,"1,200","1,190","1,190","1,190","1,180","1,170","1,160","1,110","1,120","1,110","1,130","1,130","1,120","1,120","1,110",,,,,,
LAUA,[z],1610,E07000079,Cotswold,910,900,910,910,920,920,910,920,920,910,920,920,920,910,910,,,,,,
LAUA,[z],1615,E07000080,Forest of Dean,580,580,580,570,560,570,560,560,560,560,560,560,550,550,550,,,,,,
LAUA,[z],1620,E07000081,Gloucester,"1,040","1,050","1,050","1,050","1,060","1,070","1,060","1,080","1,080","1,090","1,090","1,090","1,080","1,080","1,080",,,,,,
LAUA,[z],1625,E07000082,Stroud,810,810,810,810,820,820,810,810,800,800,800,800,800,810,820,,,,,,
LAUA,[z],1630,E07000083,Tewkesbury,420,430,430,430,430,430,430,430,430,430,440,440,440,450,450,,,,,,
NATL,[z],[z],W92000004,Wales,"29,000","29,060","29,120","29,210","29,240","29,290","29,360","29,430","29,450","29,430","29,650","29,630","29,510","29,310","29,270",,,,,,
LAUA,[z],6805,W06000001,Isle of Anglesey / Ynys Môn,680,690,690,700,700,690,700,700,700,700,700,700,700,690,690,,,,,,
LAUA,[z],6810,W06000002,Gwynedd / Gwynedd,"1,680","1,670","1,660","1,660","1,660","1,650","1,640","1,650","1,650","1,640","1,650","1,650","1,640","1,640","1,640",,,,,,
LAUA,[z],6905,W06000003,Conwy / Conwy,"1,500","1,490","1,490","1,480","1,480","1,480","1,470","1,470","1,470","1,470","1,480","1,480","1,490","1,480","1,470",,,,,,
LAUA,[z],6830,W06000004,Denbighshire / Sir Ddinbych,"1,210","1,200","1,210","1,220","1,220","1,230","1,220","1,230","1,230","1,210","1,220","1,220","1,200","1,200","1,200",,,,,,
LAUA,[z],6835,W06000005,Flintshire / Sir y Fflint,"1,140","1,150","1,140","1,150","1,140","1,150","1,160","1,170","1,170","1,160","1,160","1,160","1,160","1,160","1,160",,,,,,
LAUA,[z],6955,W06000006,Wrexham / Wrecsam,"1,000","1,010","1,020","1,010","1,020","1,020","1,030","1,020","1,020","1,020","1,010","1,020","1,010","1,010","1,000",,,,,,
LAUA,[z],6820,W06000008,Ceredigion / Ceredigion,860,860,860,870,870,880,890,890,890,920,940,950,940,910,920,,,,,,
LAUA,[z],6845,W06000009,Pembrokeshire / Sir Benfro,"1,380","1,380","1,380","1,390","1,390","1,390","1,390","1,380","1,370","1,370","1,380","1,390","1,380","1,370","1,370",,,,,,
LAUA,[z],6825,W06000010,Carmarthenshire / Sir Gaerfyrddin,"1,700","1,710","1,700","1,720","1,720","1,720","1,730","1,730","1,750","1,760","1,770","1,770","1,770","1,760","1,770",,,,,,
LAUA,[z],6855,W06000011,Swansea / Abertawe,"2,130","2,150","2,150","2,180","2,170","2,170","2,200","2,210","2,190","2,190","2,210","2,200","2,210","2,180","2,180",,,,,,
LAUA,[z],6930,W06000012,Neath Port Talbot / Castell-nedd Port Talbot,"1,120","1,120","1,120","1,120","1,120","1,120","1,110","1,110","1,100","1,110","1,110","1,100","1,100","1,120","1,110",,,,,,
LAUA,[z],6915,W06000013,Bridgend / Pen-y-bont ar Ogwr,"1,220","1,220","1,220","1,220","1,220","1,230","1,240","1,230","1,230","1,230","1,250","1,260","1,250","1,250","1,240",,,,,,
LAUA,[z],6950,W06000014,Vale of Glamorgan / Bro Morgannwg,"1,100","1,110","1,100","1,100","1,110","1,110","1,110","1,100","1,100","1,100","1,160","1,160","1,160","1,160","1,160",,,,,,
LAUA,[z],6815,W06000015,Cardiff / Caerdydd,"3,260","3,290","3,300","3,290","3,300","3,330","3,320","3,330","3,320","3,310","3,300","3,300","3,280","3,240","3,220",,,,,,
LAUA,[z],6940,W06000016,Rhondda Cynon Taf / Rhondda Cynon Taf,"2,110","2,090","2,120","2,120","2,110","2,110","2,110","2,120","2,130","2,150","2,150","2,140","2,130","2,110","2,110",,,,,,
LAUA,[z],6920,W06000018,Caerphilly / Caerffili,"1,400","1,400","1,390","1,420","1,400","1,400","1,390","1,410","1,400","1,410","1,410","1,410","1,410","1,400","1,420",,,,,,
LAUA,[z],6910,W06000019,Blaenau Gwent / Blaenau Gwent,780,770,770,760,770,770,770,770,760,760,780,780,770,730,730,,,,,,
LAUA,[z],6945,W06000020,Torfaen / Tor-faen,690,700,700,700,700,700,710,710,710,710,720,720,720,720,720,,,,,,
LAUA,[z],6840,W06000021,Monmouthshire / Sir Fynwy,830,830,830,840,840,840,850,850,860,860,860,860,860,860,850,,,,,,
LAUA,[z],6935,W06000022,Newport / Casnewydd,"1,260","1,290","1,300","1,300","1,310","1,320","1,340","1,350","1,350","1,350","1,350","1,350","1,340","1,340","1,330",,,,,,
LAUA,[z],6850,W06000023,Powys / Powys,"1,420","1,420","1,430","1,430","1,440","1,440","1,440","1,460","1,460","1,440","1,460","1,440","1,440","1,440","1,440",,,,,,
LAUA,[z],6925,W06000024,Merthyr Tydfil / Merthyr Tudful,550,550,550,550,550,540,550,560,570,570,580,570,560,560,560,,,,,,
,,,,,,,,,,,,,,,,,,,,,,,,,
,,,,,,,,,,,,,,,,,,,,,,,,,
,,,,,,,,,,,,,,,,,,,,,,,,,
