"Table SOP6.1: Industry Sector - number of rateable properties, by administrative area and financial year [note 1a]",,,,,,,,,,,,,,,,,,,,,,,,,
This worksheet contains one table. Some cells refer to notes which can be found in a table on the Notes worksheet.,,,,,,,,,,,,,,,,,,,,,,,,,
Cells which contain [z] mean the data point is not applicable.,,,,,,,,,,,,,,,,,,,,,,,,,
Cells which contain [c] mean the data point is between 1 and 4 and has been suppressed.,,,,,,,,,,,,,,,,,,,,,,,,,
"This table includes all Industrial sector properties in the England and Wales Non-Domestic Rating Lists, as at 31 March for each year between 2011 and 2025.",,,,,,,,,,,,,,,,,,,,,,,,,
Figures show the number of properties (counts).,,,,,,,,,,,,,,,,,,,,,,,,,
Geography [note 5a],Abolished year [note 6],BA Code [note 5b],ONS area code [note 5c],ONS area name,31 March 2011,31 March 2012,31 March 2013,31 March 2014,31 March 2015,31 March 2016,31 March 2017,31 March 2018,31 March 2019,31 March 2020,31 March 2021,31 March 2022,31 March 2023,31 March 2024,31 March 2025,Note,,,,,
ENGWAL,[z],[z],K04000001,England and Wales,"482,530","485,120","488,410","492,230","496,190","500,880","507,010","517,070","522,850","538,390","549,970","553,750","557,780","560,110","562,480",,,,,,
NATL,[z],[z],E92000001,England,"454,630","456,960","459,940","463,510","467,170","471,540","477,280","487,050","491,570","506,810","516,950","519,990","523,680","526,030","528,250",,,,,,
REGL,[z],[z],E12000001,North East,"19,930","20,080","20,100","20,180","20,510","20,760","20,970","21,670","21,830","22,030","22,500","22,990","23,090","23,550","23,690",,,,,,
LAUA,[z],1355,E06000047,County Durham UA,"4,010","4,030","4,040","4,040","4,040","4,040","4,060","4,120","4,140","4,180","4,270","4,330","4,370","4,450","4,490",,,,,,
LAUA,[z],1350,E06000005,Darlington UA,"1,010","1,030","1,050","1,050","1,040","1,070","1,080","1,090","1,090","1,100","1,120","1,130","1,160","1,160","1,170",,,,,,
LAUA,[z],0724,E06000001,Hartlepool UA,740,740,750,750,750,760,790,810,800,800,820,810,810,810,810,,,,,,
LAUA,[z],0734,E06000002,Middlesbrough UA,990,980,990,980,980,980,990,"1,020","1,030","1,040","1,080","1,100","1,110","1,110","1,130",,,,,,
LAUA,[z],2935,E06000057,Northumberland UA,"2,930","2,920","2,940","2,980","3,000","3,070","3,070","3,110","3,140","3,150","3,200","3,340","3,390","3,550","3,550",,,,,,
LAUA,[z],0728,E06000003,Redcar and Cleveland UA,"1,080","1,080","1,090","1,090","1,110","1,120","1,130","1,170","1,170","1,200","1,220","1,230","1,240","1,260","1,270",,,,,,
LAUA,[z],0738,E06000004,Stockton-on-Tees UA,"1,270","1,290","1,300","1,330","1,340","1,350","1,360","1,360","1,360","1,350","1,380","1,410","1,410","1,420","1,440",,,,,,
CTYMET,[z],[z],E11000007,Tyne and Wear (Met County),"7,900","8,000","7,950","7,980","8,250","8,380","8,500","9,000","9,090","9,210","9,430","9,640","9,600","9,800","9,850",,,,,,
LAUA,[z],4505,E08000037,Gateshead,"2,010","2,070","2,080","2,080","2,080","2,070","2,070","2,090","2,150","2,170","2,200","2,400","2,340","2,450","2,450",,,,,,
LAUA,[z],4510,E08000021,Newcastle upon Tyne,"1,640","1,650","1,610","1,610","1,600","1,610","1,650","1,860","1,860","1,920","1,980","1,980","1,980","1,970","2,000",,,,,,
LAUA,[z],4515,E08000022,North Tyneside,"1,260","1,270","1,270","1,310","1,310","1,340","1,390","1,680","1,690","1,730","1,760","1,760","1,770","1,840","1,840",,,,,,
LAUA,[z],4520,E08000023,South Tyneside,870,890,890,880,930,980,980,980,980,980,"1,010","1,010","1,010","1,030","1,030",,,,,,
LAUA,[z],4525,E08000024,Sunderland,"2,110","2,120","2,100","2,100","2,330","2,370","2,400","2,390","2,410","2,400","2,490","2,500","2,500","2,510","2,520",,,,,,
REGL,[z],[z],E12000002,North West,"63,590","64,030","64,610","65,270","65,810","66,370","67,200","67,840","68,330","74,770","76,520","76,870","78,370","78,730","78,990",,,,,,
LAUA,[z],2372,E06000008,Blackburn with Darwen UA,"1,920","1,990","2,020","2,080","2,150","2,180","2,230","2,260","2,290","2,370","2,400","2,440","3,710","3,700","3,740",,,,,,
LAUA,[z],2373,E06000009,Blackpool UA,"1,020","1,060","1,070","1,070","1,090","1,100","1,110","1,120","1,130","1,150","1,180","1,190","1,210","1,190","1,190",,,,,,
LAUA,[z],0660,E06000049,Cheshire East UA,"3,210","3,220","3,250","3,280","3,310","3,350","3,400","3,430","3,440","3,450","3,490","3,490","3,540","3,430","3,450",,,,,,
LAUA,[z],0665,E06000050,Cheshire West and Chester UA,"2,470","2,480","2,500","2,490","2,500","2,500","2,490","2,490","2,480","3,390","3,380","3,390","3,400","3,400","3,430",,,,,,
LAUA,[z],0935,E06000063,Cumberland UA,"2,930","2,920","2,940","2,960","2,980","2,980","2,980","2,980","2,990","3,020","3,060","3,100","3,150","3,200","3,190",[note 5d],,,,,
LAUA,2023,0905,E07000026,Allerdale,"1,090","1,100","1,100","1,120","1,130","1,140","1,130","1,130","1,130","1,140","1,150","1,160","1,200","1,210","1,210",[note 5d],,,,,
LAUA,2023,0915,E07000028,Carlisle,"1,280","1,260","1,270","1,280","1,280","1,280","1,300","1,320","1,320","1,350","1,370","1,400","1,420","1,440","1,440",[note 5d],,,,,
LAUA,2023,0920,E07000029,Copeland,560,550,560,560,560,560,550,530,530,530,540,540,540,550,550,[note 5d],,,,,
LAUA,[z],0650,E06000006,Halton UA,"1,190","1,220","1,240","1,250","1,180","1,190","1,200","1,220","1,250","1,240","1,250","1,250","1,260","1,260","1,280",,,,,,
LAUA,[z],0655,E06000007,Warrington UA,"1,840","1,850","1,850","1,840","1,860","1,840","1,850","1,850","1,860","1,870","1,930","1,930","1,930","1,970","1,940",,,,,,
LAUA,[z],0940,E06000064,Westmorland and Furness UA,"2,830","2,840","2,870","2,880","2,910","2,930","2,960","2,980","3,010","3,020","3,070","3,060","3,050","3,100","3,100",[note 5e],,,,,
LAUA,2023,0910,E07000027,Barrow-in-Furness,560,560,560,560,580,580,590,590,600,610,610,610,600,600,600,[note 5e],,,,,
LAUA,2023,0925,E07000030,Eden,810,810,830,830,820,830,840,840,840,840,860,850,840,860,860,[note 5e],,,,,
LAUA,2023,0930,E07000031,South Lakeland,"1,460","1,470","1,480","1,500","1,510","1,520","1,530","1,550","1,570","1,570","1,600","1,600","1,610","1,640","1,640",[note 5e],,,,,
CTYMET,[z],[z],E11000001,Greater Manchester (Met County),"24,520","24,620","24,780","25,090","25,400","25,630","26,000","26,340","26,640","28,950","29,960","30,080","30,110","30,610","30,640",,,,,,
LAUA,[z],4205,E08000001,Bolton,"2,510","2,550","2,560","2,630","2,620","2,670","2,740","2,780","2,790","2,850","2,940","3,010","3,010","3,090","3,140",,,,,,
LAUA,[z],4210,E08000002,Bury,"1,600","1,570","1,570","1,590","1,590","1,600","1,610","1,610","1,610","1,640","1,670","1,670","1,670","1,750","1,750",,,,,,
LAUA,[z],4215,E08000003,Manchester,"4,270","4,250","4,250","4,300","4,360","4,390","4,460","4,510","4,590","4,570","4,620","4,590","4,610","4,410","4,330",,,,,,
LAUA,[z],4220,E08000004,Oldham,"2,340","2,380","2,440","2,450","2,470","2,540","2,550","2,570","2,600","2,630","2,690","2,690","2,690","2,750","2,760",,,,,,
LAUA,[z],4225,E08000005,Rochdale,"2,110","2,100","2,120","2,140","2,190","2,230","2,250","2,290","2,300","3,420","3,940","3,970","4,000","4,290","4,350",,,,,,
LAUA,[z],4230,E08000006,Salford,"2,220","2,230","2,240","2,270","2,310","2,300","2,330","2,350","2,420","2,440","2,490","2,500","2,520","2,490","2,480",,,,,,
LAUA,[z],4235,E08000007,Stockport,"2,560","2,590","2,620","2,650","2,700","2,720","2,790","2,850","2,880","2,830","2,870","2,870","2,840","2,900","2,900",,,,,,
LAUA,[z],4240,E08000008,Tameside,"2,540","2,560","2,610","2,610","2,650","2,660","2,700","2,800","2,810","2,780","2,860","2,880","2,890","2,920","2,910",,,,,,
LAUA,[z],4245,E08000009,Trafford,"1,820","1,830","1,820","1,840","1,840","1,850","1,840","1,850","1,870","3,030","3,030","3,030","3,010","3,040","3,050",,,,,,
LAUA,[z],4250,E08000010,Wigan,"2,540","2,560","2,560","2,620","2,670","2,680","2,730","2,740","2,760","2,770","2,870","2,870","2,880","2,980","2,990",,,,,,
CTYMET,[z],[z],E10000017,Lancashire,"12,310","12,420","12,510","12,660","12,750","12,940","13,160","13,380","13,490","15,640","16,040","16,140","16,220","16,270","16,360",,,,,,
LAUA,[z],2315,E07000117,Burnley,"1,010","1,030","1,050","1,080","1,090","1,140","1,150","1,180","1,200","2,570","2,610","2,600","2,600","2,610","2,610",,,,,,
LAUA,[z],2320,E07000118,Chorley,880,890,880,910,980,"1,010","1,010","1,020","1,030","1,040","1,100","1,110","1,130","1,150","1,170",,,,,,
LAUA,[z],2325,E07000119,Fylde,630,640,670,700,690,710,760,760,750,760,800,800,810,800,800,,,,,,
LAUA,[z],2330,E07000120,Hyndburn,"1,180","1,170","1,170","1,160","1,160","1,170","1,180","1,210","1,210","1,220","1,250","1,260","1,280","1,280","1,290",,,,,,
LAUA,[z],2335,E07000121,Lancaster,"1,350","1,370","1,370","1,340","1,320","1,340","1,330","1,330","1,350","1,340","1,380","1,400","1,410","1,370","1,380",,,,,,
LAUA,[z],2340,E07000122,Pendle,"1,190","1,230","1,240","1,230","1,250","1,250","1,260","1,320","1,310","1,330","1,350","1,360","1,380","1,390","1,370",,,,,,
LAUA,[z],2345,E07000123,Preston,"1,350","1,360","1,370","1,390","1,390","1,410","1,420","1,420","1,430","2,060","2,100","2,100","2,100","2,120","2,130",,,,,,
LAUA,[z],2350,E07000124,Ribble Valley,630,620,630,690,690,690,690,710,720,740,790,810,820,830,840,,,,,,
LAUA,[z],2355,E07000125,Rossendale,"1,010",990,"1,010","1,000",990,"1,010","1,050","1,060","1,090","1,100","1,110","1,110","1,110","1,110","1,140",,,,,,
LAUA,[z],2360,E07000126,South Ribble,930,940,950,960,980,980,"1,030","1,100","1,090","1,150","1,170","1,190","1,190","1,210","1,210",,,,,,
LAUA,[z],2365,E07000127,West Lancashire,"1,030","1,060","1,070","1,070","1,070","1,070","1,100","1,100","1,110","1,130","1,140","1,160","1,170","1,180","1,180",,,,,,
LAUA,[z],2370,E07000128,Wyre,"1,110","1,120","1,120","1,120","1,140","1,150","1,170","1,200","1,220","1,220","1,240","1,240","1,250","1,220","1,250",,,,,,
CTYMET,[z],[z],E11000002,Merseyside (Met County),"9,370","9,430","9,580","9,690","9,700","9,750","9,820","9,790","9,750","10,670","10,780","10,800","10,790","10,620","10,680",,,,,,
LAUA,[z],4305,E08000011,Knowsley,"1,030","1,040","1,060","1,120","1,140","1,160","1,160","1,160","1,150","1,150","1,150","1,160","1,150","1,150","1,150",,,,,,
LAUA,[z],4310,E08000012,Liverpool,"3,380","3,440","3,490","3,520","3,500","3,530","3,540","3,500","3,460","4,360","4,410","4,390","4,360","4,250","4,250",,,,,,
LAUA,[z],4320,E08000014,Sefton,"1,830","1,830","1,860","1,850","1,860","1,860","1,870","1,850","1,820","1,820","1,840","1,840","1,850","1,780","1,790",,,,,,
LAUA,[z],4315,E08000013,St. Helens,"1,260","1,260","1,280","1,290","1,300","1,300","1,320","1,320","1,340","1,340","1,350","1,370","1,390","1,390","1,430",,,,,,
LAUA,[z],4325,E08000015,Wirral,"1,860","1,860","1,890","1,900","1,890","1,900","1,920","1,960","1,990","2,000","2,040","2,040","2,050","2,050","2,060",,,,,,
REGL,[z],[z],E12000003,Yorkshire and The Humber,"50,650","51,230","51,740","52,430","53,020","53,630","54,170","56,930","57,430","59,930","61,280","61,640","62,090","62,290","62,500",,,,,,
LAUA,[z],2001,E06000011,East Riding of Yorkshire UA,"2,600","2,640","2,660","2,690","2,740","2,760","2,790","2,830","2,880","2,940","3,220","3,260","3,280","3,300","3,330",,,,,,
LAUA,[z],2004,E06000010,"Kingston upon Hull, City of UA","2,490","2,570","2,570","2,570","2,590","2,590","2,620","2,610","2,630","2,650","2,660","2,660","2,690","2,690","2,700",,,,,,
LAUA,[z],2002,E06000012,North East Lincolnshire UA,"1,670","1,670","1,660","1,660","1,680","1,680","1,690","1,740","1,740","1,740","1,770","1,790","1,790","1,780","1,790",,,,,,
LAUA,[z],2003,E06000013,North Lincolnshire UA,"1,820","1,860","1,850","1,870","1,880","1,910","1,920","1,980","1,990","2,030","2,060","2,070","2,070","2,080","2,100",,,,,,
LAUA,[z],2740,E06000065,North Yorkshire UA,"6,960","7,060","7,110","7,260","7,330","7,430","7,460","7,600","7,650","7,750","7,940","8,040","8,170","8,220","8,260",[note 5f],,,,,
LAUA,2023,2705,E07000163,Craven,750,740,740,770,780,780,770,760,760,770,780,790,800,800,800,[note 5f],,,,,
LAUA,2023,2710,E07000164,Hambleton,"1,240","1,240","1,260","1,290","1,300","1,310","1,330","1,360","1,380","1,400","1,450","1,500","1,530","1,540","1,540",[note 5f],,,,,
LAUA,2023,2715,E07000165,Harrogate,"1,690","1,720","1,770","1,820","1,830","1,870","1,890","1,920","1,910","1,920","1,990","1,990","2,020","2,050","2,060",[note 5f],,,,,
LAUA,2023,2720,E07000166,Richmondshire,600,610,610,620,620,650,640,650,660,670,690,700,700,700,700,[note 5f],,,,,
LAUA,2023,2725,E07000167,Ryedale,720,720,740,760,780,770,780,810,820,840,850,860,870,880,910,[note 5f],,,,,
LAUA,2023,2730,E07000168,Scarborough,"1,110","1,140","1,120","1,110","1,130","1,150","1,140","1,160","1,170","1,190","1,200","1,220","1,250","1,250","1,250",[note 5f],,,,,
LAUA,2023,2735,E07000169,Selby,870,890,880,890,890,910,920,940,950,960,980,990,990,"1,000","1,010",[note 5f],,,,,
LAUA,[z],2741,E06000014,York UA,"1,140","1,140","1,170","1,180","1,220","1,240","1,240","1,230","1,250","1,250","1,250","1,250","1,240","1,250","1,230",,,,,,
CTYMET,[z],[z],E11000003,South Yorkshire (Met County),"11,560","11,720","11,890","12,060","12,250","12,400","12,570","14,680","14,750","14,780","15,140","15,260","15,370","15,420","15,490",,,,,,
LAUA,[z],4405,E08000016,Barnsley,"2,080","2,110","2,140","2,160","2,180","2,210","2,240","4,120","4,120","4,120","4,170","4,170","4,170","4,210","4,210",,,,,,
LAUA,[z],4410,E08000017,Doncaster,"2,360","2,390","2,430","2,530","2,540","2,630","2,640","2,690","2,730","2,760","2,850","2,950","3,020","3,010","3,030",,,,,,
LAUA,[z],4415,E08000018,Rotherham,"2,330","2,360","2,410","2,450","2,470","2,480","2,530","2,620","2,620","2,640","2,740","2,770","2,800","2,810","2,860",,,,,,
LAUA,[z],4420,E08000019,Sheffield,"4,800","4,870","4,910","4,930","5,070","5,080","5,160","5,260","5,280","5,260","5,380","5,370","5,370","5,400","5,390",,,,,,
CTYMET,[z],[z],E11000006,West Yorkshire (Met County),"22,420","22,570","22,830","23,140","23,330","23,650","23,880","24,270","24,550","26,800","27,250","27,320","27,490","27,560","27,610",,,,,,
LAUA,[z],4705,E08000032,Bradford,"5,270","5,280","5,360","5,430","5,450","5,580","5,660","5,730","5,830","5,980","6,040","6,090","6,150","6,130","6,160",,,,,,
LAUA,[z],4710,E08000033,Calderdale,"3,090","3,130","3,210","3,250","3,310","3,350","3,400","3,480","3,520","3,530","3,620","3,620","3,670","3,690","3,690",,,,,,
LAUA,[z],4715,E08000034,Kirklees,"5,240","5,280","5,320","5,370","5,420","5,480","5,530","5,570","5,590","5,690","5,780","5,780","5,820","5,830","5,760",,,,,,
LAUA,[z],4720,E08000035,Leeds,"5,920","5,940","5,980","6,080","6,130","6,180","6,200","6,350","6,410","7,750","7,910","7,920","7,910","7,940","7,980",,,,,,
LAUA,[z],4725,E08000036,Wakefield,"2,910","2,940","2,970","3,010","3,020","3,050","3,100","3,140","3,200","3,850","3,900","3,920","3,940","3,970","4,010",,,,,,
REGL,[z],[z],E12000004,East Midlands,"44,140","44,270","44,570","44,850","45,190","45,560","45,990","46,650","47,480","50,350","51,180","51,640","52,190","52,410","52,550",,,,,,
LAUA,[z],1055,E06000015,Derby UA,"1,640","1,650","1,670","1,680","1,680","1,680","1,700","1,720","1,740","2,670","2,680","2,670","2,670","2,660","2,620",,,,,,
LAUA,[z],2465,E06000016,Leicester UA,"4,080","4,040","4,070","4,130","4,140","4,160","4,180","4,210","4,200","4,250","4,350","4,450","4,450","4,460","4,390",,,,,,
LAUA,[z],2840,E06000061,North Northamptonshire UA,"3,290","3,320","3,350","3,390","3,390","3,420","3,440","3,470","3,530","5,040","5,100","5,170","5,180","5,230","5,240",[note 5g],,,,,
LAUA,2021,2805,E07000150,Corby,770,780,770,780,790,790,800,830,820,820,830,840,840,850,850,[note 5g],,,,,
LAUA,2021,2815,E07000152,East Northamptonshire,750,760,770,790,780,790,790,810,820,"2,330","2,360","2,390","2,400","2,400","2,410",[note 5g],,,,,
LAUA,2021,2820,E07000153,Kettering,700,710,730,720,730,730,750,760,790,790,820,840,840,850,850,[note 5g],,,,,
LAUA,2021,2835,E07000156,Wellingborough,"1,070","1,080","1,090","1,100","1,090","1,110","1,090","1,070","1,100","1,100","1,090","1,100","1,110","1,130","1,130",[note 5g],,,,,
LAUA,[z],3060,E06000018,Nottingham UA,"2,970","2,950","2,960","2,940","2,970","3,010","3,030","3,060","3,050","3,040","3,030","3,030","3,010","2,990","2,990",,,,,,
LAUA,[z],2470,E06000017,Rutland UA,320,310,320,320,360,370,400,440,450,460,490,500,510,520,520,,,,,,
LAUA,[z],2845,E06000062,West Northamptonshire UA,"3,680","3,710","3,730","3,750","3,760","3,780","3,880","3,950","3,970","3,920","4,000","3,990","4,060","4,060","4,100",[note 5h],,,,,
LAUA,2021,2810,E07000151,Daventry,920,950,950,970,990,990,"1,010","1,040","1,040","1,050","1,070","1,070","1,110","1,130","1,140",[note 5h],,,,,
LAUA,2021,2825,E07000154,Northampton,"1,890","1,880","1,890","1,890","1,860","1,870","1,890","1,900","1,900","1,870","1,880","1,870","1,870","1,850","1,850",[note 5h],,,,,
LAUA,2021,2830,E07000155,South Northamptonshire,870,880,890,900,910,930,980,"1,010","1,020","1,000","1,050","1,050","1,090","1,080","1,100",[note 5h],,,,,
CTYMET,[z],[z],E10000007,Derbyshire,"8,300","8,370","8,430","8,520","8,640","8,730","8,830","8,920","9,010","9,160","9,340","9,360","9,430","9,430","9,480",,,,,,
LAUA,[z],1005,E07000032,Amber Valley,"1,190","1,200","1,200","1,220","1,240","1,230","1,240","1,250","1,250","1,260","1,260","1,270","1,270","1,270","1,260",,,,,,
LAUA,[z],1010,E07000033,Bolsover,820,810,810,830,840,890,910,910,920,930,940,940,940,930,950,,,,,,
LAUA,[z],1015,E07000034,Chesterfield,"1,440","1,460","1,480","1,490","1,490","1,500","1,510","1,540","1,550","1,570","1,600","1,620","1,630","1,640","1,630",,,,,,
LAUA,[z],1045,E07000035,Derbyshire Dales,940,940,950,960,970,990,980,980,980,"1,000","1,060","1,040","1,060","1,060","1,060",,,,,,
LAUA,[z],1025,E07000036,Erewash,"1,350","1,360","1,350","1,350","1,420","1,410","1,450","1,470","1,470","1,480","1,490","1,500","1,500","1,510","1,520",,,,,,
LAUA,[z],1030,E07000037,High Peak,980,990,"1,020","1,030","1,040","1,050","1,070","1,090","1,090","1,110","1,140","1,130","1,140","1,150","1,160",,,,,,
LAUA,[z],1035,E07000038,North East Derbyshire,830,830,850,870,870,870,900,900,920,940,950,960,970,970,990,,,,,,
LAUA,[z],1040,E07000039,South Derbyshire,760,770,770,770,780,790,780,790,820,870,900,910,920,910,920,,,,,,
CTYMET,[z],[z],E10000018,Leicestershire,"6,430","6,430","6,470","6,490","6,530","6,550","6,590","6,660","6,710","6,750","6,860","6,930","6,980","7,040","7,070",,,,,,
LAUA,[z],2405,E07000129,Blaby,680,680,680,680,690,690,710,710,730,720,720,740,740,750,740,,,,,,
LAUA,[z],2410,E07000130,Charnwood,"1,640","1,630","1,630","1,610","1,620","1,610","1,620","1,640","1,630","1,640","1,670","1,680","1,680","1,680","1,690",,,,,,
LAUA,[z],2415,E07000131,Harborough,780,790,800,810,820,840,850,870,880,890,920,950,950,970,"1,000",,,,,,
LAUA,[z],2420,E07000132,Hinckley and Bosworth,"1,150","1,150","1,180","1,190","1,190","1,200","1,200","1,220","1,230","1,230","1,240","1,240","1,260","1,290","1,290",,,,,,
LAUA,[z],2430,E07000133,Melton,560,550,560,560,570,570,570,570,580,580,610,620,630,630,630,,,,,,
LAUA,[z],2435,E07000134,North West Leicestershire,"1,130","1,130","1,120","1,120","1,120","1,110","1,110","1,120","1,120","1,150","1,160","1,160","1,170","1,180","1,190",,,,,,
LAUA,[z],2440,E07000135,Oadby and Wigston,500,510,510,520,520,540,530,540,540,540,540,550,540,550,540,,,,,,
CTYMET,[z],[z],E10000019,Lincolnshire,"7,100","7,110","7,160","7,140","7,170","7,220","7,280","7,430","7,440","7,570","7,690","7,800","7,930","7,950","8,020",,,,,,
LAUA,[z],2505,E07000136,Boston,680,680,700,690,710,720,740,760,770,790,790,790,800,820,810,,,,,,
LAUA,[z],2510,E07000137,East Lindsey,"1,650","1,660","1,670","1,670","1,670","1,700","1,710","1,750","1,740","1,730","1,750","1,770","1,800","1,800","1,810",,,,,,
LAUA,[z],2515,E07000138,Lincoln,720,710,710,700,700,700,670,670,670,690,680,680,700,710,710,,,,,,
LAUA,[z],2520,E07000139,North Kesteven,"1,070","1,090","1,120","1,120","1,130","1,140","1,160","1,190","1,210","1,230","1,260","1,300","1,320","1,330","1,380",,,,,,
LAUA,[z],2525,E07000140,South Holland,830,830,840,840,840,830,830,840,830,870,900,900,910,920,910,,,,,,
LAUA,[z],2530,E07000141,South Kesteven,"1,270","1,260","1,250","1,260","1,260","1,250","1,280","1,300","1,300","1,320","1,350","1,370","1,390","1,380","1,390",,,,,,
LAUA,[z],2535,E07000142,West Lindsey,890,880,880,860,880,880,890,940,920,930,970,990,"1,010","1,000","1,010",,,,,,
CTYMET,[z],[z],E10000024,Nottinghamshire,"6,340","6,380","6,410","6,500","6,560","6,630","6,660","6,790","7,400","7,500","7,640","7,750","7,980","8,070","8,120",,,,,,
LAUA,[z],3005,E07000170,Ashfield,"1,040","1,060","1,050","1,060","1,080","1,090","1,070","1,090","1,650","1,660","1,670","1,680","1,700","1,710","1,700",,,,,,
LAUA,[z],3010,E07000171,Bassetlaw,"1,180","1,190","1,190","1,240","1,250","1,270","1,300","1,360","1,390","1,410","1,450","1,490","1,520","1,530","1,560",,,,,,
LAUA,[z],3015,E07000172,Broxtowe,690,690,690,710,710,700,690,670,670,670,680,690,690,700,720,,,,,,
LAUA,[z],3020,E07000173,Gedling,690,690,710,710,720,730,740,750,750,780,790,810,820,830,870,,,,,,
LAUA,[z],3025,E07000174,Mansfield,930,920,930,930,940,960,980,980,990,"1,000","1,000",990,"1,020","1,020","1,010",,,,,,
LAUA,[z],3030,E07000175,Newark and Sherwood,"1,150","1,160","1,180","1,190","1,200","1,200","1,210","1,240","1,250","1,280","1,310","1,340","1,480","1,510","1,490",,,,,,
LAUA,[z],3040,E07000176,Rushcliffe,660,660,670,660,670,680,680,700,690,700,730,740,770,770,780,,,,,,
REGL,[z],[z],E12000005,West Midlands,"55,510","55,670","55,870","56,210","56,460","56,930","57,450","58,150","58,450","58,710","59,780","60,100","60,210","60,380","60,540",,,,,,
LAUA,[z],1850,E06000019,"Herefordshire, County of UA","2,350","2,380","2,400","2,440","2,430","2,460","2,490","2,530","2,540","2,540","2,620","2,630","2,630","2,660","2,640",,,,,,
LAUA,[z],3245,E06000051,Shropshire UA,"3,450","3,490","3,530","3,570","3,650","3,670","3,680","3,710","3,690","3,690","3,810","3,860","3,900","3,950","4,010",,,,,,
LAUA,[z],3455,E06000021,Stoke-on-Trent UA,"2,970","2,980","3,000","2,990","3,040","3,080","3,090","3,170","3,190","3,240","3,420","3,440","3,460","3,460","3,470",,,,,,
LAUA,[z],3240,E06000020,Telford and Wrekin UA,"1,620","1,630","1,640","1,640","1,660","1,670","1,710","1,700","1,730","1,750","1,780","1,810","1,840","1,840","1,850",,,,,,
CTYMET,[z],[z],E10000028,Staffordshire,"7,880","7,900","7,930","7,970","7,950","8,010","8,140","8,240","8,250","8,250","8,340","8,440","8,490","8,530","8,550",,,,,,
LAUA,[z],3405,E07000192,Cannock Chase,"1,210","1,220","1,210","1,210","1,200","1,200","1,230","1,240","1,240","1,250","1,250","1,270","1,290","1,290","1,290",,,,,,
LAUA,[z],3410,E07000193,East Staffordshire,"1,270","1,300","1,310","1,310","1,310","1,310","1,310","1,350","1,310","1,300","1,300","1,310","1,320","1,320","1,330",,,,,,
LAUA,[z],3415,E07000194,Lichfield,890,900,910,920,910,900,930,930,940,950,960,950,940,930,940,,,,,,
LAUA,[z],3420,E07000195,Newcastle-under-Lyme,900,920,930,940,960,970,980,990,"1,000","1,000","1,010","1,030","1,050","1,050","1,050",,,,,,
LAUA,[z],3430,E07000196,South Staffordshire,810,800,800,790,780,780,810,800,820,810,840,870,870,890,890,,,,,,
LAUA,[z],3425,E07000197,Stafford,"1,130","1,120","1,130","1,150","1,150","1,180","1,200","1,230","1,250","1,250","1,280","1,300","1,300","1,320","1,330",,,,,,
LAUA,[z],3435,E07000198,Staffordshire Moorlands,950,940,930,940,940,970,980,"1,000",990,980,"1,000","1,000","1,010","1,010","1,020",,,,,,
LAUA,[z],3445,E07000199,Tamworth,710,710,710,720,700,700,710,710,710,710,720,720,720,720,720,,,,,,
CTYMET,[z],[z],E10000031,Warwickshire,"5,180","5,220","5,240","5,290","5,300","5,380","5,420","5,490","5,530","5,580","5,710","5,800","5,830","5,910","5,950",,,,,,
LAUA,[z],3705,E07000218,North Warwickshire,830,840,850,880,890,900,910,920,930,940,970,960,960,970,960,,,,,,
LAUA,[z],3710,E07000219,Nuneaton and Bedworth,"1,130","1,120","1,130","1,130","1,130","1,140","1,170","1,190","1,190","1,210","1,210","1,220","1,200","1,200","1,200",,,,,,
LAUA,[z],3715,E07000220,Rugby,890,890,900,900,910,920,930,940,930,930,940,950,950,960,970,,,,,,
LAUA,[z],3720,E07000221,Stratford-on-Avon,"1,380","1,420","1,410","1,420","1,420","1,450","1,450","1,480","1,490","1,510","1,580","1,640","1,660","1,680","1,700",,,,,,
LAUA,[z],3725,E07000222,Warwick,940,940,950,960,950,980,970,970,990,"1,000","1,020","1,030","1,060","1,100","1,120",,,,,,
CTYMET,[z],[z],E11000005,West Midlands (Met County),"26,240","26,210","26,220","26,280","26,430","26,560","26,730","26,950","27,120","27,180","27,460","27,500","27,430","27,360","27,370",,,,,,
LAUA,[z],4605,E08000025,Birmingham,"9,720","9,710","9,690","9,720","9,770","9,820","9,850","9,880","9,970","9,970","10,110","10,130","10,080","10,030","10,020",,,,,,
LAUA,[z],4610,E08000026,Coventry,"2,170","2,180","2,200","2,200","2,210","2,200","2,240","2,230","2,240","2,230","2,230","2,240","2,260","2,250","2,240",,,,,,
LAUA,[z],4615,E08000027,Dudley,"3,650","3,680","3,670","3,700","3,690","3,710","3,750","3,770","3,780","3,760","3,800","3,780","3,800","3,780","3,790",,,,,,
LAUA,[z],4620,E08000028,Sandwell,"4,390","4,330","4,310","4,320","4,350","4,380","4,390","4,440","4,460","4,490","4,510","4,530","4,500","4,530","4,540",,,,,,
LAUA,[z],4625,E08000029,Solihull,640,650,650,660,660,670,660,700,710,710,720,720,720,720,720,,,,,,
LAUA,[z],4630,E08000030,Walsall,"2,920","2,900","2,920","2,890","2,910","2,950","2,990","3,030","3,050","3,080","3,090","3,120","3,100","3,100","3,100",,,,,,
LAUA,[z],4635,E08000031,Wolverhampton,"2,760","2,770","2,780","2,800","2,840","2,830","2,860","2,890","2,910","2,930","3,000","2,970","2,970","2,960","2,970",,,,,,
CTYMET,[z],[z],E10000034,Worcestershire,"5,830","5,870","5,930","6,020","6,010","6,100","6,200","6,350","6,410","6,490","6,640","6,630","6,630","6,680","6,700",,,,,,
LAUA,[z],1805,E07000234,Bromsgrove,820,840,860,890,910,910,920,960,970,"1,010","1,060","1,070","1,050","1,060","1,060",,,,,,
LAUA,[z],1860,E07000235,Malvern Hills,810,830,840,870,880,890,910,920,920,910,940,940,970,970,980,,,,,,
LAUA,[z],1825,E07000236,Redditch,"1,020","1,030","1,030","1,030","1,030","1,060","1,060","1,070","1,080","1,080","1,080","1,080","1,060","1,070","1,070",,,,,,
LAUA,[z],1835,E07000237,Worcester,690,680,710,700,690,700,720,730,740,730,730,730,710,700,690,,,,,,
LAUA,[z],1840,E07000238,Wychavon,"1,470","1,490","1,490","1,520","1,540","1,560","1,600","1,670","1,690","1,710","1,770","1,740","1,760","1,800","1,810",,,,,,
LAUA,[z],1845,E07000239,Wyre Forest,"1,010","1,010","1,010","1,020",970,980,990,"1,010","1,010","1,050","1,060","1,080","1,090","1,080","1,080",,,,,,
REGL,[z],[z],E12000006,East of England,"52,060","52,530","52,830","53,420","54,000","54,570","55,320","56,300","56,980","57,710","58,900","59,310","59,640","59,690","60,220",,,,,,
LAUA,[z],0235,E06000055,Bedford UA,"1,560","1,570","1,600","1,570","1,610","1,610","1,640","1,690","1,690","1,720","1,720","1,740","1,740","1,750","1,750",,,,,,
LAUA,[z],0240,E06000056,Central Bedfordshire UA,"2,360","2,360","2,350","2,370","2,360","2,360","2,370","2,380","2,370","2,390","2,430","2,430","2,470","2,500","2,540",,,,,,
LAUA,[z],0230,E06000032,Luton UA,"1,470","1,470","1,460","1,460","1,440","1,420","1,410","1,420","1,390","1,410","1,430","1,430","1,430","1,430","1,410",,,,,,
LAUA,[z],0540,E06000031,Peterborough UA,"1,640","1,690","1,690","1,700","1,720","1,720","1,730","1,740","1,750","1,790","1,810","1,830","1,870","1,870","1,900",,,,,,
LAUA,[z],1590,E06000033,Southend-on-Sea UA,"1,170","1,140","1,150","1,150","1,140","1,150","1,160","1,170","1,170","1,160","1,150","1,140","1,130","1,120","1,120",,,,,,
LAUA,[z],1595,E06000034,Thurrock UA,"1,250","1,240","1,260","1,380","1,480","1,550","1,570","1,620","1,630","1,640","1,650","1,640","1,660","1,670","1,690",,,,,,
CTYMET,[z],[z],E10000003,Cambridgeshire,"5,290","5,300","5,360","5,450","5,490","5,550","5,560","5,580","5,690","5,750","5,810","5,880","5,960","6,060","6,060",,,,,,
LAUA,[z],0505,E07000008,Cambridge,550,520,520,520,510,510,520,510,520,510,500,490,490,480,470,,,,,,
LAUA,[z],0510,E07000009,East Cambridgeshire,670,660,670,680,710,730,750,760,790,790,810,830,860,900,890,,,,,,
LAUA,[z],0515,E07000010,Fenland,"1,020","1,030","1,030","1,060","1,050","1,060","1,070","1,070","1,080","1,100","1,100","1,110","1,120","1,110","1,120",,,,,,
LAUA,[z],0520,E07000011,Huntingdonshire,"1,670","1,690","1,720","1,730","1,730","1,740","1,720","1,710","1,740","1,780","1,820","1,890","1,920","1,990","2,000",,,,,,
LAUA,[z],0530,E07000012,South Cambridgeshire,"1,380","1,400","1,420","1,450","1,490","1,510","1,510","1,540","1,560","1,580","1,570","1,570","1,570","1,570","1,580",,,,,,
CTYMET,[z],[z],E10000012,Essex,"13,290","13,460","13,600","13,830","14,070","14,210","14,380","14,690","15,000","15,320","15,670","15,790","15,860","15,960","16,150",,,,,,
LAUA,[z],1505,E07000066,Basildon,"1,840","1,860","1,860","1,880","1,900","1,910","1,920","1,940","1,950","1,930","1,970","1,970","1,990","1,990","1,990",,,,,,
LAUA,[z],1510,E07000067,Braintree,"1,660","1,670","1,690","1,710","1,800","1,840","1,850","1,820","1,830","1,900","1,960","1,920","1,920","1,950","2,000",,,,,,
LAUA,[z],1515,E07000068,Brentwood,490,520,520,530,530,550,550,540,570,630,630,650,650,650,640,,,,,,
LAUA,[z],1520,E07000069,Castle Point,650,640,660,660,640,650,660,660,670,680,690,690,690,700,710,,,,,,
LAUA,[z],1525,E07000070,Chelmsford,"1,400","1,450","1,460","1,480","1,510","1,510","1,510","1,500","1,530","1,550","1,580","1,580","1,570","1,550","1,570",,,,,,
LAUA,[z],1530,E07000071,Colchester,"1,260","1,280","1,280","1,290","1,310","1,310","1,320","1,340","1,340","1,370","1,350","1,350","1,350","1,370","1,360",,,,,,
LAUA,[z],1535,E07000072,Epping Forest,"1,270","1,330","1,370","1,410","1,380","1,390","1,390","1,410","1,450","1,500","1,540","1,590","1,600","1,600","1,630",,,,,,
LAUA,[z],1540,E07000073,Harlow,780,790,780,790,790,800,810,810,830,860,840,840,850,850,850,,,,,,
LAUA,[z],1545,E07000074,Maldon,850,840,850,870,930,940,930,940,940,940,980,990,"1,010","1,020","1,040",,,,,,
LAUA,[z],1550,E07000075,Rochford,730,720,720,740,750,760,830,"1,010","1,120","1,140","1,230","1,280","1,310","1,360","1,440",,,,,,
LAUA,[z],1560,E07000076,Tendring,"1,460","1,480","1,500","1,560","1,590","1,610","1,620","1,670","1,710","1,750","1,800","1,810","1,810","1,810","1,820",,,,,,
LAUA,[z],1570,E07000077,Uttlesford,900,880,910,920,940,960,"1,010","1,050","1,060","1,080","1,100","1,110","1,120","1,120","1,130",,,,,,
CTYMET,[z],[z],E10000015,Hertfordshire,"8,030","8,180","8,230","8,240","8,300","8,400","8,580","8,720","8,760","8,740","8,910","8,920","8,930","8,720","8,930",,,,,,
LAUA,[z],1905,E07000095,Broxbourne,710,720,740,740,750,750,760,780,770,770,760,770,770,760,750,,,,,,
LAUA,[z],1910,E07000096,Dacorum,"1,140","1,180","1,170","1,170","1,160","1,160","1,120","1,090","1,090","1,070","1,070","1,060","1,040",990,"1,020",,,,,,
LAUA,[z],1915,E07000242,East Hertfordshire,"1,160","1,170","1,190","1,190","1,190","1,230","1,290","1,370","1,410","1,440","1,560","1,560","1,570","1,520","1,580",,,,,,
LAUA,[z],1920,E07000098,Hertsmere,620,620,620,620,680,710,730,730,730,750,760,760,750,750,760,,,,,,
LAUA,[z],1925,E07000099,North Hertfordshire,"1,310","1,340","1,340","1,350","1,350","1,380","1,400","1,410","1,410","1,440","1,550","1,600","1,640","1,590","1,660",,,,,,
LAUA,[z],1930,E07000240,St Albans,690,670,690,690,680,690,720,730,720,710,720,720,720,700,720,,,,,,
LAUA,[z],1935,E07000243,Stevenage,470,490,490,490,500,510,510,530,530,530,530,530,520,520,520,,,,,,
LAUA,[z],1940,E07000102,Three Rivers,450,460,460,460,460,470,470,470,500,470,480,480,480,480,470,,,,,,
LAUA,[z],1945,E07000103,Watford,720,790,780,760,750,740,800,820,800,760,690,650,650,650,660,,,,,,
LAUA,[z],1950,E07000241,Welwyn Hatfield,750,760,770,770,780,780,790,800,810,790,800,790,790,790,800,,,,,,
CTYMET,[z],[z],E10000020,Norfolk,"8,730","8,800","8,800","8,970","9,030","9,120","9,400","9,680","9,830","10,010","10,370","10,490","10,550","10,540","10,560",,,,,,
LAUA,[z],2605,E07000143,Breckland,"1,540","1,560","1,570","1,570","1,570","1,560","1,580","1,700","1,710","1,740","1,770","1,790","1,800","1,800","1,820",,,,,,
LAUA,[z],2610,E07000144,Broadland,"1,200","1,210","1,210","1,240","1,230","1,240","1,270","1,290","1,310","1,320","1,350","1,360","1,370","1,360","1,360",,,,,,
LAUA,[z],2615,E07000145,Great Yarmouth,"1,110","1,100","1,090","1,100","1,110","1,110","1,120","1,130","1,150","1,160","1,230","1,250","1,240","1,250","1,250",,,,,,
LAUA,[z],2635,E07000146,King's Lynn and West Norfolk,"1,280","1,300","1,280","1,280","1,290","1,310","1,360","1,400","1,380","1,390","1,590","1,640","1,660","1,680","1,690",,,,,,
LAUA,[z],2620,E07000147,North Norfolk,"1,090","1,100","1,120","1,140","1,170","1,210","1,300","1,360","1,360","1,380","1,400","1,450","1,450","1,450","1,440",,,,,,
LAUA,[z],2625,E07000148,Norwich,"1,380","1,370","1,350","1,370","1,360","1,380","1,390","1,370","1,390","1,380","1,380","1,370","1,380","1,360","1,350",,,,,,
LAUA,[z],2630,E07000149,South Norfolk,"1,140","1,170","1,190","1,280","1,300","1,310","1,380","1,430","1,530","1,630","1,650","1,640","1,650","1,640","1,650",,,,,,
CTYMET,[z],[z],E10000029,Suffolk,"7,290","7,310","7,320","7,310","7,360","7,490","7,530","7,620","7,710","7,800","7,970","8,020","8,050","8,070","8,100",,,,,,
LAUA,[z],3505,E07000200,Babergh,"1,050","1,060","1,070","1,080","1,090","1,180","1,190","1,230","1,260","1,270","1,310","1,320","1,330","1,330","1,330",,,,,,
LAUA,[z],3540,E07000244,East Suffolk,"2,220","2,240","2,240","2,230","2,260","2,250","2,260","2,290","2,340","2,370","2,410","2,400","2,410","2,410","2,410",,,,,,
LAUA,[z],3515,E07000202,Ipswich,920,900,880,870,870,880,880,890,880,880,900,910,920,940,940,,,,,,
LAUA,[z],3520,E07000203,Mid Suffolk,"1,210","1,230","1,220","1,230","1,230","1,220","1,240","1,250","1,250","1,300","1,320","1,320","1,310","1,310","1,340",,,,,,
LAUA,[z],3545,E07000245,West Suffolk,"1,880","1,890","1,900","1,900","1,910","1,950","1,960","1,970","1,980","1,970","2,030","2,080","2,080","2,070","2,080",,,,,,
REGL,[z],[z],E12000007,London,"50,130","49,810","49,720","49,270","49,150","48,940","48,850","49,880","49,870","50,040","50,680","50,780","50,190","49,750","49,580",,,,,,
CTYMET,[z],[z],E13000001,Inner London,"24,830","24,660","24,530","24,180","24,210","24,080","23,900","24,580","24,550","24,760","25,180","24,880","24,600","24,200","23,910",,,,,,
LAUA,[z],5210,E09000007,Camden,"1,470","1,460","1,460","1,410","1,360","1,300","1,280","1,260","1,230","1,190","1,200","1,170","1,160","1,130","1,130",,,,,,
LAUA,[z],5030,E09000001,City of London,"1,800","1,820","1,820","1,850","1,880","1,930","1,940","2,000","2,000","2,020","1,950","1,890","1,830","1,770","1,710",,,,,,
LAUA,[z],5360,E09000012,Hackney,"2,590","2,670","2,770","2,710","2,730","2,700","2,660","2,610","2,560","2,680","2,850","2,860","2,830","2,830","2,800",,,,,,
LAUA,[z],5390,E09000013,Hammersmith and Fulham,980,980,960,940,930,900,890,880,870,880,880,860,940,890,890,,,,,,
LAUA,[z],5420,E09000014,Haringey,"1,800","1,770","1,750","1,740","1,740","1,760","1,780","1,770","1,780","1,780","1,860","1,960","1,920","1,960","1,950",,,,,,
LAUA,[z],5570,E09000019,Islington,"1,740","1,700","1,570","1,510","1,480","1,450","1,410","1,500","1,540","1,470","1,460","1,450","1,420","1,410","1,400",,,,,,
LAUA,[z],5600,E09000020,Kensington and Chelsea,890,900,890,860,850,860,840,820,820,820,820,810,800,800,790,,,,,,
LAUA,[z],5660,E09000022,Lambeth,"1,870","1,880","1,890","1,880","1,900","1,910","1,910","2,040","2,010","2,020","2,000","1,960","1,960","1,930","1,910",,,,,,
LAUA,[z],5690,E09000023,Lewisham,"1,400","1,360","1,350","1,360","1,330","1,270","1,200","1,290","1,280","1,400","1,410","1,410","1,390","1,390","1,390",,,,,,
LAUA,[z],5750,E09000025,Newham,"1,380","1,360","1,350","1,310","1,300","1,330","1,330","1,320","1,300","1,280","1,300","1,360","1,360","1,350","1,340",,,,,,
LAUA,[z],5840,E09000028,Southwark,"2,450","2,430","2,440","2,400","2,380","2,370","2,350","2,470","2,490","2,540","2,640","2,460","2,380","2,330","2,310",,,,,,
LAUA,[z],5900,E09000030,Tower Hamlets,"3,320","3,240","3,250","3,190","3,330","3,340","3,410","3,620","3,690","3,770","3,940","3,830","3,790","3,790","3,770",,,,,,
LAUA,[z],5960,E09000032,Wandsworth,"1,890","1,870","1,840","1,830","1,810","1,800","1,740","1,680","1,670","1,630","1,630","1,630","1,620","1,470","1,460",,,,,,
LAUA,[z],5990,E09000033,Westminster,"1,250","1,230","1,190","1,190","1,190","1,190","1,160","1,320","1,320","1,290","1,260","1,220","1,210","1,150","1,070",,,,,,
CTYMET,[z],[z],E13000002,Outer London,"25,300","25,150","25,190","25,090","24,940","24,860","24,950","25,300","25,310","25,290","25,500","25,900","25,600","25,560","25,670",,,,,,
LAUA,[z],5060,E09000002,Barking and Dagenham,"1,160","1,170","1,190","1,200","1,200","1,210","1,220","1,240","1,200","1,200","1,250","1,260","1,260","1,260","1,300",,,,,,
LAUA,[z],5090,E09000003,Barnet,910,890,900,880,870,860,860,850,850,830,840,830,760,730,730,,,,,,
LAUA,[z],5120,E09000004,Bexley,"1,530","1,550","1,560","1,550","1,550","1,550","1,540","1,560","1,530","1,540","1,540","1,540","1,480","1,480","1,490",,,,,,
LAUA,[z],5150,E09000005,Brent,"2,590","2,570","2,550","2,560","2,490","2,510","2,520","2,550","2,540","2,470","2,440","2,490","2,540","2,530","2,520",,,,,,
LAUA,[z],5180,E09000006,Bromley,"1,100","1,100","1,090","1,110","1,100","1,010","1,020","1,020","1,010","1,010","1,070","1,080","1,100","1,120","1,160",,,,,,
LAUA,[z],5240,E09000008,Croydon,"1,470","1,440","1,430","1,420","1,420","1,400","1,390","1,360","1,350","1,330","1,320","1,300","1,260","1,230","1,230",,,,,,
LAUA,[z],5270,E09000009,Ealing,"2,630","2,640","2,700","2,720","2,720","2,740","2,790","2,880","2,840","2,870","3,010","3,030","3,000","3,030","3,030",,,,,,
LAUA,[z],5300,E09000010,Enfield,"1,840","1,820","1,830","1,730","1,720","1,720","1,650","1,630","1,660","1,660","1,680","1,700","1,720","1,680","1,720",,,,,,
LAUA,[z],5330,E09000011,Greenwich,"1,140","1,120","1,100","1,100","1,090","1,080","1,090","1,110","1,320","1,400","1,430","1,710","1,700","1,680","1,680",,,,,,
LAUA,[z],5450,E09000015,Harrow,660,650,650,650,650,650,660,680,680,650,640,610,610,610,620,,,,,,
LAUA,[z],5480,E09000016,Havering,"1,370","1,380","1,380","1,410","1,410","1,420","1,460","1,480","1,440","1,470","1,520","1,540","1,530","1,530","1,540",,,,,,
LAUA,[z],5510,E09000017,Hillingdon,"1,640","1,630","1,620","1,630","1,640","1,640","1,680","1,810","1,810","1,830","1,800","1,850","1,820","1,820","1,800",,,,,,
LAUA,[z],5540,E09000018,Hounslow,"1,560","1,570","1,560","1,570","1,600","1,600","1,600","1,650","1,610","1,610","1,580","1,570","1,560","1,570","1,580",,,,,,
LAUA,[z],5630,E09000021,Kingston upon Thames,780,770,760,760,760,760,760,770,760,740,730,730,710,720,720,,,,,,
LAUA,[z],5720,E09000024,Merton,"1,200","1,170","1,170","1,160","1,140","1,130","1,110","1,110","1,090","1,060","1,060","1,060","1,030","1,020","1,030",,,,,,
LAUA,[z],5780,E09000026,Redbridge,780,780,770,790,790,810,820,840,840,820,840,830,830,840,830,,,,,,
LAUA,[z],5810,E09000027,Richmond upon Thames,620,600,580,570,560,550,540,540,550,540,540,540,520,520,510,,,,,,
LAUA,[z],5870,E09000029,Sutton,770,770,760,750,720,710,710,710,720,730,730,740,690,700,700,,,,,,
LAUA,[z],5930,E09000031,Waltham Forest,"1,570","1,550","1,580","1,530","1,530","1,530","1,530","1,520","1,510","1,530","1,510","1,510","1,490","1,490","1,480",,,,,,
REGL,[z],[z],E12000008,South East,"66,390","66,870","67,560","68,410","68,890","69,710","70,860","72,170","72,870","74,210","75,500","75,560","75,950","76,790","77,490",,,,,,
LAUA,[z],0335,E06000036,Bracknell Forest UA,460,460,450,440,420,430,420,430,440,430,440,450,440,440,450,,,,,,
LAUA,[z],1445,E06000043,Brighton and Hove UA,"1,430","1,420","1,420","1,430","1,440","1,420","1,440","1,470","1,500","1,480","1,460","1,420","1,380","1,360","1,360",,,,,,
LAUA,[z],0440,E06000060,Buckinghamshire UA,"4,220","4,220","4,240","4,270","4,300","4,320","4,310","4,340","4,340","4,430","4,460","4,510","4,520","4,540","4,610",[note 5i],,,,,
LAUA,2019,0405,E07000004,Aylesbury Vale,"1,840","1,850","1,870","1,900","1,930","1,940","1,950","1,960","1,960","2,020","2,080","2,130","2,160","2,180","2,210",[note 5i],,,,,
LAUA,2019,0415,E07000005,Chiltern,540,540,540,550,560,570,560,590,590,580,580,570,560,560,570,[note 5i],,,,,
LAUA,2019,0410,E07000006,South Bucks,350,350,340,340,340,340,340,340,340,360,370,370,370,360,370,[note 5i],,,,,
LAUA,2019,0425,E07000007,Wycombe,"1,490","1,480","1,490","1,480","1,480","1,480","1,460","1,460","1,460","1,460","1,430","1,440","1,440","1,440","1,460",[note 5i],,,,,
LAUA,[z],2100,E06000046,Isle of Wight UA,"1,400","1,400","1,410","1,410","1,430","1,560","1,620","1,680","1,710","1,720","1,760","1,800","1,820","1,860","1,930",,,,,,
LAUA,[z],2280,E06000035,Medway UA,"1,910","1,910","1,910","1,910","1,900","1,860","1,840","1,860","1,870","1,880","1,890","1,940","1,950","1,950","1,950",,,,,,
LAUA,[z],0435,E06000042,Milton Keynes UA,"2,000","2,040","2,060","2,070","2,070","2,110","2,140","2,170","2,190","2,190","2,210","2,240","2,250","2,250","2,270",,,,,,
LAUA,[z],1775,E06000044,Portsmouth UA,"1,250","1,300","1,320","1,310","1,310","1,290","1,340","1,350","1,380","1,410","1,440","1,460","1,470","1,460","1,450",,,,,,
LAUA,[z],0345,E06000038,Reading UA,910,900,910,910,920,920,930,920,920,940,940,930,940,930,930,,,,,,
LAUA,[z],0350,E06000039,Slough UA,"1,070","1,070","1,040","1,030","1,030","1,040","1,040","1,010","1,000","1,000",980,980,940,930,930,,,,,,
LAUA,[z],1780,E06000045,Southampton UA,"1,420","1,400","1,390","1,400","1,390","1,390","1,430","1,430","1,420","1,430","1,430","1,430","1,410","1,400","1,400",,,,,,
LAUA,[z],0340,E06000037,West Berkshire UA,"1,360","1,390","1,430","1,440","1,470","1,510","1,530","1,620","1,630","1,680","1,700","1,740","1,760","1,800","1,830",,,,,,
LAUA,[z],0355,E06000040,Windsor and Maidenhead UA,840,830,840,820,800,790,790,790,800,800,810,810,830,790,780,,,,,,
LAUA,[z],0360,E06000041,Wokingham UA,"1,110","1,120","1,140","1,150","1,160","1,150","1,260","1,300","1,310","1,310","1,260","1,290","1,320","1,300","1,290",,,,,,
CTYMET,[z],[z],E10000011,East Sussex,"5,050","5,110","5,200","5,580","5,700","5,850","6,080","6,260","6,370","6,590","6,760","6,460","6,520","6,920","6,980",,,,,,
LAUA,[z],1410,E07000061,Eastbourne,540,530,540,540,530,540,540,550,550,550,540,540,530,530,520,,,,,,
LAUA,[z],1415,E07000062,Hastings,860,860,860,870,870,870,880,880,870,870,900,900,900,900,900,,,,,,
LAUA,[z],1425,E07000063,Lewes,"1,000","1,030","1,050","1,060","1,130","1,150","1,200","1,210","1,230","1,230","1,300","1,290","1,290","1,290","1,300",,,,,,
LAUA,[z],1430,E07000064,Rother,830,860,860,"1,160","1,170","1,180","1,210","1,240","1,240","1,340","1,360","1,020","1,070","1,420","1,440",,,,,,
LAUA,[z],1435,E07000065,Wealden,"1,810","1,830","1,900","1,950","2,000","2,120","2,260","2,390","2,490","2,590","2,660","2,720","2,740","2,780","2,820",,,,,,
CTYMET,[z],[z],E10000014,Hampshire,"10,920","11,080","11,200","11,330","11,390","11,600","11,820","12,130","12,230","12,370","12,680","12,730","12,880","12,940","13,040",,,,,,
LAUA,[z],1705,E07000084,Basingstoke and Deane,"1,090","1,090","1,100","1,090","1,100","1,120","1,130","1,160","1,170","1,160","1,160","1,160","1,180","1,190","1,210",,,,,,
LAUA,[z],1710,E07000085,East Hampshire,"1,230","1,240","1,250","1,250","1,260","1,320","1,390","1,430","1,470","1,500","1,540","1,550","1,550","1,550","1,560",,,,,,
LAUA,[z],1715,E07000086,Eastleigh,960,960,960,970,970,980,"1,010","1,020","1,000","1,010","1,000",990,980,970,960,,,,,,
LAUA,[z],1720,E07000087,Fareham,950,970,960,970,960,990,"1,000","1,010","1,030","1,020","1,020","1,030","1,040","1,030","1,030",,,,,,
LAUA,[z],1725,E07000088,Gosport,590,600,610,600,600,600,600,630,630,690,690,700,710,710,690,,,,,,
LAUA,[z],1730,E07000089,Hart,540,540,550,550,560,560,580,580,580,580,610,610,610,640,640,,,,,,
LAUA,[z],1735,E07000090,Havant,660,660,670,680,680,700,720,740,750,750,750,760,770,760,750,,,,,,
LAUA,[z],1740,E07000091,New Forest,"1,530","1,530","1,540","1,550","1,560","1,630","1,640","1,690","1,700","1,720","1,830","1,880","1,910","1,940","2,000",,,,,,
LAUA,[z],1750,E07000092,Rushmoor,510,510,510,500,500,500,500,520,520,530,530,520,520,520,520,,,,,,
LAUA,[z],1760,E07000093,Test Valley,"1,670","1,780","1,820","1,880","1,890","1,910","1,930","2,000","2,020","2,040","2,060","2,060","2,120","2,180","2,210",,,,,,
LAUA,[z],1765,E07000094,Winchester,"1,200","1,220","1,250","1,280","1,300","1,290","1,330","1,360","1,370","1,390","1,490","1,480","1,490","1,450","1,460",,,,,,
CTYMET,[z],[z],E10000016,Kent,"12,050","12,200","12,410","12,400","12,470","12,530","12,710","12,910","13,140","13,540","13,800","13,960","14,100","14,420","14,700",,,,,,
LAUA,[z],2205,E07000105,Ashford,"1,330","1,350","1,370","1,380","1,390","1,360","1,400","1,450","1,470","1,520","1,590","1,620","1,660","1,690","1,690",,,,,,
LAUA,[z],2210,E07000106,Canterbury,"1,080","1,090","1,100","1,100","1,120","1,130","1,140","1,140","1,250","1,270","1,300","1,340","1,340","1,350","1,350",,,,,,
LAUA,[z],2215,E07000107,Dartford,660,680,680,670,680,690,700,700,700,720,720,730,760,820,910,,,,,,
LAUA,[z],2220,E07000108,Dover,790,810,860,880,880,890,890,900,920,940,950,940,940,940,950,,,,,,
LAUA,[z],2250,E07000112,Folkestone and Hythe,970,980,980,960,960,940,960,970,980,930,950,950,970,"1,080","1,120",,,,,,
LAUA,[z],2230,E07000109,Gravesham,540,540,540,540,540,540,540,540,540,550,550,560,560,570,590,,,,,,
LAUA,[z],2235,E07000110,Maidstone,"1,260","1,290","1,300","1,310","1,310","1,330","1,310","1,310","1,330","1,350","1,370","1,410","1,430","1,460","1,460",,,,,,
LAUA,[z],2245,E07000111,Sevenoaks,"1,090","1,090","1,110","1,090","1,100","1,120","1,130","1,140","1,130","1,370","1,390","1,390","1,400","1,450","1,500",,,,,,
LAUA,[z],2255,E07000113,Swale,"1,360","1,390","1,440","1,430","1,450","1,460","1,480","1,550","1,580","1,600","1,610","1,640","1,650","1,650","1,710",,,,,,
LAUA,[z],2260,E07000114,Thanet,"1,070","1,070","1,110","1,130","1,150","1,190","1,270","1,310","1,330","1,380","1,390","1,420","1,420","1,450","1,460",,,,,,
LAUA,[z],2265,E07000115,Tonbridge and Malling,"1,010","1,020","1,030","1,020","1,000","1,010","1,020","1,010","1,000","1,010","1,030","1,030","1,040","1,060","1,060",,,,,,
LAUA,[z],2270,E07000116,Tunbridge Wells,900,900,900,900,900,880,890,910,920,920,950,940,940,910,920,,,,,,
CTYMET,[z],[z],E10000025,Oxfordshire,"5,160","5,160","5,190","5,180","5,140","5,150","5,200","5,230","5,290","5,520","5,680","5,620","5,650","5,740","5,790",,,,,,
LAUA,[z],3105,E07000177,Cherwell,"1,300","1,300","1,340","1,340","1,320","1,320","1,330","1,370","1,400","1,430","1,490","1,500","1,520","1,520","1,530",,,,,,
LAUA,[z],3110,E07000178,Oxford,460,460,450,450,450,440,450,460,470,540,540,540,550,550,540,,,,,,
LAUA,[z],3115,E07000179,South Oxfordshire,"1,180","1,190","1,190","1,190","1,190","1,180","1,210","1,210","1,210","1,210","1,240","1,250","1,250","1,300","1,300",,,,,,
LAUA,[z],3120,E07000180,Vale of White Horse,"1,020","1,020","1,030","1,010","1,000","1,010","1,020",970,980,970,"1,000",990,990,"1,010","1,020",,,,,,
LAUA,[z],3125,E07000181,West Oxfordshire,"1,200","1,200","1,180","1,190","1,180","1,190","1,190","1,230","1,240","1,370","1,420","1,340","1,340","1,360","1,390",,,,,,
CTYMET,[z],[z],E10000030,Surrey,"7,130","7,120","7,200","7,300","7,430","7,460","7,520","7,650","7,670","7,710","7,810","7,790","7,710","7,700","7,680",,,,,,
LAUA,[z],3605,E07000207,Elmbridge,630,630,650,660,650,650,630,630,620,620,620,620,620,640,650,,,,,,
LAUA,[z],3610,E07000208,Epsom and Ewell,210,220,220,220,220,210,220,220,220,230,230,220,230,230,230,,,,,,
LAUA,[z],3615,E07000209,Guildford,890,850,860,860,860,850,870,880,870,870,870,870,880,880,900,,,,,,
LAUA,[z],3620,E07000210,Mole Valley,770,780,760,770,840,850,850,840,840,840,840,840,810,810,790,,,,,,
LAUA,[z],3625,E07000211,Reigate and Banstead,710,710,710,730,730,750,750,810,810,810,840,790,780,770,760,,,,,,
LAUA,[z],3630,E07000212,Runnymede,550,550,560,590,600,620,610,610,630,650,690,730,710,680,680,,,,,,
LAUA,[z],3635,E07000213,Spelthorne,530,530,530,550,550,550,580,600,600,610,600,600,600,590,590,,,,,,
LAUA,[z],3640,E07000214,Surrey Heath,570,590,600,610,620,630,670,670,670,660,680,670,670,700,680,,,,,,
LAUA,[z],3645,E07000215,Tandridge,910,940,960,970,990,"1,000","1,020","1,040","1,050","1,050","1,050","1,040","1,030","1,030","1,030",,,,,,
LAUA,[z],3650,E07000216,Waverley,860,850,860,870,880,880,870,880,880,900,920,930,910,890,900,,,,,,
LAUA,[z],3655,E07000217,Woking,490,480,480,470,490,470,460,470,470,480,480,480,480,480,490,,,,,,
CTYMET,[z],[z],E10000032,West Sussex,"6,700","6,750","6,820","7,030","7,130","7,320","7,460","7,620","7,670","7,800","8,010","8,020","8,060","8,050","8,110",,,,,,
LAUA,[z],3805,E07000223,Adur,530,520,520,550,570,590,590,580,580,580,620,620,620,620,620,,,,,,
LAUA,[z],3810,E07000224,Arun,"1,290","1,280","1,280","1,310","1,310","1,380","1,400","1,410","1,400","1,410","1,410","1,420","1,430","1,410","1,420",,,,,,
LAUA,[z],3815,E07000225,Chichester,"1,210","1,220","1,290","1,390","1,410","1,420","1,460","1,520","1,540","1,580","1,630","1,610","1,610","1,630","1,650",,,,,,
LAUA,[z],3820,E07000226,Crawley,810,790,780,810,790,780,800,820,830,840,850,840,840,820,820,,,,,,
LAUA,[z],3825,E07000227,Horsham,"1,370","1,420","1,440","1,470","1,510","1,590","1,640","1,710","1,750","1,760","1,830","1,860","1,870","1,870","1,870",,,,,,
LAUA,[z],3830,E07000228,Mid Sussex,990,"1,020","1,020","1,020","1,070","1,090","1,090","1,110","1,090","1,160","1,190","1,190","1,220","1,220","1,250",,,,,,
LAUA,[z],3835,E07000229,Worthing,500,500,490,480,480,480,480,480,470,470,480,480,480,480,480,,,,,,
REGL,[z],[z],E12000009,South West,"52,220","52,470","52,950","53,480","54,150","55,080","56,470","57,450","58,330","59,060","60,610","61,100","61,950","62,440","62,700",,,,,,
LAUA,[z],0114,E06000022,Bath and North East Somerset UA,"1,460","1,450","1,440","1,440","1,450","1,450","1,510","1,540","1,610","1,630","1,630","1,650","1,650","1,650","1,610",,,,,,
LAUA,[z],1260,E06000058,"Bournemouth, Christchurch and Poole UA","2,410","2,410","2,440","2,480","2,490","2,500","2,510","2,560","2,610","2,630","2,670","2,690","2,690","2,710","2,710",[note 5j],,,,,
LAUA,2019,1250,E06000028,Bournemouth UA,610,590,590,600,600,590,590,590,610,610,620,610,610,640,640,[note 5j],,,,,
LAUA,2019,1210,E07000048,Christchurch,420,430,450,460,460,470,480,490,500,510,510,510,500,500,500,[note 5j],,,,,
LAUA,2019,1255,E06000029,Poole UA,"1,380","1,390","1,410","1,430","1,440","1,440","1,440","1,480","1,500","1,510","1,550","1,570","1,580","1,580","1,570",[note 5j],,,,,
LAUA,[z],0116,E06000023,"Bristol, City of UA","3,630","3,640","3,660","3,670","3,670","3,670","3,700","3,750","3,780","3,770","3,790","3,770","3,810","3,800","3,770",,,,,,
LAUA,[z],0840,E06000052,Cornwall UA,"6,600","6,600","6,670","6,740","6,820","6,990","7,040","7,140","7,240","7,290","7,550","7,570","7,650","7,780","7,800",,,,,,
LAUA,[z],1265,E06000059,Dorset UA,"4,430","4,500","4,510","4,550","4,610","4,740","4,840","4,940","5,080","5,140","5,250","5,300","5,350","5,430","5,530",[note 5k],,,,,
LAUA,2019,1240,E07000049,East Dorset,"1,030","1,040","1,030","1,050","1,050","1,060","1,070","1,100","1,140","1,130","1,150","1,160","1,180","1,200","1,260",[note 5k],,,,,
LAUA,2019,1215,E07000050,North Dorset,780,800,800,800,820,850,860,880,950,980,"1,010","1,030","1,040","1,050","1,070",[note 5k],,,,,
LAUA,2019,1225,E07000051,Purbeck,580,590,590,610,630,710,720,750,770,780,810,820,820,830,830,[note 5k],,,,,
LAUA,2019,1230,E07000052,West Dorset,"1,560","1,580","1,610","1,620","1,650","1,670","1,740","1,740","1,760","1,790","1,830","1,830","1,850","1,890","1,900",[note 5k],,,,,
LAUA,2019,1235,E07000053,Weymouth and Portland,480,490,480,480,460,450,450,470,450,450,450,460,460,470,470,[note 5k],,,,,
LAUA,[z],0835,E06000053,Isles of Scilly UA,90,90,90,90,90,80,80,80,80,90,90,90,90,90,90,,,,,,
LAUA,[z],0121,E06000024,North Somerset UA,"1,640","1,640","1,670","1,690","1,700","1,700","1,730","1,710","1,730","1,740","1,800","1,850","1,880","1,880","1,870",,,,,,
LAUA,[z],1160,E06000026,Plymouth UA,"1,650","1,650","1,640","1,630","1,780","1,830","1,960","1,980","2,000","2,020","2,040","2,060","2,070","2,110","2,140",,,,,,
LAUA,[z],3335,E06000066,Somerset UA,"5,890","5,930","5,990","6,080","6,160","6,310","6,740","6,930","7,050","7,210","7,510","7,590","7,790","7,880","7,960",[note 5l],,,,,
LAUA,2023,3305,E07000187,Mendip,"1,260","1,260","1,280","1,310","1,340","1,380","1,410","1,440","1,450","1,490","1,550","1,560","1,600","1,620","1,650",[note 5l],,,,,
LAUA,2023,3310,E07000188,Sedgemoor,"1,280","1,300","1,280","1,310","1,300","1,320","1,430","1,470","1,520","1,570","1,710","1,760","1,850","1,870","1,910",[note 5l],,,,,
LAUA,2023,3330,E07000246,Somerset West and Taunton,"1,470","1,500","1,530","1,550","1,590","1,650","1,900","1,960","1,990","2,020","2,070","2,080","2,110","2,130","2,130",,,,,,
LAUA,2023,3325,E07000189,South Somerset,"1,870","1,860","1,900","1,910","1,940","1,970","2,000","2,060","2,090","2,130","2,180","2,190","2,240","2,270","2,280",[note 5l],,,,,
LAUA,[z],0119,E06000025,South Gloucestershire UA,"1,970","1,980","2,040","2,080","2,100","2,170","2,200","2,240","2,330","2,410","2,480","2,490","2,530","2,470","2,450",,,,,,
LAUA,[z],3935,E06000030,Swindon UA,"1,370","1,380","1,390","1,380","1,430","1,440","1,470","1,500","1,580","1,610","1,610","1,630","1,640","1,650","1,650",,,,,,
LAUA,[z],1165,E06000027,Torbay UA,900,910,920,920,930,930,940,950,960,950,950,950,960,950,960,,,,,,
LAUA,[z],3940,E06000054,Wiltshire UA,"4,590","4,600","4,660","4,710","4,780","4,850","5,010","5,150","5,210","5,270","5,470","5,540","5,620","5,710","5,770",,,,,,
CTYMET,[z],[z],E10000008,Devon,"8,670","8,720","8,790","8,960","9,090","9,240","9,450","9,620","9,690","9,870","10,140","10,300","10,600","10,720","10,770",,,,,,
LAUA,[z],1105,E07000040,East Devon,"1,690","1,690","1,710","1,720","1,760","1,790","1,850","1,910","1,920","1,960","1,990","2,040","2,150","2,160","2,160",,,,,,
LAUA,[z],1110,E07000041,Exeter,950,950,950,940,940,950,960,950,940,930,940,970,970,970,940,,,,,,
LAUA,[z],1135,E07000042,Mid Devon,900,910,940,980,"1,000","1,010","1,040","1,070","1,090","1,140","1,190","1,210","1,280","1,310","1,340",,,,,,
LAUA,[z],1115,E07000043,North Devon,"1,110","1,110","1,120","1,140","1,160","1,170","1,200","1,220","1,240","1,280","1,300","1,320","1,360","1,400","1,430",,,,,,
LAUA,[z],1125,E07000044,South Hams,"1,330","1,350","1,330","1,340","1,350","1,390","1,410","1,430","1,450","1,480","1,510","1,510","1,570","1,580","1,580",,,,,,
LAUA,[z],1130,E07000045,Teignbridge,"1,440","1,460","1,480","1,510","1,520","1,560","1,590","1,640","1,650","1,670","1,730","1,760","1,770","1,780","1,800",,,,,,
LAUA,[z],1145,E07000046,Torridge,680,690,710,750,780,790,820,830,820,840,870,880,900,900,900,,,,,,
LAUA,[z],1150,E07000047,West Devon,570,560,560,580,580,590,590,590,580,580,600,600,610,620,620,,,,,,
CTYMET,[z],[z],E10000013,Gloucestershire,"6,940","6,980","7,040","7,060","7,060","7,190","7,290","7,360","7,390","7,430","7,620","7,630","7,630","7,620","7,630",,,,,,
LAUA,[z],1605,E07000078,Cheltenham,800,800,800,790,770,770,760,760,760,750,750,770,770,780,780,,,,,,
LAUA,[z],1610,E07000079,Cotswold,"1,260","1,260","1,280","1,280","1,280","1,310","1,340","1,370","1,380","1,390","1,470","1,480","1,490","1,480","1,480",,,,,,
LAUA,[z],1615,E07000080,Forest of Dean,"1,220","1,240","1,250","1,260","1,270","1,310","1,340","1,350","1,350","1,360","1,390","1,400","1,420","1,430","1,440",,,,,,
LAUA,[z],1620,E07000081,Gloucester,"1,040","1,050","1,070","1,070","1,080","1,100","1,100","1,110","1,100","1,130","1,130","1,130","1,110","1,100","1,090",,,,,,
LAUA,[z],1625,E07000082,Stroud,"1,540","1,550","1,550","1,550","1,550","1,590","1,590","1,610","1,650","1,650","1,640","1,630","1,630","1,630","1,630",,,,,,
LAUA,[z],1630,E07000083,Tewkesbury,"1,090","1,090","1,100","1,110","1,110","1,130","1,150","1,160","1,160","1,160","1,230","1,220","1,220","1,210","1,220",,,,,,
NATL,[z],[z],W92000004,Wales,"27,910","28,160","28,480","28,720","29,020","29,350","29,730","30,020","31,280","31,580","33,020","33,760","34,090","34,090","34,220",,,,,,
LAUA,[z],6805,W06000001,Isle of Anglesey / Ynys Môn,580,590,610,610,630,640,640,630,640,640,660,670,680,680,700,,,,,,
LAUA,[z],6810,W06000002,Gwynedd / Gwynedd,"1,500","1,500","1,500","1,520","1,550","1,580","1,580","1,590","1,600","1,600","1,630","1,640","1,650","1,660","1,650",,,,,,
LAUA,[z],6905,W06000003,Conwy / Conwy,960,960,970,960,970,980,"1,000","1,020","1,020","1,030","1,060","1,060","1,060","1,070","1,070",,,,,,
LAUA,[z],6830,W06000004,Denbighshire / Sir Ddinbych,960,960,960,970,980,990,"1,000","1,010","1,010","1,020","1,030","1,050","1,050","1,050","1,050",,,,,,
LAUA,[z],6835,W06000005,Flintshire / Sir y Fflint,"1,890","1,920","1,950","1,960","1,980","2,000","2,020","2,040","2,060","2,110","2,150","2,180","2,160","2,180","2,200",,,,,,
LAUA,[z],6955,W06000006,Wrexham / Wrecsam,"1,390","1,390","1,410","1,370","1,380","1,430","1,450","1,450","1,450","1,460","1,510","1,530","1,540","1,520","1,520",,,,,,
LAUA,[z],6820,W06000008,Ceredigion / Ceredigion,740,770,790,800,810,830,840,850,870,880,930,940,950,930,930,,,,,,
LAUA,[z],6845,W06000009,Pembrokeshire / Sir Benfro,"1,300","1,310","1,340","1,370","1,370","1,380","1,400","1,400","1,410","1,420","1,470","1,520","1,540","1,540","1,550",,,,,,
LAUA,[z],6825,W06000010,Carmarthenshire / Sir Gaerfyrddin,"1,800","1,830","1,870","1,890","1,910","1,940","1,970","2,040","2,140","2,060","2,230","2,250","2,240","2,230","2,240",,,,,,
LAUA,[z],6855,W06000011,Swansea / Abertawe,"1,770","1,760","1,760","1,780","1,780","1,790","1,810","1,830","1,840","1,850","1,890","1,890","1,890","1,900","1,890",,,,,,
LAUA,[z],6930,W06000012,Neath Port Talbot / Castell-nedd Port Talbot,"1,170","1,160","1,170","1,170","1,180","1,200","1,220","1,240","1,250","1,280","1,300","1,300","1,310","1,320","1,330",,,,,,
LAUA,[z],6915,W06000013,Bridgend / Pen-y-bont ar Ogwr,"1,230","1,240","1,250","1,270","1,280","1,290","1,300","1,320","2,140","2,150","2,240","2,250","2,260","2,260","2,260",,,,,,
LAUA,[z],6950,W06000014,Vale of Glamorgan / Bro Morgannwg,930,930,930,960,950,960,960,970,990,"1,000","1,090","1,090","1,100","1,100","1,100",,,,,,
LAUA,[z],6815,W06000015,Cardiff / Caerdydd,"2,420","2,460","2,510","2,530","2,570","2,570","2,600","2,610","2,620","2,650","2,730","2,780","2,750","2,710","2,710",,,,,,
LAUA,[z],6940,W06000016,Rhondda Cynon Taf / Rhondda Cynon Taf,"1,820","1,850","1,880","1,880","1,890","1,880","1,910","1,950","1,990","1,980","2,210","2,430","2,610","2,620","2,680",,,,,,
LAUA,[z],6920,W06000018,Caerphilly / Caerffili,"1,570","1,590","1,600","1,610","1,630","1,630","1,670","1,680","1,770","1,810","1,990","2,100","2,140","2,150","2,190",,,,,,
LAUA,[z],6910,W06000019,Blaenau Gwent / Blaenau Gwent,690,680,690,700,710,720,730,740,740,760,810,810,820,810,820,,,,,,
LAUA,[z],6945,W06000020,Torfaen / Tor-faen,980,990,970,980,990,"1,010","1,050","1,080","1,100","1,120","1,150","1,170","1,190","1,190","1,200",,,,,,
LAUA,[z],6840,W06000021,Monmouthshire / Sir Fynwy,700,720,740,790,810,840,860,820,820,860,880,880,880,880,880,,,,,,
LAUA,[z],6935,W06000022,Newport / Casnewydd,"1,230","1,240","1,240","1,240","1,260","1,280","1,280","1,310","1,340","1,390","1,420","1,550","1,580","1,580","1,580",,,,,,
LAUA,[z],6850,W06000023,Powys / Powys,"1,830","1,850","1,870","1,900","1,910","1,930","1,940","1,940","1,960","1,990","2,080","2,110","2,140","2,130","2,140",,,,,,
LAUA,[z],6925,W06000024,Merthyr Tydfil / Merthyr Tudful,450,460,460,470,470,490,510,510,520,530,560,560,560,560,560,,,,,,
,,,,,,,,,,,,,,,,,,,,,,,,,
,,,,,,,,,,,,,,,,,,,,,,,,,
,,,,,,,,,,,,,,,,,,,,,,,,,
