"Table SOP7.1: Other Sector - number of rateable properties, by administrative area and financial year [note 1a]",,,,,,,,,,,,,,,,,,,,,,,,,
This worksheet contains one table. Some cells refer to notes which can be found in a table on the Notes worksheet.,,,,,,,,,,,,,,,,,,,,,,,,,
Cells which contain [z] mean the data point is not applicable.,,,,,,,,,,,,,,,,,,,,,,,,,
Cells which contain [c] mean the data point is between 1 and 4 and has been suppressed.,,,,,,,,,,,,,,,,,,,,,,,,,
"This table includes all Other sector properties in the England and Wales Non-Domestic Rating Lists, as at 31 March for each year between 2011 and 2025. ",,,,,,,,,,,,,,,,,,,,,,,,,
Figures show the number of properties (counts).,,,,,,,,,,,,,,,,,,,,,,,,,
Geography [note 5a],Abolished year [note 6],BA Code [note 5b],ONS area code [note 5c],ONS area name,31 March 2011,31 March 2012,31 March 2013,31 March 2014,31 March 2015,31 March 2016,31 March 2017,31 March 2018,31 March 2019,31 March 2020,31 March 2021,31 March 2022,31 March 2023,31 March 2024,31 March 2025,Note,,,,,
ENGWAL,[z],[z],K04000001,England and Wales,"520,180","525,810","530,480","544,980","557,180","563,000","579,710","602,200","610,360","619,990","619,470","628,750","635,550","627,660","623,810",,,,,,
NATL,[z],[z],E92000001,England,"486,090","491,550","496,170","510,080","521,510","527,100","542,760","563,290","570,350","578,860","576,870","585,350","591,310","584,130","581,570",,,,,,
REGL,[z],[z],E12000001,North East,"20,740","21,020","21,200","21,880","22,500","22,820","23,360","24,200","24,690","25,240","25,350","25,790","26,170","25,650","25,470",,,,,,
LAUA,[z],1355,E06000047,County Durham UA,"4,310","4,310","4,310","4,430","4,510","4,530","4,640","4,770","4,790","4,890","4,930","5,030","5,100","5,010","4,970",,,,,,
LAUA,[z],1350,E06000005,Darlington UA,720,720,720,730,750,740,780,850,860,890,860,880,890,870,890,,,,,,
LAUA,[z],0724,E06000001,Hartlepool UA,630,650,660,670,680,690,680,710,710,720,720,720,720,730,740,,,,,,
LAUA,[z],0734,E06000002,Middlesbrough UA,"1,020","1,070","1,060","1,110","1,110","1,120","1,150","1,190","1,200","1,190","1,160","1,150","1,170","1,160","1,160",,,,,,
LAUA,[z],2935,E06000057,Northumberland UA,"4,590","4,670","4,750","4,860","5,020","5,120","5,300","5,510","5,780","5,960","6,280","6,570","6,740","6,460","6,370",,,,,,
LAUA,[z],0728,E06000003,Redcar and Cleveland UA,990,990,"1,010","1,040","1,050","1,070","1,090","1,110","1,130","1,180","1,180","1,220","1,280","1,250","1,230",,,,,,
LAUA,[z],0738,E06000004,Stockton-on-Tees UA,"1,160","1,190","1,240","1,320","1,340","1,440","1,480","1,500","1,540","1,570","1,540","1,550","1,560","1,520","1,520",,,,,,
CTYMET,[z],[z],E11000007,Tyne and Wear (Met County),"7,320","7,430","7,460","7,720","8,040","8,110","8,240","8,550","8,690","8,840","8,690","8,680","8,720","8,650","8,590",,,,,,
LAUA,[z],4505,E08000037,Gateshead,"1,150","1,160","1,150","1,190","1,230","1,240","1,250","1,260","1,280","1,280","1,260","1,260","1,270","1,250","1,250",,,,,,
LAUA,[z],4510,E08000021,Newcastle upon Tyne,"2,440","2,460","2,470","2,570","2,720","2,770","2,850","3,040","3,110","3,170","3,120","3,130","3,120","3,140","3,140",,,,,,
LAUA,[z],4515,E08000022,North Tyneside,"1,240","1,240","1,270","1,290","1,300","1,310","1,310","1,390","1,400","1,390","1,360","1,360","1,400","1,400","1,430",,,,,,
LAUA,[z],4520,E08000023,South Tyneside,850,850,870,880,910,900,890,920,920,910,910,920,920,890,900,,,,,,
LAUA,[z],4525,E08000024,Sunderland,"1,650","1,710","1,700","1,800","1,870","1,900","1,940","1,940","1,990","2,090","2,040","2,010","2,000","1,970","1,880",,,,,,
REGL,[z],[z],E12000002,North West,"67,250","68,270","68,920","71,420","73,370","74,690","76,280","78,640","80,030","81,470","80,880","82,250","83,350","82,590","82,380",,,,,,
LAUA,[z],2372,E06000008,Blackburn with Darwen UA,"1,080","1,190","1,190","1,220","1,240","1,230","1,250","1,290","1,350","1,350","1,300","1,310","1,330","1,330","1,350",,,,,,
LAUA,[z],2373,E06000009,Blackpool UA,"2,590","2,610","2,600","2,610","2,600","2,540","2,480","2,470","2,460","2,460","2,420","2,360","2,470","2,380","2,370",,,,,,
LAUA,[z],0660,E06000049,Cheshire East UA,"3,090","3,090","3,130","3,210","3,310","3,520","3,750","4,040","4,240","4,520","4,510","4,590","4,660","4,660","4,760",,,,,,
LAUA,[z],0665,E06000050,Cheshire West and Chester UA,"2,710","2,780","2,800","2,790","2,800","2,760","2,850","2,900","2,950","3,220","3,210","3,250","3,320","3,330","3,340",,,,,,
LAUA,[z],0935,E06000063,Cumberland UA,"4,120","4,190","4,230","4,350","4,490","4,550","4,690","4,850","4,940","5,050","5,180","5,370","5,460","5,330","5,250",[note 5d],,,,,
LAUA,2023,0905,E07000026,Allerdale,"2,050","2,060","2,100","2,160","2,200","2,260","2,310","2,410","2,480","2,530","2,600","2,700","2,740","2,670","2,610",[note 5d],,,,,
LAUA,2023,0915,E07000028,Carlisle,"1,170","1,200","1,210","1,250","1,340","1,330","1,370","1,390","1,400","1,430","1,450","1,480","1,490","1,460","1,470",[note 5d],,,,,
LAUA,2023,0920,E07000029,Copeland,910,930,920,950,950,960,"1,010","1,040","1,060","1,090","1,140","1,200","1,230","1,200","1,170",[note 5d],,,,,
LAUA,[z],0650,E06000006,Halton UA,680,710,700,710,710,720,720,890,880,920,850,840,860,850,870,,,,,,
LAUA,[z],0655,E06000007,Warrington UA,"1,270","1,290","1,290","1,360","1,390","1,390","1,400","1,450","1,530","1,510","1,470","1,490","1,490","1,470","1,470",,,,,,
LAUA,[z],0940,E06000064,Westmorland and Furness UA,"6,130","6,230","6,350","6,500","6,560","6,630","6,740","6,860","7,070","7,230","7,500","7,860","8,110","7,890","7,680",[note 5e],,,,,
LAUA,2023,0910,E07000027,Barrow-in-Furness,720,720,730,730,720,730,740,690,690,700,710,730,740,780,780,[note 5e],,,,,
LAUA,2023,0925,E07000030,Eden,"1,580","1,580","1,600","1,640","1,650","1,650","1,680","1,750","1,800","1,840","1,900","2,000","2,070","2,010","1,970",[note 5e],,,,,
LAUA,2023,0930,E07000031,South Lakeland,"3,840","3,920","4,020","4,130","4,190","4,250","4,320","4,420","4,590","4,690","4,900","5,130","5,290","5,100","4,930",[note 5e],,,,,
CTYMET,[z],[z],E11000001,Greater Manchester (Met County),"27,030","27,250","27,350","28,580","29,480","30,100","30,890","31,660","31,740","32,090","31,700","32,200","32,400","32,060","32,100",,,,,,
LAUA,[z],4205,E08000001,Bolton,"2,390","2,430","2,370","2,510","2,580","2,570","2,630","2,850","2,950","2,960","2,950","3,020","3,040","2,930","2,980",,,,,,
LAUA,[z],4210,E08000002,Bury,"1,320","1,340","1,340","1,370","1,430","1,410","1,420","1,440","1,460","1,480","1,460","1,460","1,470","1,460","1,450",,,,,,
LAUA,[z],4215,E08000003,Manchester,"6,640","6,690","6,720","6,990","7,270","7,450","7,870","8,120","8,090","8,280","8,280","8,330","8,390","8,240","8,160",,,,,,
LAUA,[z],4220,E08000004,Oldham,"1,760","1,740","1,740","1,790","1,830","1,820","1,820","1,810","1,810","1,780","1,760","1,780","1,790","1,800","1,830",,,,,,
LAUA,[z],4225,E08000005,Rochdale,"1,510","1,540","1,540","1,560","1,600","1,580","1,570","1,600","1,610","1,630","1,580","1,610","1,660","1,660","1,670",,,,,,
LAUA,[z],4230,E08000006,Salford,"4,210","4,210","4,240","4,450","4,500","4,910","4,980","4,920","4,910","4,910","4,870","4,960","4,930","4,960","4,970",,,,,,
LAUA,[z],4235,E08000007,Stockport,"2,410","2,470","2,500","2,590","2,730","2,840","2,950","3,140","3,210","3,240","3,180","3,220","3,240","3,250","3,270",,,,,,
LAUA,[z],4240,E08000008,Tameside,"1,500","1,550","1,550","1,590","1,620","1,610","1,630","1,660","1,690","1,660","1,650","1,690","1,690","1,660","1,660",,,,,,
LAUA,[z],4245,E08000009,Trafford,"2,910","2,930","2,990","3,300","3,450","3,460","3,520","3,630","3,500","3,580","3,440","3,550","3,580","3,600","3,580",,,,,,
LAUA,[z],4250,E08000010,Wigan,"2,400","2,360","2,350","2,430","2,470","2,460","2,490","2,490","2,520","2,570","2,550","2,590","2,620","2,520","2,530",,,,,,
CTYMET,[z],[z],E10000017,Lancashire,"9,940","10,070","10,140","10,350","10,590","10,710","10,870","11,260","11,570","11,530","11,390","11,660","11,880","11,910","11,880",,,,,,
LAUA,[z],2315,E07000117,Burnley,760,760,760,790,810,830,840,840,870,860,820,830,850,860,850,,,,,,
LAUA,[z],2320,E07000118,Chorley,790,830,840,880,890,890,890,940,950,950,930,940,960,960,970,,,,,,
LAUA,[z],2325,E07000119,Fylde,690,680,690,720,730,750,770,820,850,860,870,880,940,940,950,,,,,,
LAUA,[z],2330,E07000120,Hyndburn,680,670,660,680,700,690,680,680,680,720,700,710,720,710,680,,,,,,
LAUA,[z],2335,E07000121,Lancaster,"1,460","1,540","1,560","1,550","1,570","1,590","1,600","1,660","1,670","1,660","1,650","1,700","1,730","1,700","1,720",,,,,,
LAUA,[z],2340,E07000122,Pendle,670,700,700,710,720,730,750,760,770,780,770,800,820,830,790,,,,,,
LAUA,[z],2345,E07000123,Preston,"1,130","1,110","1,120","1,140","1,180","1,220","1,240","1,290","1,400","1,320","1,290","1,320","1,350","1,360","1,370",,,,,,
LAUA,[z],2350,E07000124,Ribble Valley,660,680,690,710,720,720,740,770,810,820,820,870,910,910,890,,,,,,
LAUA,[z],2355,E07000125,Rossendale,550,550,540,550,560,570,600,600,600,600,570,590,590,580,580,,,,,,
LAUA,[z],2360,E07000126,South Ribble,600,580,590,600,630,640,660,710,760,760,740,770,770,770,780,,,,,,
LAUA,[z],2365,E07000127,West Lancashire,870,860,870,890,900,900,910,930,930,920,920,930,920,930,930,,,,,,
LAUA,[z],2370,E07000128,Wyre,"1,110","1,120","1,140","1,160","1,180","1,190","1,200","1,260","1,280","1,290","1,300","1,320","1,350","1,360","1,380",,,,,,
CTYMET,[z],[z],E11000002,Merseyside (Met County),"8,610","8,850","9,150","9,730","10,200","10,540","10,660","10,980","11,300","11,590","11,350","11,320","11,390","11,380","11,320",,,,,,
LAUA,[z],4305,E08000011,Knowsley,540,550,650,670,720,760,760,790,790,750,720,740,740,750,760,,,,,,
LAUA,[z],4310,E08000012,Liverpool,"3,860","4,050","4,180","4,530","4,750","4,990","5,130","5,280","5,550","5,680","5,650","5,600","5,610","5,560","5,410",,,,,,
LAUA,[z],4320,E08000014,Sefton,"1,620","1,640","1,670","1,770","1,910","1,960","1,950","2,030","2,030","2,040","1,980","1,980","1,990","2,010","2,010",,,,,,
LAUA,[z],4315,E08000013,St. Helens,910,910,930,"1,000","1,030","1,010","1,010","1,030","1,060","1,060","1,020","1,010","1,040","1,020","1,060",,,,,,
LAUA,[z],4325,E08000015,Wirral,"1,690","1,700","1,710","1,770","1,790","1,820","1,800","1,850","1,870","2,060","1,980","1,990","2,010","2,050","2,070",,,,,,
REGL,[z],[z],E12000003,Yorkshire and The Humber,"48,010","48,620","48,990","50,140","51,400","51,790","52,900","54,790","55,600","56,290","55,850","57,030","57,860","57,210","56,990",,,,,,
LAUA,[z],2001,E06000011,East Riding of Yorkshire UA,"3,470","3,490","3,570","3,650","3,750","3,810","3,900","4,040","4,150","4,270","4,300","4,490","4,600","4,550","4,370",,,,,,
LAUA,[z],2004,E06000010,"Kingston upon Hull, City of UA","2,000","1,980","2,000","2,020","2,070","2,070","2,070","2,130","2,160","2,170","2,060","2,030","2,030","2,000","2,010",,,,,,
LAUA,[z],2002,E06000012,North East Lincolnshire UA,"1,370","1,370","1,390","1,390","1,430","1,420","1,440","1,460","1,460","1,450","1,430","1,430","1,420","1,420","1,450",,,,,,
LAUA,[z],2003,E06000013,North Lincolnshire UA,"1,380","1,600","1,560","1,550","1,590","1,620","1,660","1,690","1,680","1,690","1,540","1,550","1,550","1,620","1,660",,,,,,
LAUA,[z],2740,E06000065,North Yorkshire UA,"10,530","10,700","10,890","11,160","11,500","11,730","12,040","12,560","12,900","13,410","13,970","14,650","15,080","14,590","14,410",[note 5f],,,,,
LAUA,2023,2705,E07000163,Craven,"1,230","1,220","1,240","1,260","1,270","1,270","1,280","1,360","1,420","1,470","1,550","1,630","1,690","1,650","1,640",[note 5f],,,,,
LAUA,2023,2710,E07000164,Hambleton,"1,240","1,230","1,250","1,270","1,300","1,310","1,340","1,380","1,440","1,510","1,510","1,570","1,600","1,580","1,590",[note 5f],,,,,
LAUA,2023,2715,E07000165,Harrogate,"1,980","2,000","2,020","2,040","2,090","2,160","2,200","2,240","2,260","2,300","2,360","2,410","2,430","2,370","2,340",[note 5f],,,,,
LAUA,2023,2720,E07000166,Richmondshire,"1,260","1,260","1,260","1,280","1,300","1,330","1,370","1,440","1,490","1,530","1,580","1,630","1,670","1,590","1,550",[note 5f],,,,,
LAUA,2023,2725,E07000167,Ryedale,"1,220","1,230","1,250","1,280","1,290","1,290","1,300","1,350","1,350","1,390","1,440","1,510","1,540","1,510","1,470",[note 5f],,,,,
LAUA,2023,2730,E07000168,Scarborough,"2,850","3,020","3,140","3,280","3,480","3,570","3,750","3,980","4,120","4,350","4,670","5,040","5,270","5,020","4,960",[note 5f],,,,,
LAUA,2023,2735,E07000169,Selby,750,740,740,750,760,790,790,820,830,860,860,870,880,870,870,[note 5f],,,,,
LAUA,[z],2741,E06000014,York UA,"1,680","1,710","1,740","1,790","1,870","1,980","2,030","2,130","2,230","2,300","2,360","2,530","2,610","2,570","2,550",,,,,,
CTYMET,[z],[z],E11000003,South Yorkshire (Met County),"9,510","9,590","9,730","10,140","10,410","10,270","10,210","10,570","10,580","10,390","10,130","10,230","10,290","10,190","10,170",,,,,,
LAUA,[z],4405,E08000016,Barnsley,"1,500","1,490","1,500","1,540","1,530","1,540","1,590","1,640","1,690","1,660","1,640","1,660","1,680","1,680","1,700",,,,,,
LAUA,[z],4410,E08000017,Doncaster,"2,060","2,090","2,100","2,180","2,250","2,260","2,280","2,420","2,330","2,340","2,280","2,270","2,250","2,210","2,180",,,,,,
LAUA,[z],4415,E08000018,Rotherham,"1,590","1,590","1,600","1,750","1,790","1,790","1,790","1,790","1,800","1,670","1,600","1,610","1,630","1,630","1,640",,,,,,
LAUA,[z],4420,E08000019,Sheffield,"4,360","4,420","4,540","4,670","4,840","4,680","4,550","4,720","4,770","4,720","4,620","4,690","4,730","4,670","4,660",,,,,,
CTYMET,[z],[z],E11000006,West Yorkshire (Met County),"18,090","18,170","18,100","18,440","18,800","18,900","19,550","20,210","20,450","20,610","20,070","20,120","20,260","20,270","20,380",,,,,,
LAUA,[z],4705,E08000032,Bradford,"3,760","3,740","3,700","3,760","3,830","3,820","3,840","3,970","4,000","3,930","3,800","3,810","3,840","3,790","3,740",,,,,,
LAUA,[z],4710,E08000033,Calderdale,"1,930","1,920","1,920","1,960","2,000","2,000","2,030","2,090","2,110","2,120","2,080","2,090","2,100","2,090","2,080",,,,,,
LAUA,[z],4715,E08000034,Kirklees,"3,110","3,110","3,080","3,150","3,210","3,210","3,280","3,350","3,400","3,430","3,370","3,400","3,450","3,480","3,510",,,,,,
LAUA,[z],4720,E08000035,Leeds,"6,900","7,010","7,030","7,130","7,190","7,260","7,780","8,160","8,260","8,430","8,210","8,220","8,270","8,350","8,460",,,,,,
LAUA,[z],4725,E08000036,Wakefield,"2,390","2,390","2,380","2,450","2,570","2,610","2,620","2,640","2,670","2,700","2,600","2,590","2,590","2,560","2,580",,,,,,
REGL,[z],[z],E12000004,East Midlands,"37,080","37,110","37,350","38,540","39,200","39,560","40,470","41,830","42,470","42,850","42,550","43,190","43,430","43,090","43,020",,,,,,
LAUA,[z],1055,E06000015,Derby UA,"1,670","1,680","1,670","1,690","1,750","1,770","1,820","1,910","1,910","1,920","1,860","1,830","1,820","1,790","1,650",,,,,,
LAUA,[z],2465,E06000016,Leicester UA,"2,230","2,210","2,200","2,330","2,410","2,320","2,390","2,420","2,610","2,610","2,570","2,590","2,380","2,270","2,310",,,,,,
LAUA,[z],2840,E06000061,North Northamptonshire UA,"2,100","2,100","2,110","2,290","2,340","2,410","2,420","2,520","2,570","2,570","2,530","2,530","2,560","2,550","2,550",[note 5g],,,,,
LAUA,2021,2805,E07000150,Corby,340,350,350,380,390,400,420,440,430,430,400,390,390,390,400,[note 5g],,,,,
LAUA,2021,2815,E07000152,East Northamptonshire,660,660,680,710,720,730,730,740,780,800,790,810,820,810,800,[note 5g],,,,,
LAUA,2021,2820,E07000153,Kettering,590,590,580,640,660,700,700,740,750,750,740,750,750,740,740,[note 5g],,,,,
LAUA,2021,2835,E07000156,Wellingborough,510,510,510,560,580,580,580,610,610,600,590,580,600,610,620,[note 5g],,,,,
LAUA,[z],3060,E06000018,Nottingham UA,"2,860","2,860","2,930","2,990","3,010","2,940","3,000","3,210","3,220","3,210","3,120","3,160","3,170","3,170","3,140",,,,,,
LAUA,[z],2470,E06000017,Rutland UA,470,480,480,500,520,530,550,570,570,580,600,600,600,600,590,,,,,,
LAUA,[z],2845,E06000062,West Northamptonshire UA,"2,740","2,740","2,770","2,890","2,970","3,000","3,050","3,090","3,080","3,070","3,030","3,080","3,130","3,140","3,200",[note 5h],,,,,
LAUA,2021,2810,E07000151,Daventry,700,700,710,750,780,810,830,820,830,830,820,830,850,850,880,[note 5h],,,,,
LAUA,2021,2825,E07000154,Northampton,"1,280","1,270","1,280","1,330","1,370","1,360","1,370","1,410","1,380","1,370","1,330","1,350","1,380","1,380","1,400",[note 5h],,,,,
LAUA,2021,2830,E07000155,South Northamptonshire,760,770,780,820,820,840,850,860,870,870,880,900,900,910,920,[note 5h],,,,,
CTYMET,[z],[z],E10000007,Derbyshire,"7,010","7,030","7,080","7,270","7,310","7,360","7,590","7,830","7,980","8,130","8,220","8,560","8,720","8,670","8,600",,,,,,
LAUA,[z],1005,E07000032,Amber Valley,970,960,960,970,960,960,"1,010","1,060","1,070","1,090","1,080","1,110","1,120","1,110","1,100",,,,,,
LAUA,[z],1010,E07000033,Bolsover,500,500,500,510,530,540,550,540,560,560,560,570,570,580,580,,,,,,
LAUA,[z],1015,E07000034,Chesterfield,820,800,790,800,810,800,830,860,870,870,850,870,870,860,850,,,,,,
LAUA,[z],1045,E07000035,Derbyshire Dales,"1,600","1,630","1,650","1,720","1,730","1,750","1,790","1,870","1,930","2,000","2,120","2,290","2,360","2,310","2,270",,,,,,
LAUA,[z],1025,E07000036,Erewash,700,710,720,720,720,720,740,750,750,750,730,730,750,740,740,,,,,,
LAUA,[z],1030,E07000037,High Peak,"1,060","1,070","1,080","1,100","1,110","1,120","1,140","1,150","1,160","1,190","1,210","1,270","1,310","1,310","1,310",,,,,,
LAUA,[z],1035,E07000038,North East Derbyshire,740,740,750,770,770,800,840,880,920,940,940,980,"1,000","1,010",990,,,,,,
LAUA,[z],1040,E07000039,South Derbyshire,640,630,640,670,670,670,700,710,720,740,740,750,760,760,780,,,,,,
CTYMET,[z],[z],E10000018,Leicestershire,"4,390","4,400","4,400","4,570","4,710","4,820","4,930","5,110","5,120","5,180","5,120","5,200","5,260","5,290","5,310",,,,,,
LAUA,[z],2405,E07000129,Blaby,490,480,480,510,550,570,590,620,630,630,590,620,630,630,630,,,,,,
LAUA,[z],2410,E07000130,Charnwood,"1,040","1,060","1,060","1,100","1,120","1,110","1,150","1,170","1,150","1,150","1,130","1,130","1,130","1,120","1,120",,,,,,
LAUA,[z],2415,E07000131,Harborough,750,770,760,800,820,830,850,920,930,950,960,980,990,"1,000","1,010",,,,,,
LAUA,[z],2420,E07000132,Hinckley and Bosworth,670,660,670,690,710,760,760,770,770,770,780,800,810,830,840,,,,,,
LAUA,[z],2430,E07000133,Melton,440,450,440,440,460,480,480,490,500,510,510,510,530,530,530,,,,,,
LAUA,[z],2435,E07000134,North West Leicestershire,730,720,730,750,770,790,810,840,840,880,880,880,900,910,910,,,,,,
LAUA,[z],2440,E07000135,Oadby and Wigston,270,270,270,270,280,290,290,300,290,300,280,270,280,280,280,,,,,,
CTYMET,[z],[z],E10000019,Lincolnshire,"8,230","8,190","8,250","8,440","8,560","8,650","8,840","9,080","9,180","9,280","9,250","9,320","9,370","9,170","9,180",,,,,,
LAUA,[z],2505,E07000136,Boston,550,550,550,570,600,630,660,670,680,700,700,700,690,690,700,,,,,,
LAUA,[z],2510,E07000137,East Lindsey,"3,150","3,150","3,190","3,230","3,280","3,320","3,360","3,430","3,440","3,460","3,470","3,510","3,510","3,330","3,290",,,,,,
LAUA,[z],2515,E07000138,Lincoln,840,840,830,850,860,870,920,940,960,990,960,980,950,910,920,,,,,,
LAUA,[z],2520,E07000139,North Kesteven,880,870,860,890,910,930,950,980,990,980,970,990,"1,000",990,"1,000",,,,,,
LAUA,[z],2525,E07000140,South Holland,760,750,760,780,780,770,780,820,840,870,860,870,890,910,930,,,,,,
LAUA,[z],2530,E07000141,South Kesteven,"1,180","1,180","1,190","1,220","1,230","1,230","1,250","1,270","1,290","1,290","1,280","1,280","1,300","1,310","1,330",,,,,,
LAUA,[z],2535,E07000142,West Lindsey,860,870,880,900,900,910,930,970,980,990,"1,000","1,010","1,020","1,020","1,020",,,,,,
CTYMET,[z],[z],E10000024,Nottinghamshire,"5,380","5,420","5,460","5,560","5,640","5,770","5,890","6,100","6,230","6,310","6,260","6,330","6,430","6,470","6,500",,,,,,
LAUA,[z],3005,E07000170,Ashfield,660,650,650,670,680,690,700,690,740,740,750,750,770,760,770,,,,,,
LAUA,[z],3010,E07000171,Bassetlaw,"1,020","1,020","1,020","1,050","1,080","1,110","1,150","1,200","1,240","1,280","1,250","1,280","1,280","1,290","1,300",,,,,,
LAUA,[z],3015,E07000172,Broxtowe,580,580,580,610,610,610,620,680,680,680,680,680,680,670,680,,,,,,
LAUA,[z],3020,E07000173,Gedling,640,650,670,680,680,690,700,710,710,710,690,670,690,690,700,,,,,,
LAUA,[z],3025,E07000174,Mansfield,660,670,680,680,700,700,720,740,760,760,740,730,720,740,760,,,,,,
LAUA,[z],3030,E07000175,Newark and Sherwood,"1,050","1,070","1,080","1,080","1,100","1,110","1,130","1,150","1,170","1,190","1,210","1,250","1,270","1,280","1,270",,,,,,
LAUA,[z],3040,E07000176,Rushcliffe,770,780,780,800,800,850,880,930,940,950,940,970,"1,010","1,030","1,030",,,,,,
REGL,[z],[z],E12000005,West Midlands,"52,460","52,400","53,340","55,180","55,990","55,840","57,510","59,580","59,640","59,770","58,980","59,180","58,950","58,920","58,650",,,,,,
LAUA,[z],1850,E06000019,"Herefordshire, County of UA","2,430","2,440","2,480","2,530","2,610","2,620","2,660","2,740","2,780","2,800","2,840","2,850","2,860","2,850","2,830",,,,,,
LAUA,[z],3245,E06000051,Shropshire UA,"3,410","3,450","3,520","3,610","3,650","3,660","3,720","3,910","3,970","4,020","4,080","4,160","4,230","4,230","4,160",,,,,,
LAUA,[z],3455,E06000021,Stoke-on-Trent UA,"1,980","1,960","1,960","1,990","2,010","2,020","2,060","2,060","2,040","1,900","1,830","1,830","1,830","1,840","1,840",,,,,,
LAUA,[z],3240,E06000020,Telford and Wrekin UA,"1,100","1,100","1,090","1,160","1,240","1,250","1,320","1,350","1,340","1,390","1,380","1,390","1,390","1,410","1,430",,,,,,
CTYMET,[z],[z],E10000028,Staffordshire,"6,380","6,400","6,430","6,500","6,550","6,570","6,880","7,210","7,290","7,350","7,190","7,220","7,280","7,290","7,280",,,,,,
LAUA,[z],3405,E07000192,Cannock Chase,580,580,590,600,580,580,640,770,780,780,750,750,750,760,750,,,,,,
LAUA,[z],3410,E07000193,East Staffordshire,920,920,910,930,960,960,"1,010","1,030","1,030","1,030","1,030","1,050","1,060","1,050","1,060",,,,,,
LAUA,[z],3415,E07000194,Lichfield,740,740,740,750,760,760,800,820,830,830,810,810,810,820,830,,,,,,
LAUA,[z],3420,E07000195,Newcastle-under-Lyme,870,870,870,870,870,870,920,950,960,970,950,950,950,950,960,,,,,,
LAUA,[z],3430,E07000196,South Staffordshire,770,780,790,790,790,810,850,860,850,860,840,840,860,860,850,,,,,,
LAUA,[z],3425,E07000197,Stafford,"1,080","1,070","1,080","1,090","1,100","1,110","1,130","1,230","1,240","1,250","1,210","1,200","1,220","1,230","1,240",,,,,,
LAUA,[z],3435,E07000198,Staffordshire Moorlands,"1,020","1,040","1,060","1,060","1,070","1,070","1,090","1,100","1,120","1,150","1,160","1,180","1,190","1,180","1,150",,,,,,
LAUA,[z],3445,E07000199,Tamworth,400,410,400,410,410,420,450,460,480,480,450,450,450,440,450,,,,,,
CTYMET,[z],[z],E10000031,Warwickshire,"4,630","4,630","4,610","4,760","4,810","4,850","5,310","5,930","5,980","6,150","6,080","6,200","6,290","6,310","6,290",,,,,,
LAUA,[z],3705,E07000218,North Warwickshire,590,590,580,590,590,590,630,650,660,670,670,670,680,800,810,,,,,,
LAUA,[z],3710,E07000219,Nuneaton and Bedworth,660,660,650,660,680,680,720,770,770,810,770,770,770,770,790,,,,,,
LAUA,[z],3715,E07000220,Rugby,800,810,810,830,840,840,880,930,930,930,890,890,910,900,910,,,,,,
LAUA,[z],3720,E07000221,Stratford-on-Avon,"1,500","1,510","1,520","1,580","1,580","1,600","1,790","2,070","2,070","2,150","2,190","2,280","2,320","2,290","2,240",,,,,,
LAUA,[z],3725,E07000222,Warwick,"1,070","1,060","1,050","1,100","1,120","1,140","1,290","1,530","1,550","1,590","1,570","1,590","1,610","1,550","1,550",,,,,,
CTYMET,[z],[z],E11000005,West Midlands (Met County),"27,630","27,450","28,170","29,460","29,860","29,600","30,130","30,640","30,420","30,240","29,720","29,610","29,110","29,050","28,890",,,,,,
LAUA,[z],4605,E08000025,Birmingham,"17,380","17,200","17,730","18,360","18,530","18,230","18,160","18,050","17,700","17,530","17,280","17,290","16,790","16,840","16,640",,,,,,
LAUA,[z],4610,E08000026,Coventry,"1,650","1,660","1,650","1,770","1,840","1,880","2,030","2,270","2,360","2,360","2,300","2,330","2,330","2,290","2,300",,,,,,
LAUA,[z],4615,E08000027,Dudley,"2,120","2,120","2,110","2,130","2,160","2,150","2,310","2,390","2,380","2,380","2,310","2,300","2,320","2,300","2,320",,,,,,
LAUA,[z],4620,E08000028,Sandwell,"2,000","1,980","2,190","2,570","2,580","2,600","2,680","2,790","2,810","2,790","2,640","2,470","2,490","2,480","2,460",,,,,,
LAUA,[z],4625,E08000029,Solihull,"1,020","1,020","1,010","1,100","1,170","1,180","1,320","1,440","1,470","1,500","1,610","1,610","1,510","1,530","1,530",,,,,,
LAUA,[z],4630,E08000030,Walsall,"1,850","1,840","1,840","1,900","1,900","1,920","2,000","1,990","2,000","1,970","1,880","1,840","1,870","1,810","1,820",,,,,,
LAUA,[z],4635,E08000031,Wolverhampton,"1,610","1,630","1,640","1,640","1,680","1,650","1,650","1,690","1,700","1,710","1,710","1,760","1,800","1,800","1,830",,,,,,
CTYMET,[z],[z],E10000034,Worcestershire,"4,920","4,970","5,080","5,170","5,260","5,260","5,430","5,740","5,830","5,920","5,860","5,920","5,960","5,950","5,930",,,,,,
LAUA,[z],1805,E07000234,Bromsgrove,720,730,750,760,760,770,830,990,"1,010","1,040","1,000","1,000","1,010",990,980,,,,,,
LAUA,[z],1860,E07000235,Malvern Hills,880,890,900,910,920,910,930,970,970,990,"1,010","1,030","1,030","1,040","1,040",,,,,,
LAUA,[z],1825,E07000236,Redditch,420,430,430,450,460,470,480,510,530,540,520,510,520,510,500,,,,,,
LAUA,[z],1835,E07000237,Worcester,720,720,720,720,720,730,750,770,770,770,740,760,780,770,780,,,,,,
LAUA,[z],1840,E07000238,Wychavon,"1,270","1,300","1,310","1,340","1,380","1,370","1,410","1,450","1,480","1,500","1,530","1,560","1,570","1,580","1,590",,,,,,
LAUA,[z],1845,E07000239,Wyre Forest,910,920,980,990,"1,020","1,010","1,040","1,060","1,060","1,080","1,060","1,060","1,060","1,060","1,040",,,,,,
REGL,[z],[z],E12000006,East of England,"57,000","57,720","58,240","60,050","61,490","62,700","64,630","67,510","68,410","69,420","68,970","69,820","70,570","69,110","69,130",,,,,,
LAUA,[z],0235,E06000055,Bedford UA,"1,370","1,380","1,360","1,390","1,420","1,440","1,520","1,670","1,660","1,640","1,620","1,620","1,610","1,610","1,630",,,,,,
LAUA,[z],0240,E06000056,Central Bedfordshire UA,"1,820","1,830","1,810","1,850","1,860","1,890","1,920","1,930","1,970","1,990","1,930","1,920","1,940","1,900","1,890",,,,,,
LAUA,[z],0230,E06000032,Luton UA,"1,200","1,240","1,250","1,290","1,360","1,340","1,360","1,430","1,390","1,390","1,370","1,370","1,360","1,340","1,320",,,,,,
LAUA,[z],0540,E06000031,Peterborough UA,"1,210","1,240","1,250","1,270","1,290","1,280","1,360","1,450","1,460","1,490","1,470","1,590","1,520","1,460","1,540",,,,,,
LAUA,[z],1590,E06000033,Southend-on-Sea UA,"1,550","1,530","1,550","1,580","1,620","1,650","1,660","1,700","1,710","1,710","1,630","1,630","1,640","1,610","1,610",,,,,,
LAUA,[z],1595,E06000034,Thurrock UA,890,870,880,900,950,960,980,"1,040","1,030","1,050","1,030","1,040","1,050","1,040","1,040",,,,,,
CTYMET,[z],[z],E10000003,Cambridgeshire,"4,970","5,020","5,020","5,200","5,320","5,390","5,710","6,060","6,170","6,180","6,110","6,140","6,180","6,220","6,170",,,,,,
LAUA,[z],0505,E07000008,Cambridge,"1,100","1,090","1,100","1,140","1,170","1,160","1,370","1,510","1,540","1,480","1,490","1,440","1,440","1,400","1,310",,,,,,
LAUA,[z],0510,E07000009,East Cambridgeshire,740,730,730,770,790,790,800,830,830,830,840,850,870,880,880,,,,,,
LAUA,[z],0515,E07000010,Fenland,720,730,730,750,770,770,790,810,810,820,810,810,810,810,820,,,,,,
LAUA,[z],0520,E07000011,Huntingdonshire,"1,320","1,320","1,310","1,360","1,390","1,410","1,440","1,540","1,570","1,620","1,580","1,620","1,640","1,660","1,670",,,,,,
LAUA,[z],0530,E07000012,South Cambridgeshire,"1,100","1,140","1,150","1,180","1,200","1,260","1,300","1,370","1,410","1,430","1,390","1,410","1,420","1,460","1,490",,,,,,
CTYMET,[z],[z],E10000012,Essex,"13,530","13,750","13,780","14,070","14,430","14,530","15,070","15,550","15,680","15,830","15,570","15,640","15,710","15,600","15,690",,,,,,
LAUA,[z],1505,E07000066,Basildon,910,970,970,960,"1,000","1,010","1,070","1,140","1,120","1,140","1,070","1,070","1,070","1,050","1,070",,,,,,
LAUA,[z],1510,E07000067,Braintree,"1,070","1,080","1,080","1,090","1,150","1,160","1,190","1,250","1,260","1,280","1,250","1,270","1,270","1,250","1,260",,,,,,
LAUA,[z],1515,E07000068,Brentwood,520,520,520,550,580,580,610,640,650,660,660,670,680,670,670,,,,,,
LAUA,[z],1520,E07000069,Castle Point,490,480,480,500,500,500,490,490,480,480,450,470,470,460,470,,,,,,
LAUA,[z],1525,E07000070,Chelmsford,"1,050","1,090","1,100","1,110","1,130","1,130","1,170","1,230","1,240","1,270","1,240","1,250","1,260","1,250","1,230",,,,,,
LAUA,[z],1530,E07000071,Colchester,"1,800","1,790","1,800","1,840","1,890","1,910","2,060","2,090","2,150","2,180","2,150","2,160","2,190","2,200","2,220",,,,,,
LAUA,[z],1535,E07000072,Epping Forest,890,890,880,930,950,950,990,"1,020","1,020","1,030","1,020","1,010","1,010","1,010","1,010",,,,,,
LAUA,[z],1540,E07000073,Harlow,510,520,520,530,520,540,550,580,600,600,570,570,570,570,590,,,,,,
LAUA,[z],1545,E07000074,Maldon,620,640,640,660,700,700,720,720,720,730,730,740,730,710,710,,,,,,
LAUA,[z],1550,E07000075,Rochford,520,510,500,520,530,530,550,610,610,620,610,610,610,600,600,,,,,,
LAUA,[z],1560,E07000076,Tendring,"4,410","4,430","4,470","4,530","4,610","4,630","4,750","4,810","4,820","4,850","4,840","4,860","4,870","4,840","4,850",,,,,,
LAUA,[z],1570,E07000077,Uttlesford,750,830,830,840,880,900,920,990,"1,010","1,010",980,980,990,990,"1,010",,,,,,
CTYMET,[z],[z],E10000015,Hertfordshire,"7,470","7,440","7,540","7,860","8,060","8,490","8,920","9,190","9,270","9,230","8,880","8,860","8,890","8,900","8,960",,,,,,
LAUA,[z],1905,E07000095,Broxbourne,460,460,450,480,510,510,500,520,510,510,490,490,500,500,510,,,,,,
LAUA,[z],1910,E07000096,Dacorum,"1,120","1,120","1,130","1,150","1,150","1,170","1,230","1,280","1,290","1,290","1,260","1,260","1,260","1,250","1,250",,,,,,
LAUA,[z],1915,E07000242,East Hertfordshire,"1,140","1,160","1,160","1,190","1,200","1,230","1,310","1,380","1,410","1,380","1,360","1,360","1,380","1,380","1,400",,,,,,
LAUA,[z],1920,E07000098,Hertsmere,670,650,680,720,790,810,820,820,840,830,810,810,810,800,800,,,,,,
LAUA,[z],1925,E07000099,North Hertfordshire,930,930,940,980,"1,000","1,040","1,080","1,090","1,100","1,130","1,110","1,110","1,110","1,120","1,130",,,,,,
LAUA,[z],1930,E07000240,St Albans,"1,030","1,010","1,010","1,030","1,050","1,060","1,130","1,190","1,200","1,220","1,190","1,190","1,190","1,190","1,190",,,,,,
LAUA,[z],1935,E07000243,Stevenage,410,410,430,460,460,560,620,640,640,620,620,610,600,600,600,,,,,,
LAUA,[z],1940,E07000102,Three Rivers,540,540,550,580,590,590,600,600,600,600,580,570,580,590,580,,,,,,
LAUA,[z],1945,E07000103,Watford,520,520,540,590,610,820,910,960,970,940,770,740,760,760,760,,,,,,
LAUA,[z],1950,E07000241,Welwyn Hatfield,650,640,650,690,700,710,710,720,720,720,700,720,730,710,740,,,,,,
CTYMET,[z],[z],E10000020,Norfolk,"12,780","13,060","13,340","13,880","14,220","14,620","14,890","15,760","16,130","16,740","17,170","17,670","18,090","17,040","16,990",,,,,,
LAUA,[z],2605,E07000143,Breckland,"1,270","1,300","1,310","1,340","1,370","1,350","1,360","1,390","1,410","1,410","1,430","1,450","1,480","1,460","1,450",,,,,,
LAUA,[z],2610,E07000144,Broadland,"1,110","1,140","1,170","1,200","1,240","1,280","1,300","1,350","1,370","1,390","1,380","1,420","1,450","1,460","1,460",,,,,,
LAUA,[z],2615,E07000145,Great Yarmouth,"2,060","2,100","2,120","2,130","2,140","2,150","2,160","2,310","2,360","2,450","2,550","2,640","2,730","2,210","2,270",,,,,,
LAUA,[z],2635,E07000146,King's Lynn and West Norfolk,"2,290","2,320","2,360","2,430","2,510","2,590","2,650","2,820","2,920","3,000","3,130","3,220","3,300","3,200","3,210",,,,,,
LAUA,[z],2620,E07000147,North Norfolk,"3,330","3,460","3,510","3,690","3,770","3,960","4,080","4,280","4,430","4,700","4,890","5,100","5,260","4,940","4,830",,,,,,
LAUA,[z],2625,E07000148,Norwich,"1,490","1,510","1,620","1,680","1,730","1,800","1,830","1,970","1,970","2,030","2,030","2,050","2,070","1,980","2,010",,,,,,
LAUA,[z],2630,E07000149,South Norfolk,"1,230","1,240","1,250","1,410","1,460","1,480","1,510","1,650","1,680","1,760","1,760","1,770","1,800","1,780","1,770",,,,,,
CTYMET,[z],[z],E10000029,Suffolk,"10,210","10,360","10,460","10,760","10,980","11,100","11,250","11,740","11,940","12,170","12,200","12,350","12,590","12,380","12,310",,,,,,
LAUA,[z],3505,E07000200,Babergh,910,920,930,950,980,"1,010","1,050","1,090","1,120","1,140","1,140","1,170","1,180","1,150","1,150",,,,,,
LAUA,[z],3540,E07000244,East Suffolk,"5,760","5,850","5,920","6,090","6,160","6,210","6,250","6,350","6,490","6,610","6,710","6,760","6,970","6,810","6,720",,,,,,
LAUA,[z],3515,E07000202,Ipswich,"1,000","1,020","1,030","1,080","1,130","1,150","1,180","1,330","1,350","1,360","1,300","1,310","1,310","1,300","1,280",,,,,,
LAUA,[z],3520,E07000203,Mid Suffolk,990,"1,000","1,020","1,040","1,070","1,070","1,090","1,140","1,150","1,210","1,220","1,240","1,250","1,250","1,250",,,,,,
LAUA,[z],3545,E07000245,West Suffolk,"1,550","1,570","1,560","1,600","1,640","1,660","1,690","1,830","1,830","1,850","1,840","1,870","1,880","1,880","1,910",,,,,,
REGL,[z],[z],E12000007,London,"67,930","68,930","69,110","70,350","71,490","71,410","72,920","74,350","73,850","74,090","72,160","71,770","71,190","70,920","70,680",,,,,,
CTYMET,[z],[z],E13000001,Inner London,"41,110","41,860","41,960","42,350","42,940","42,540","42,980","43,290","42,690","42,780","41,800","41,360","40,670","40,210","39,900",,,,,,
LAUA,[z],5210,E09000007,Camden,"4,460","4,800","4,780","4,810","4,830","4,800","5,000","5,000","4,950","4,940","4,800","4,690","4,600","4,370","4,340",,,,,,
LAUA,[z],5030,E09000001,City of London,"3,730","3,720","3,660","3,670","3,830","3,770","3,800","3,780","3,620","3,620","3,480","3,410","3,260","3,160","2,940",,,,,,
LAUA,[z],5360,E09000012,Hackney,"1,860","1,860","1,890","1,920","1,930","1,960","2,020","2,000","1,970","1,990","1,950","1,940","1,950","1,950","1,990",,,,,,
LAUA,[z],5390,E09000013,Hammersmith and Fulham,"2,280","2,380","2,400","2,470","2,470","2,470","2,510","2,630","2,610","2,720","2,670","2,650","2,670","2,680","2,630",,,,,,
LAUA,[z],5420,E09000014,Haringey,"1,290","1,270","1,260","1,310","1,330","1,310","1,370","1,410","1,420","1,410","1,360","1,360","1,340","1,370","1,380",,,,,,
LAUA,[z],5570,E09000019,Islington,"2,730","2,760","2,660","2,710","2,620","2,570","2,580","2,630","2,610","2,620","2,560","2,540","2,440","2,410","2,380",,,,,,
LAUA,[z],5600,E09000020,Kensington and Chelsea,"2,300","2,360","2,380","2,360","2,330","2,330","2,340","2,310","2,250","2,300","2,240","2,240","2,180","2,160","2,150",,,,,,
LAUA,[z],5660,E09000022,Lambeth,"1,960","1,980","1,980","2,000","2,050","2,060","2,090","2,100","2,080","2,090","2,030","2,040","2,030","2,030","2,050",,,,,,
LAUA,[z],5690,E09000023,Lewisham,"1,450","1,440","1,440","1,480","1,530","1,540","1,470","1,480","1,490","1,480","1,450","1,470","1,470","1,420","1,410",,,,,,
LAUA,[z],5750,E09000025,Newham,"1,250","1,320","1,320","1,350","1,390","1,400","1,430","1,440","1,470","1,500","1,470","1,480","1,460","1,440","1,460",,,,,,
LAUA,[z],5840,E09000028,Southwark,"2,180","2,180","2,270","2,270","2,210","2,270","2,280","2,420","2,440","2,530","2,490","2,510","2,540","2,540","2,560",,,,,,
LAUA,[z],5900,E09000030,Tower Hamlets,"4,400","4,430","4,520","4,690","4,940","4,690","4,830","4,940","4,830","4,820","4,730","4,790","4,690","4,690","4,660",,,,,,
LAUA,[z],5960,E09000032,Wandsworth,"2,230","2,190","2,140","2,120","2,120","2,110","2,140","2,230","2,210","2,210","2,170","2,140","2,120","2,140","2,160",,,,,,
LAUA,[z],5990,E09000033,Westminster,"8,990","9,180","9,280","9,210","9,370","9,260","9,130","8,930","8,740","8,570","8,400","8,100","7,910","7,860","7,790",,,,,,
CTYMET,[z],[z],E13000002,Outer London,"26,820","27,070","27,150","28,000","28,560","28,870","29,930","31,050","31,160","31,300","30,360","30,400","30,520","30,710","30,780",,,,,,
LAUA,[z],5060,E09000002,Barking and Dagenham,980,950,920,960,990,980,"1,020","1,020","1,040","1,030",970,940,940,950,960,,,,,,
LAUA,[z],5090,E09000003,Barnet,"1,790","1,780","1,770","1,830","1,950","1,950","2,030","2,130","2,120","2,140","2,070","2,100","2,080","1,960","1,970",,,,,,
LAUA,[z],5120,E09000004,Bexley,"1,340","1,460","1,470","1,480","1,430","1,440","1,580","1,640","1,630","1,630","1,570","1,560","1,570","1,550","1,590",,,,,,
LAUA,[z],5150,E09000005,Brent,"1,290","1,250","1,290","1,360","1,370","1,400","1,450","1,560","1,560","1,590","1,520","1,520","1,540","1,620","1,620",,,,,,
LAUA,[z],5180,E09000006,Bromley,"1,770","1,820","1,820","1,880","1,900","1,990","2,030","2,110","2,170","2,190","2,130","2,120","2,120","2,080","2,080",,,,,,
LAUA,[z],5240,E09000008,Croydon,"1,850","2,010","2,170","2,210","2,220","2,270","2,270","2,340","2,320","2,310","2,270","2,260","2,200","2,220","2,070",,,,,,
LAUA,[z],5270,E09000009,Ealing,"1,780","1,770","1,740","1,780","1,820","1,820","1,980","2,120","2,170","2,180","2,070","2,080","2,090","2,130","2,160",,,,,,
LAUA,[z],5300,E09000010,Enfield,"1,550","1,540","1,530","1,570","1,620","1,600","1,660","1,680","1,660","1,650","1,600","1,630","1,670","1,730","1,730",,,,,,
LAUA,[z],5330,E09000011,Greenwich,"1,320","1,300","1,300","1,320","1,340","1,370","1,390","1,420","1,420","1,450","1,410","1,410","1,400","1,410","1,390",,,,,,
LAUA,[z],5450,E09000015,Harrow,"1,090","1,080","1,100","1,110","1,130","1,150","1,220","1,280","1,280","1,270","1,220","1,230","1,240","1,270","1,300",,,,,,
LAUA,[z],5480,E09000016,Havering,"1,370","1,350","1,330","1,360","1,390","1,390","1,460","1,510","1,510","1,510","1,430","1,440","1,430","1,410","1,430",,,,,,
LAUA,[z],5510,E09000017,Hillingdon,"1,650","1,630","1,570","1,620","1,670","1,720","1,790","1,870","1,890","1,960","1,900","1,900","2,040","2,050","2,060",,,,,,
LAUA,[z],5540,E09000018,Hounslow,"1,270","1,320","1,310","1,450","1,470","1,470","1,550","1,660","1,700","1,770","1,910","1,940","1,980","2,040","2,040",,,,,,
LAUA,[z],5630,E09000021,Kingston upon Thames,"1,090","1,090","1,090","1,100","1,130","1,130","1,140","1,160","1,150","1,140","1,100","1,090","1,090","1,120","1,130",,,,,,
LAUA,[z],5720,E09000024,Merton,"1,360","1,360","1,350","1,380","1,390","1,440","1,470","1,520","1,510","1,510","1,480","1,460","1,440","1,460","1,450",,,,,,
LAUA,[z],5780,E09000026,Redbridge,"1,780","1,790","1,770","1,890","1,880","1,890","1,910","1,930","1,950","1,910","1,760","1,770","1,760","1,760","1,800",,,,,,
LAUA,[z],5810,E09000027,Richmond upon Thames,"1,380","1,430","1,440","1,450","1,460","1,460","1,600","1,650","1,620","1,630","1,600","1,600","1,600","1,600","1,620",,,,,,
LAUA,[z],5870,E09000029,Sutton,860,850,890,890,"1,000","1,020",950,990,990,"1,020",960,950,960,960,960,,,,,,
LAUA,[z],5930,E09000031,Waltham Forest,"1,310","1,300","1,300","1,360","1,400","1,390","1,420","1,470","1,480","1,460","1,390","1,390","1,380","1,400","1,400",,,,,,
REGL,[z],[z],E12000008,South East,"69,850","70,600","71,430","73,250","75,180","76,470","79,970","84,430","85,560","87,180","87,170","88,580","90,050","89,110","89,130",,,,,,
LAUA,[z],0335,E06000036,Bracknell Forest UA,540,540,540,550,570,600,590,660,740,750,740,770,750,740,740,,,,,,
LAUA,[z],1445,E06000043,Brighton and Hove UA,"2,920","2,910","2,890","2,890","3,170","3,250","3,770","4,030","4,070","4,150","4,260","4,300","4,310","4,290","4,270",,,,,,
LAUA,[z],0440,E06000060,Buckinghamshire UA,"3,610","3,620","3,600","3,660","3,800","3,790","3,820","3,870","3,880","3,900","3,850","3,910","3,900","3,900","3,930",[note 5i],,,,,
LAUA,2019,0405,E07000004,Aylesbury Vale,"1,270","1,280","1,270","1,300","1,330","1,340","1,370","1,390","1,400","1,410","1,430","1,440","1,460","1,450","1,460",[note 5i],,,,,
LAUA,2019,0415,E07000005,Chiltern,670,670,670,670,720,710,700,710,710,710,690,700,690,710,710,[note 5i],,,,,
LAUA,2019,0410,E07000006,South Bucks,620,620,620,630,650,650,640,650,660,680,660,660,650,650,650,[note 5i],,,,,
LAUA,2019,0425,E07000007,Wycombe,"1,050","1,050","1,040","1,060","1,100","1,100","1,100","1,120","1,120","1,110","1,080","1,100","1,100","1,100","1,120",[note 5i],,,,,
LAUA,[z],2100,E06000046,Isle of Wight UA,"2,520","2,580","2,640","2,720","2,800","2,930","3,080","3,170","3,200","3,380","3,470","3,630","3,660","3,440","3,400",,,,,,
LAUA,[z],2280,E06000035,Medway UA,"1,520","1,530","1,530","1,540","1,550","1,560","1,540","1,600","1,600","1,720","1,690","1,560","1,570","1,580","1,590",,,,,,
LAUA,[z],0435,E06000042,Milton Keynes UA,"1,350","1,360","1,360","1,410","1,510","1,530","1,600","1,630","1,680","1,800","1,930","1,980","2,040","2,000","2,140",,,,,,
LAUA,[z],1775,E06000044,Portsmouth UA,"1,750","1,780","1,870","1,900","1,930","1,930","1,960","2,040","2,060","2,080","2,040","2,050","2,670","2,230","2,240",,,,,,
LAUA,[z],0345,E06000038,Reading UA,980,980,"1,000","1,010","1,090","1,160","1,290","1,410","1,390","1,460","1,400","1,430","1,520","1,550","1,520",,,,,,
LAUA,[z],0350,E06000039,Slough UA,530,530,530,540,700,760,760,840,840,830,830,850,840,810,800,,,,,,
LAUA,[z],1780,E06000045,Southampton UA,"1,570","1,570","1,640","1,670","1,720","1,800","1,840","1,930","1,970","1,980","1,930","1,960","1,960","1,880","1,880",,,,,,
LAUA,[z],0340,E06000037,West Berkshire UA,"1,160","1,170","1,210","1,250","1,280","1,320","1,350","1,570","1,590","1,630","1,620","1,690","1,700","1,690","1,690",,,,,,
LAUA,[z],0355,E06000040,Windsor and Maidenhead UA,"1,200","1,200","1,200","1,220","1,220","1,230","1,260","1,320","1,330","1,340","1,340","1,340","1,360","1,380","1,390",,,,,,
LAUA,[z],0360,E06000041,Wokingham UA,840,850,850,860,880,900,940,"1,060","1,100","1,130","1,100","1,090","1,100","1,100","1,100",,,,,,
CTYMET,[z],[z],E10000011,East Sussex,"5,040","5,060","5,400","5,480","5,580","5,710","6,030","6,520","6,730","6,870","6,890","6,980","7,000","6,910","6,810",,,,,,
LAUA,[z],1410,E07000061,Eastbourne,820,810,810,820,840,830,940,"1,030","1,040","1,060","1,040","1,030","1,020",990,990,,,,,,
LAUA,[z],1415,E07000062,Hastings,720,730,"1,030","1,030","1,060","1,100","1,120","1,150","1,200","1,210","1,210","1,240","1,230","1,200","1,200",,,,,,
LAUA,[z],1425,E07000063,Lewes,800,800,800,820,830,840,910,990,"1,000","1,010","1,000","1,010","1,010","1,000",980,,,,,,
LAUA,[z],1430,E07000064,Rother,"1,280","1,300","1,320","1,350","1,360","1,390","1,420","1,620","1,720","1,750","1,800","1,830","1,860","1,830","1,770",,,,,,
LAUA,[z],1435,E07000065,Wealden,"1,420","1,420","1,440","1,460","1,490","1,550","1,630","1,720","1,780","1,840","1,840","1,880","1,890","1,890","1,870",,,,,,
CTYMET,[z],[z],E10000014,Hampshire,"10,470","10,760","10,880","11,190","11,200","11,270","11,740","12,100","12,200","12,320","12,160","12,340","12,430","12,360","12,250",,,,,,
LAUA,[z],1705,E07000084,Basingstoke and Deane,960,"1,000","1,030","1,080","1,080","1,090","1,270","1,330","1,300","1,320","1,300","1,300","1,320","1,310","1,290",,,,,,
LAUA,[z],1710,E07000085,East Hampshire,820,830,840,880,910,910,930,"1,000","1,010",990,970,980,990,980,980,,,,,,
LAUA,[z],1715,E07000086,Eastleigh,690,720,710,740,740,750,780,820,820,820,790,800,790,790,790,,,,,,
LAUA,[z],1720,E07000087,Fareham,870,870,870,900,870,870,890,910,900,910,880,880,880,880,850,,,,,,
LAUA,[z],1725,E07000088,Gosport,490,490,490,500,500,500,510,500,500,510,500,500,500,490,490,,,,,,
LAUA,[z],1730,E07000089,Hart,530,620,620,630,640,640,640,650,660,650,630,640,640,650,650,,,,,,
LAUA,[z],1735,E07000090,Havant,"1,090","1,090","1,100","1,110","1,110","1,120","1,120","1,120","1,120","1,130","1,110","1,130","1,130","1,120","1,120",,,,,,
LAUA,[z],1740,E07000091,New Forest,"2,560","2,610","2,650","2,690","2,630","2,660","2,720","2,790","2,830","2,850","2,880","2,940","2,990","2,920","2,890",,,,,,
LAUA,[z],1750,E07000092,Rushmoor,490,510,510,530,530,540,570,580,600,610,580,580,600,590,580,,,,,,
LAUA,[z],1760,E07000093,Test Valley,850,880,890,930,950,950,"1,010","1,040","1,050","1,070","1,070","1,090","1,100","1,100","1,110",,,,,,
LAUA,[z],1765,E07000094,Winchester,"1,120","1,150","1,170","1,210","1,230","1,250","1,310","1,370","1,410","1,460","1,450","1,510","1,520","1,520","1,510",,,,,,
CTYMET,[z],[z],E10000016,Kent,"13,500","13,610","13,680","14,130","14,390","14,690","15,270","16,240","16,460","16,790","16,620","17,020","17,260","17,190","17,170",,,,,,
LAUA,[z],2205,E07000105,Ashford,"1,060","1,070","1,100","1,130","1,160","1,200","1,280","1,420","1,430","1,530","1,530","1,590","1,630","1,610","1,600",,,,,,
LAUA,[z],2210,E07000106,Canterbury,"2,070","2,100","2,120","2,280","2,310","2,350","2,390","2,470","2,530","2,600","2,620","2,680","2,720","2,720","2,720",,,,,,
LAUA,[z],2215,E07000107,Dartford,690,680,700,720,750,760,910,940,960,960,910,920,920,930,940,,,,,,
LAUA,[z],2220,E07000108,Dover,"1,200","1,210","1,230","1,270","1,320","1,370","1,390","1,430","1,450","1,470","1,510","1,550","1,580","1,520","1,510",,,,,,
LAUA,[z],2250,E07000112,Folkestone and Hythe,"1,150","1,190","1,170","1,190","1,200","1,210","1,260","1,280","1,300","1,330","1,280","1,380","1,430","1,420","1,410",,,,,,
LAUA,[z],2230,E07000109,Gravesham,660,650,650,660,660,670,690,710,700,700,670,670,660,650,650,,,,,,
LAUA,[z],2235,E07000110,Maidstone,"1,170","1,170","1,180","1,220","1,240","1,260","1,370","1,470","1,500","1,550","1,510","1,500","1,510","1,520","1,530",,,,,,
LAUA,[z],2245,E07000111,Sevenoaks,"1,000",980,980,990,"1,000","1,010","1,050","1,100","1,100","1,130","1,100","1,110","1,110","1,120","1,130",,,,,,
LAUA,[z],2255,E07000113,Swale,"1,080","1,150","1,160","1,230","1,260","1,310","1,360","1,450","1,460","1,470","1,420","1,430","1,440","1,440","1,440",,,,,,
LAUA,[z],2260,E07000114,Thanet,"1,490","1,490","1,480","1,500","1,520","1,550","1,560","1,820","1,850","1,870","1,890","1,980","2,030","1,990","1,990",,,,,,
LAUA,[z],2265,E07000115,Tonbridge and Malling,930,930,930,950,970,980,"1,000","1,060","1,060","1,070","1,060","1,060","1,050","1,070","1,070",,,,,,
LAUA,[z],2270,E07000116,Tunbridge Wells,"1,020",980,980,990,"1,010","1,030","1,030","1,100","1,110","1,110","1,120","1,170","1,180","1,200","1,170",,,,,,
CTYMET,[z],[z],E10000025,Oxfordshire,"5,060","5,060","5,100","5,340","5,520","5,600","5,630","5,920","6,060","6,190","6,230","6,450","6,490","6,500","6,580",,,,,,
LAUA,[z],3105,E07000177,Cherwell,"1,020","1,020","1,020","1,090","1,150","1,180","1,190","1,250","1,270","1,270","1,260","1,280","1,280","1,270","1,280",,,,,,
LAUA,[z],3110,E07000178,Oxford,"1,090","1,110","1,100","1,150","1,210","1,210","1,220","1,330","1,440","1,490","1,490","1,580","1,580","1,570","1,610",,,,,,
LAUA,[z],3115,E07000179,South Oxfordshire,"1,060","1,050","1,060","1,120","1,150","1,160","1,160","1,200","1,210","1,220","1,210","1,230","1,250","1,270","1,310",,,,,,
LAUA,[z],3120,E07000180,Vale of White Horse,900,890,930,960,970,"1,000","1,020","1,040","1,030","1,040","1,060","1,090","1,090","1,110","1,130",,,,,,
LAUA,[z],3125,E07000181,West Oxfordshire,990,"1,000","1,000","1,020","1,040","1,050","1,040","1,100","1,120","1,170","1,210","1,270","1,290","1,270","1,250",,,,,,
CTYMET,[z],[z],E10000030,Surrey,"8,140","8,190","8,220","8,450","8,560","8,600","9,020","9,660","9,700","9,800","9,920","9,920","9,970","10,110","10,180",,,,,,
LAUA,[z],3605,E07000207,Elmbridge,870,870,900,910,920,920,990,"1,100","1,100","1,100","1,070","1,080","1,080","1,120","1,130",,,,,,
LAUA,[z],3610,E07000208,Epsom and Ewell,430,430,430,490,490,480,550,580,580,580,560,550,560,560,580,,,,,,
LAUA,[z],3615,E07000209,Guildford,"1,210","1,220","1,220","1,240","1,250","1,250","1,280","1,370","1,380","1,400","1,380","1,390","1,400","1,410","1,420",,,,,,
LAUA,[z],3620,E07000210,Mole Valley,730,750,750,760,760,760,790,890,900,900,890,880,870,870,870,,,,,,
LAUA,[z],3625,E07000211,Reigate and Banstead,870,870,860,870,870,860,900,980,990,980,960,960,980,"1,000","1,020",,,,,,
LAUA,[z],3630,E07000212,Runnymede,600,590,590,600,620,630,680,710,730,760,810,810,820,830,830,,,,,,
LAUA,[z],3635,E07000213,Spelthorne,610,620,620,630,620,630,630,650,650,660,640,620,620,630,640,,,,,,
LAUA,[z],3640,E07000214,Surrey Heath,550,570,580,580,640,650,680,690,700,700,880,880,900,890,890,,,,,,
LAUA,[z],3645,E07000215,Tandridge,780,810,790,800,800,810,840,850,840,840,820,810,800,800,810,,,,,,
LAUA,[z],3650,E07000216,Waverley,920,920,920,960,970,970,"1,010","1,130","1,120","1,170","1,150","1,160","1,170","1,180","1,190",,,,,,
LAUA,[z],3655,E07000217,Woking,560,560,570,620,620,630,670,730,730,720,770,770,770,820,820,,,,,,
CTYMET,[z],[z],E10000032,West Sussex,"7,150","7,320","7,310","7,460","7,730","7,830","8,490","8,870","8,970","9,090","9,160","9,320","9,550","9,450","9,490",,,,,,
LAUA,[z],3805,E07000223,Adur,800,800,790,790,820,840,890,900,900,900,880,880,880,880,880,,,,,,
LAUA,[z],3810,E07000224,Arun,"1,170","1,220","1,230","1,240","1,350","1,380","1,660","1,650","1,670","1,680","1,660","1,690","1,720","1,710","1,730",,,,,,
LAUA,[z],3815,E07000225,Chichester,"1,580","1,590","1,590","1,630","1,670","1,690","1,730","1,780","1,800","1,830","1,850","1,900","1,950","1,910","1,900",,,,,,
LAUA,[z],3820,E07000226,Crawley,680,710,700,740,760,760,850,"1,000","1,030","1,050","1,120","1,140","1,130","1,130","1,140",,,,,,
LAUA,[z],3825,E07000227,Horsham,"1,050","1,100","1,100","1,130","1,150","1,170","1,220","1,330","1,330","1,360","1,380","1,390","1,390","1,360","1,360",,,,,,
LAUA,[z],3830,E07000228,Mid Sussex,"1,010","1,050","1,040","1,050","1,080","1,100","1,160","1,220","1,250","1,290","1,320","1,370","1,380","1,380","1,390",,,,,,
LAUA,[z],3835,E07000229,Worthing,860,860,860,880,890,900,980,"1,000",980,980,950,950,"1,090","1,080","1,090",,,,,,
REGL,[z],[z],E12000009,South West,"65,780","66,880","67,590","69,260","70,910","71,830","74,710","77,970","80,100","82,560","84,960","87,740","89,730","87,540","86,100",,,,,,
LAUA,[z],0114,E06000022,Bath and North East Somerset UA,"1,480","1,480","1,490","1,540","1,570","1,620","1,720","1,870","1,930","1,980","1,990","2,040","2,070","2,030","2,020",,,,,,
LAUA,[z],1260,E06000058,"Bournemouth, Christchurch and Poole UA","5,880","5,980","6,000","6,020","6,120","6,150","6,430","6,620","6,740","6,820","6,830","6,970","7,060","6,960","6,910",[note 5j],,,,,
LAUA,2019,1250,E06000028,Bournemouth UA,"3,200","3,280","3,300","3,290","3,330","3,350","3,490","3,570","3,610","3,640","3,640","3,710","3,760","3,720","3,670",[note 5j],,,,,
LAUA,2019,1210,E07000048,Christchurch,540,550,550,570,580,590,610,610,620,630,630,650,650,640,630,[note 5j],,,,,
LAUA,2019,1255,E06000029,Poole UA,"2,140","2,160","2,150","2,170","2,210","2,210","2,330","2,440","2,520","2,550","2,560","2,620","2,650","2,600","2,610",[note 5j],,,,,
LAUA,[z],0116,E06000023,"Bristol, City of UA","3,250","3,310","3,350","3,360","3,400","3,440","3,580","3,690","3,750","3,870","3,830","3,990","4,040","3,960","3,950",,,,,,
LAUA,[z],0840,E06000052,Cornwall UA,"12,780","12,980","13,240","13,650","14,030","14,320","14,970","15,800","16,500","17,160","18,590","19,540","20,230","19,320","18,840",,,,,,
LAUA,[z],1265,E06000059,Dorset UA,"5,510","5,670","5,780","5,960","6,130","6,240","6,440","6,670","6,870","7,010","7,200","7,420","7,550","7,470","7,500",[note 5k],,,,,
LAUA,2019,1240,E07000049,East Dorset,630,660,650,680,690,700,730,730,750,760,750,760,760,760,820,[note 5k],,,,,
LAUA,2019,1215,E07000050,North Dorset,640,680,680,710,730,750,750,780,810,820,820,840,850,860,860,[note 5k],,,,,
LAUA,2019,1225,E07000051,Purbeck,"1,120","1,150","1,190","1,230","1,280","1,310","1,310","1,350","1,380","1,420","1,470","1,510","1,530","1,510","1,500",[note 5k],,,,,
LAUA,2019,1230,E07000052,West Dorset,"1,840","1,880","1,900","1,950","2,010","2,040","2,170","2,280","2,370","2,430","2,540","2,630","2,660","2,630","2,590",[note 5k],,,,,
LAUA,2019,1235,E07000053,Weymouth and Portland,"1,280","1,320","1,360","1,390","1,420","1,450","1,480","1,530","1,560","1,580","1,620","1,680","1,750","1,720","1,730",[note 5k],,,,,
LAUA,[z],0835,E06000053,Isles of Scilly UA,280,280,290,290,300,300,310,310,330,340,360,370,390,380,380,,,,,,
LAUA,[z],0121,E06000024,North Somerset UA,"1,540","1,540","1,550","1,590","1,610","1,660","1,800","1,920","1,970","1,960","1,950","1,980","1,990","1,960","1,960",,,,,,
LAUA,[z],1160,E06000026,Plymouth UA,"1,980","2,030","2,020","2,040","2,060","2,070","2,220","2,360","2,390","2,420","2,390","2,400","2,420","2,390","2,290",,,,,,
LAUA,[z],3335,E06000066,Somerset UA,"6,130","6,160","6,240","6,400","6,570","6,570","6,800","7,140","7,250","7,370","7,400","7,480","7,570","7,460","7,380",[note 5l],,,,,
LAUA,2023,3305,E07000187,Mendip,"1,160","1,150","1,160","1,190","1,220","1,230","1,270","1,310","1,330","1,350","1,370","1,380","1,390","1,390","1,370",[note 5l],,,,,
LAUA,2023,3310,E07000188,Sedgemoor,"1,310","1,330","1,300","1,340","1,400","1,380","1,400","1,490","1,520","1,530","1,500","1,520","1,540","1,530","1,520",[note 5l],,,,,
LAUA,2023,3330,E07000246,Somerset West and Taunton,"1,990","2,000","2,050","2,100","2,160","2,150","2,260","2,410","2,430","2,500","2,510","2,550","2,580","2,510","2,460",,,,,,
LAUA,2023,3325,E07000189,South Somerset,"1,680","1,690","1,730","1,770","1,810","1,810","1,870","1,930","1,970","2,000","2,020","2,040","2,060","2,040","2,030",[note 5l],,,,,
LAUA,[z],0119,E06000025,South Gloucestershire UA,"1,440","1,450","1,460","1,550","1,580","1,660","1,760","1,990","2,050","2,130","2,080","2,100","2,130","2,130","2,190",,,,,,
LAUA,[z],3935,E06000030,Swindon UA,"1,260","1,250","1,240","1,260","1,320","1,350","1,390","1,430","1,420","1,410","1,380","1,390","1,410","1,420","1,400",,,,,,
LAUA,[z],1165,E06000027,Torbay UA,"1,770","1,780","1,790","1,800","1,810","1,830","2,000","2,130","2,200","2,240","2,300","2,370","2,430","2,330","2,300",,,,,,
LAUA,[z],3940,E06000054,Wiltshire UA,"3,810","3,840","3,850","4,000","4,110","4,120","4,230","4,320","4,380","4,430","4,460","4,530","4,600","4,610","4,570",,,,,,
CTYMET,[z],[z],E10000008,Devon,"13,190","13,570","13,720","14,040","14,450","14,600","15,050","15,600","16,080","16,990","17,600","18,310","18,880","18,200","17,620",,,,,,
LAUA,[z],1105,E07000040,East Devon,"2,250","2,310","2,340","2,380","2,420","2,410","2,480","2,530","2,630","3,020","3,190","3,340","3,470","3,410","3,290",,,,,,
LAUA,[z],1110,E07000041,Exeter,"1,300","1,310","1,290","1,270","1,270","1,300","1,370","1,450","1,470","1,480","1,460","1,480","1,500","1,500","1,500",,,,,,
LAUA,[z],1135,E07000042,Mid Devon,900,960,960,980,"1,000","1,030","1,060","1,130","1,160","1,270","1,330","1,370","1,420","1,410","1,410",,,,,,
LAUA,[z],1115,E07000043,North Devon,"2,250","2,310","2,360","2,390","2,490","2,540","2,610","2,770","2,930","3,080","3,200","3,450","3,590","3,430","3,240",,,,,,
LAUA,[z],1125,E07000044,South Hams,"2,320","2,380","2,410","2,490","2,530","2,550","2,640","2,680","2,770","2,890","3,030","3,140","3,290","3,100","2,990",,,,,,
LAUA,[z],1130,E07000045,Teignbridge,"1,730","1,770","1,770","1,790","1,830","1,830","1,870","1,950","1,960","2,020","2,020","2,070","2,100","2,040","1,990",,,,,,
LAUA,[z],1145,E07000046,Torridge,"1,550","1,640","1,720","1,840","1,990","2,030","2,100","2,150","2,220","2,270","2,360","2,420","2,450","2,260","2,160",,,,,,
LAUA,[z],1150,E07000047,West Devon,890,890,880,890,920,910,920,930,930,960,"1,000","1,040","1,060","1,050","1,040",,,,,,
CTYMET,[z],[z],E10000013,Gloucestershire,"5,490","5,540","5,570","5,770","5,850","5,910","6,030","6,140","6,260","6,460","6,610","6,830","6,950","6,920","6,800",,,,,,
LAUA,[z],1605,E07000078,Cheltenham,720,730,730,770,770,780,800,800,830,860,880,900,920,900,890,,,,,,
LAUA,[z],1610,E07000079,Cotswold,"1,450","1,470","1,490","1,530","1,550","1,560","1,630","1,700","1,770","1,860","1,940","2,040","2,090","2,090","2,000",,,,,,
LAUA,[z],1615,E07000080,Forest of Dean,940,930,940,960,960,970,990,"1,010","1,010","1,050","1,080","1,100","1,120","1,100","1,060",,,,,,
LAUA,[z],1620,E07000081,Gloucester,880,900,880,900,920,920,920,910,910,910,890,900,890,900,910,,,,,,
LAUA,[z],1625,E07000082,Stroud,850,860,860,910,940,950,960,980,990,"1,020","1,060","1,110","1,130","1,130","1,140",,,,,,
LAUA,[z],1630,E07000083,Tewkesbury,660,670,670,710,710,730,730,740,760,770,770,780,810,810,800,,,,,,
NATL,[z],[z],W92000004,Wales,"34,090","34,260","34,300","34,900","35,670","35,910","36,950","38,920","40,010","41,140","42,600","43,400","44,240","43,530","42,250",,,,,,
LAUA,[z],6805,W06000001,Isle of Anglesey / Ynys Môn,"1,200","1,200","1,220","1,250","1,300","1,320","1,430","1,540","1,680","1,790","2,000","2,100","2,210","2,160","2,040",,,,,,
LAUA,[z],6810,W06000002,Gwynedd / Gwynedd,"3,140","3,150","3,220","3,290","3,430","3,520","3,690","4,020","4,370","4,710","5,090","5,410","5,610","5,380","4,920",,,,,,
LAUA,[z],6905,W06000003,Conwy / Conwy,"1,910","1,910","1,940","1,990","2,050","2,060","2,140","2,230","2,290","2,390","2,500","2,580","2,630","2,600","2,540",,,,,,
LAUA,[z],6830,W06000004,Denbighshire / Sir Ddinbych,"1,260","1,280","1,270","1,290","1,310","1,320","1,320","1,370","1,410","1,460","1,510","1,520","1,540","1,540","1,540",,,,,,
LAUA,[z],6835,W06000005,Flintshire / Sir y Fflint,"1,220","1,260","1,250","1,280","1,290","1,300","1,310","1,350","1,380","1,410","1,390","1,400","1,410","1,400","1,390",,,,,,
LAUA,[z],6955,W06000006,Wrexham / Wrecsam,"1,070","1,080","1,070","1,100","1,120","1,120","1,120","1,080","1,110","1,130","1,120","1,110","1,110","1,080","1,050",,,,,,
LAUA,[z],6820,W06000008,Ceredigion / Ceredigion,"1,520","1,510","1,500","1,500","1,530","1,560","1,630","1,720","1,780","1,830","2,000","2,020","2,060","2,020","1,880",,,,,,
LAUA,[z],6845,W06000009,Pembrokeshire / Sir Benfro,"3,170","3,150","3,130","3,060","3,110","3,150","3,380","3,800","3,980","4,130","4,400","4,570","4,730","4,560","4,270",,,,,,
LAUA,[z],6825,W06000010,Carmarthenshire / Sir Gaerfyrddin,"2,640","2,640","2,600","2,530","2,580","2,560","2,600","2,700","2,740","2,750","2,820","2,840","2,840","2,780","2,680",,,,,,
LAUA,[z],6855,W06000011,Swansea / Abertawe,"2,130","2,170","2,160","2,200","2,220","2,230","2,280","2,400","2,390","2,420","2,500","2,580","2,630","2,600","2,560",,,,,,
LAUA,[z],6930,W06000012,Neath Port Talbot / Castell-nedd Port Talbot,"1,130","1,130","1,120","1,130","1,150","1,170","1,200","1,240","1,260","1,290","1,300","1,300","1,320","1,340","1,320",,,,,,
LAUA,[z],6915,W06000013,Bridgend / Pen-y-bont ar Ogwr,"1,020","1,030","1,020","1,070","1,100","1,110","1,100","1,130","1,120","1,150","1,120","1,130","1,130","1,120","1,130",,,,,,
LAUA,[z],6950,W06000014,Vale of Glamorgan / Bro Morgannwg,920,910,910,960,"1,000","1,020","1,040","1,090","1,090","1,090","1,080","1,090","1,100","1,110","1,100",,,,,,
LAUA,[z],6815,W06000015,Cardiff / Caerdydd,"2,770","2,810","2,800","2,920","2,960","2,970","3,030","3,300","3,420","3,500","3,550","3,570","3,620","3,640","3,680",,,,,,
LAUA,[z],6940,W06000016,Rhondda Cynon Taf / Rhondda Cynon Taf,"1,690","1,680","1,660","1,750","1,790","1,780","1,880","1,910","1,920","1,950","1,920","1,930","1,940","1,930","1,940",,,,,,
LAUA,[z],6920,W06000018,Caerphilly / Caerffili,"1,150","1,170","1,180","1,230","1,260","1,260","1,260","1,290","1,280","1,270","1,250","1,250","1,250","1,240","1,240",,,,,,
LAUA,[z],6910,W06000019,Blaenau Gwent / Blaenau Gwent,470,460,470,480,480,480,480,500,490,490,510,510,510,520,510,,,,,,
LAUA,[z],6945,W06000020,Torfaen / Tor-faen,570,610,630,640,630,650,640,640,650,650,630,640,630,630,630,,,,,,
LAUA,[z],6840,W06000021,Monmouthshire / Sir Fynwy,940,950,950,960,980,970,980,"1,010","1,020","1,040","1,050","1,050","1,060","1,060","1,060",,,,,,
LAUA,[z],6935,W06000022,Newport / Casnewydd,"1,100","1,110","1,120","1,170","1,190","1,190","1,190","1,200","1,190","1,180","1,170","1,090","1,140","1,120","1,150",,,,,,
LAUA,[z],6850,W06000023,Powys / Powys,"2,620","2,600","2,600","2,630","2,710","2,700","2,770","2,890","2,960","3,020","3,170","3,220","3,250","3,220","3,130",,,,,,
LAUA,[z],6925,W06000024,Merthyr Tydfil / Merthyr Tudful,470,470,480,490,480,480,490,500,500,500,500,500,520,510,520,,,,,,
,,,,,,,,,,,,,,,,,,,,,,,,,
,,,,,,,,,,,,,,,,,,,,,,,,,
,,,,,,,,,,,,,,,,,,,,,,,,,
